point_type,entity_id,scenario_id,replication_id,latitude,longitude
incident,NO_R001_I001,normal,R001,10.810727,106.656619
incident,NO_R001_I002,normal,R001,10.752264,106.69158
incident,NO_R001_I003,normal,R001,10.847279,106.650001
incident,NO_R001_I004,normal,R001,10.725125,106.641981
incident,NO_R001_I005,normal,R001,10.766829,106.745371
incident,NO_R001_I006,normal,R001,10.757231,106.677169
incident,NO_R001_I007,normal,R001,10.799196,106.67048
incident,NO_R001_I008,normal,R001,10.813645,106.673351
incident,NO_R001_I009,normal,R001,10.766614,106.640305
incident,NO_R001_I010,normal,R001,10.785712,106.645975
incident,NO_R001_I011,normal,R001,10.769751,106.714775
incident,NO_R001_I012,normal,R001,10.740411,106.692242
incident,NO_R001_I013,normal,R001,10.79669,106.73175
incident,NO_R001_I014,normal,R001,10.784599,106.685434
incident,NO_R001_I015,normal,R001,10.729417,106.653779
incident,NO_R001_I016,normal,R001,10.783149,106.698751
incident,NO_R001_I017,normal,R001,10.798879,106.630266
incident,NO_R001_I018,normal,R001,10.806708,106.763191
incident,NO_R001_I019,normal,R001,10.769516,106.652223
incident,NO_R001_I020,normal,R001,10.775862,106.713674
incident,NO_R001_I021,normal,R001,10.766843,106.695779
incident,NO_R001_I022,normal,R001,10.779203,106.744258
incident,NO_R001_I023,normal,R001,10.745841,106.723962
incident,NO_R001_I024,normal,R001,10.770567,106.709316
incident,NO_R001_I025,normal,R001,10.771915,106.717301
incident,NO_R001_I026,normal,R001,10.822045,106.7094
incident,NO_R001_I027,normal,R001,10.746267,106.718929
incident,NO_R001_I028,normal,R001,10.772193,106.655461
incident,NO_R001_I029,normal,R001,10.805577,106.651947
incident,NO_R001_I030,normal,R001,10.777915,106.650557
incident,NO_R001_I031,normal,R001,10.7469,106.612657
incident,NO_R001_I032,normal,R001,10.796755,106.630158
incident,NO_R001_I033,normal,R001,10.776163,106.694114
incident,NO_R001_I034,normal,R001,10.77043,106.68019
incident,NO_R001_I035,normal,R001,10.78035,106.696293
incident,NO_R001_I036,normal,R001,10.765896,106.687902
incident,NO_R001_I037,normal,R001,10.767218,106.68747
incident,NO_R001_I038,normal,R001,10.77457,106.640482
incident,NO_R001_I039,normal,R001,10.754075,106.668961
incident,NO_R001_I040,normal,R001,10.757984,106.683738
incident,NO_R001_I041,normal,R001,10.765489,106.694139
incident,NO_R001_I042,normal,R001,10.787239,106.722801
incident,NO_R001_I043,normal,R001,10.733241,106.662859
incident,NO_R001_I044,normal,R001,10.776221,106.694255
incident,NO_R001_I045,normal,R001,10.753766,106.686551
incident,NO_R001_I046,normal,R001,10.737715,106.687541
incident,NO_R001_I047,normal,R001,10.762285,106.652836
incident,NO_R001_I048,normal,R001,10.780843,106.758704
incident,NO_R001_I049,normal,R001,10.775543,106.689245
incident,NO_R001_I050,normal,R001,10.823892,106.655722
incident,NO_R001_I051,normal,R001,10.765224,106.632346
incident,NO_R001_I052,normal,R001,10.765594,106.660567
incident,NO_R001_I053,normal,R001,10.752238,106.683759
incident,NO_R001_I054,normal,R001,10.744293,106.692381
incident,NO_R001_I055,normal,R001,10.747099,106.685891
incident,NO_R001_I056,normal,R001,10.764301,106.720897
incident,NO_R001_I057,normal,R001,10.742042,106.647692
incident,NO_R001_I058,normal,R001,10.736503,106.668845
incident,NO_R001_I059,normal,R001,10.745524,106.661396
incident,NO_R001_I060,normal,R001,10.762951,106.665365
incident,NO_R001_I061,normal,R001,10.759356,106.711679
incident,NO_R001_I062,normal,R001,10.759681,106.699668
incident,NO_R001_I063,normal,R001,10.751116,106.73888
incident,NO_R001_I064,normal,R001,10.731593,106.676142
incident,NO_R001_I065,normal,R001,10.745595,106.642015
incident,NO_R001_I066,normal,R001,10.811817,106.728186
incident,NO_R001_I067,normal,R001,10.796245,106.667728
incident,NO_R001_I068,normal,R001,10.756353,106.637847
incident,NO_R001_I069,normal,R001,10.764426,106.704295
incident,NO_R001_I070,normal,R001,10.756156,106.667001
incident,NO_R001_I071,normal,R001,10.746456,106.601406
incident,NO_R001_I072,normal,R001,10.720972,106.677537
incident,NO_R001_I073,normal,R001,10.759584,106.668092
incident,NO_R001_I074,normal,R001,10.797854,106.680758
incident,NO_R001_I075,normal,R001,10.792944,106.669334
incident,NO_R001_I076,normal,R001,10.733348,106.726309
incident,NO_R001_I077,normal,R001,10.747553,106.736079
incident,NO_R001_I078,normal,R001,10.798447,106.637891
incident,NO_R001_I079,normal,R001,10.787519,106.671715
incident,NO_R001_I080,normal,R001,10.765701,106.695973
incident,NO_R001_I081,normal,R001,10.801943,106.75505
incident,NO_R001_I082,normal,R001,10.787166,106.6571
incident,NO_R001_I083,normal,R001,10.801738,106.702056
incident,NO_R001_I084,normal,R001,10.742312,106.675582
incident,NO_R001_I085,normal,R001,10.764635,106.736405
incident,NO_R001_I086,normal,R001,10.756709,106.667042
incident,NO_R001_I087,normal,R001,10.807314,106.692193
incident,NO_R001_I088,normal,R001,10.720394,106.68292
incident,NO_R001_I089,normal,R001,10.721597,106.706103
incident,NO_R001_I090,normal,R001,10.780068,106.65221
incident,NO_R001_I091,normal,R001,10.851307,106.717473
incident,NO_R001_I092,normal,R001,10.765934,106.710944
incident,NO_R001_I093,normal,R001,10.692567,106.652618
incident,NO_R001_I094,normal,R001,10.794297,106.683536
incident,NO_R001_I095,normal,R001,10.766541,106.723062
incident,NO_R001_I096,normal,R001,10.779493,106.682165
incident,NO_R001_I097,normal,R001,10.748665,106.656606
incident,NO_R001_I098,normal,R001,10.834839,106.675121
incident,NO_R001_I099,normal,R001,10.815465,106.670222
incident,NO_R001_I100,normal,R001,10.746469,106.767726
incident,NO_R002_I001,normal,R002,10.791066,106.657681
incident,NO_R002_I002,normal,R002,10.762653,106.676933
incident,NO_R002_I003,normal,R002,10.725685,106.623943
incident,NO_R002_I004,normal,R002,10.767887,106.641415
incident,NO_R002_I005,normal,R002,10.716297,106.681813
incident,NO_R002_I006,normal,R002,10.778395,106.669661
incident,NO_R002_I007,normal,R002,10.778599,106.620652
incident,NO_R002_I008,normal,R002,10.757356,106.63469
incident,NO_R002_I009,normal,R002,10.779126,106.732085
incident,NO_R002_I010,normal,R002,10.768735,106.69075
incident,NO_R002_I011,normal,R002,10.7703,106.660805
incident,NO_R002_I012,normal,R002,10.748449,106.679889
incident,NO_R002_I013,normal,R002,10.745829,106.67864
incident,NO_R002_I014,normal,R002,10.763202,106.667552
incident,NO_R002_I015,normal,R002,10.771847,106.663029
incident,NO_R002_I016,normal,R002,10.78202,106.636832
incident,NO_R002_I017,normal,R002,10.7831,106.681255
incident,NO_R002_I018,normal,R002,10.752322,106.677541
incident,NO_R002_I019,normal,R002,10.769522,106.604499
incident,NO_R002_I020,normal,R002,10.784331,106.753169
incident,NO_R002_I021,normal,R002,10.777725,106.705744
incident,NO_R002_I022,normal,R002,10.767044,106.643186
incident,NO_R002_I023,normal,R002,10.77923,106.687931
incident,NO_R002_I024,normal,R002,10.721038,106.683823
incident,NO_R002_I025,normal,R002,10.736752,106.716865
incident,NO_R002_I026,normal,R002,10.760164,106.664451
incident,NO_R002_I027,normal,R002,10.748756,106.659463
incident,NO_R002_I028,normal,R002,10.791358,106.731128
incident,NO_R002_I029,normal,R002,10.728312,106.647014
incident,NO_R002_I030,normal,R002,10.75303,106.696538
incident,NO_R002_I031,normal,R002,10.786226,106.657097
incident,NO_R002_I032,normal,R002,10.762514,106.681476
incident,NO_R002_I033,normal,R002,10.771647,106.694158
incident,NO_R002_I034,normal,R002,10.733774,106.620924
incident,NO_R002_I035,normal,R002,10.781669,106.668068
incident,NO_R002_I036,normal,R002,10.784408,106.698645
incident,NO_R002_I037,normal,R002,10.747093,106.709659
incident,NO_R002_I038,normal,R002,10.719689,106.718223
incident,NO_R002_I039,normal,R002,10.739783,106.734178
incident,NO_R002_I040,normal,R002,10.802078,106.6658
incident,NO_R002_I041,normal,R002,10.751311,106.693121
incident,NO_R002_I042,normal,R002,10.748246,106.710613
incident,NO_R002_I043,normal,R002,10.771397,106.741503
incident,NO_R002_I044,normal,R002,10.763655,106.703738
incident,NO_R002_I045,normal,R002,10.744886,106.704548
incident,NO_R002_I046,normal,R002,10.773247,106.761539
incident,NO_R002_I047,normal,R002,10.754959,106.737409
incident,NO_R002_I048,normal,R002,10.823953,106.704744
incident,NO_R002_I049,normal,R002,10.749754,106.637174
incident,NO_R002_I050,normal,R002,10.71853,106.689876
incident,NO_R002_I051,normal,R002,10.768778,106.6633
incident,NO_R002_I052,normal,R002,10.768785,106.736939
incident,NO_R002_I053,normal,R002,10.776828,106.691699
incident,NO_R002_I054,normal,R002,10.766903,106.667343
incident,NO_R002_I055,normal,R002,10.755336,106.646025
incident,NO_R002_I056,normal,R002,10.789932,106.685251
incident,NO_R002_I057,normal,R002,10.756963,106.691546
incident,NO_R002_I058,normal,R002,10.72735,106.733801
incident,NO_R002_I059,normal,R002,10.818234,106.671235
incident,NO_R002_I060,normal,R002,10.76662,106.693699
incident,NO_R002_I061,normal,R002,10.72886,106.710633
incident,NO_R002_I062,normal,R002,10.781991,106.676811
incident,NO_R002_I063,normal,R002,10.774006,106.666208
incident,NO_R002_I064,normal,R002,10.78238,106.727667
incident,NO_R002_I065,normal,R002,10.78622,106.662221
incident,NO_R002_I066,normal,R002,10.770648,106.621148
incident,NO_R002_I067,normal,R002,10.778016,106.65309
incident,NO_R002_I068,normal,R002,10.733859,106.658961
incident,NO_R002_I069,normal,R002,10.759781,106.674946
incident,NO_R002_I070,normal,R002,10.725072,106.711063
incident,NO_R002_I071,normal,R002,10.757438,106.695675
incident,NO_R002_I072,normal,R002,10.812059,106.702452
incident,NO_R002_I073,normal,R002,10.757343,106.654272
incident,NO_R002_I074,normal,R002,10.776376,106.61149
incident,NO_R002_I075,normal,R002,10.762158,106.660764
incident,NO_R002_I076,normal,R002,10.746666,106.633488
incident,NO_R002_I077,normal,R002,10.761238,106.769361
incident,NO_R002_I078,normal,R002,10.773294,106.696759
incident,NO_R002_I079,normal,R002,10.733167,106.70457
incident,NO_R002_I080,normal,R002,10.707517,106.682075
incident,NO_R002_I081,normal,R002,10.795447,106.621988
incident,NO_R002_I082,normal,R002,10.770992,106.693768
incident,NO_R002_I083,normal,R002,10.792176,106.716002
incident,NO_R002_I084,normal,R002,10.774385,106.65059
incident,NO_R002_I085,normal,R002,10.802331,106.690877
incident,NO_R002_I086,normal,R002,10.811004,106.659021
incident,NO_R002_I087,normal,R002,10.772286,106.710803
incident,NO_R002_I088,normal,R002,10.755758,106.657466
incident,NO_R002_I089,normal,R002,10.792506,106.639848
incident,NO_R002_I090,normal,R002,10.754451,106.697858
incident,NO_R002_I091,normal,R002,10.764747,106.703073
incident,NO_R002_I092,normal,R002,10.75392,106.697573
incident,NO_R002_I093,normal,R002,10.775374,106.640147
incident,NO_R002_I094,normal,R002,10.742172,106.729641
incident,NO_R002_I095,normal,R002,10.789225,106.670211
incident,NO_R002_I096,normal,R002,10.765233,106.645433
incident,NO_R002_I097,normal,R002,10.754422,106.690205
incident,NO_R002_I098,normal,R002,10.761634,106.685437
incident,NO_R002_I099,normal,R002,10.768352,106.732726
incident,NO_R002_I100,normal,R002,10.778829,106.678924
incident,NO_R003_I001,normal,R003,10.769928,106.715741
incident,NO_R003_I002,normal,R003,10.752772,106.603178
incident,NO_R003_I003,normal,R003,10.740692,106.605682
incident,NO_R003_I004,normal,R003,10.807664,106.67293
incident,NO_R003_I005,normal,R003,10.731476,106.669678
incident,NO_R003_I006,normal,R003,10.85303,106.67344
incident,NO_R003_I007,normal,R003,10.73741,106.714958
incident,NO_R003_I008,normal,R003,10.757517,106.728543
incident,NO_R003_I009,normal,R003,10.772803,106.701957
incident,NO_R003_I010,normal,R003,10.750708,106.68916
incident,NO_R003_I011,normal,R003,10.780377,106.67988
incident,NO_R003_I012,normal,R003,10.779243,106.66303
incident,NO_R003_I013,normal,R003,10.751746,106.683797
incident,NO_R003_I014,normal,R003,10.786939,106.615065
incident,NO_R003_I015,normal,R003,10.771379,106.766823
incident,NO_R003_I016,normal,R003,10.774399,106.647904
incident,NO_R003_I017,normal,R003,10.735624,106.657822
incident,NO_R003_I018,normal,R003,10.744935,106.625047
incident,NO_R003_I019,normal,R003,10.778353,106.715009
incident,NO_R003_I020,normal,R003,10.724603,106.658071
incident,NO_R003_I021,normal,R003,10.744736,106.667669
incident,NO_R003_I022,normal,R003,10.804223,106.650873
incident,NO_R003_I023,normal,R003,10.773629,106.661718
incident,NO_R003_I024,normal,R003,10.772646,106.62221
incident,NO_R003_I025,normal,R003,10.743134,106.641095
incident,NO_R003_I026,normal,R003,10.764891,106.641673
incident,NO_R003_I027,normal,R003,10.758477,106.696774
incident,NO_R003_I028,normal,R003,10.771367,106.683825
incident,NO_R003_I029,normal,R003,10.761655,106.671222
incident,NO_R003_I030,normal,R003,10.780153,106.668841
incident,NO_R003_I031,normal,R003,10.751555,106.646499
incident,NO_R003_I032,normal,R003,10.755219,106.716908
incident,NO_R003_I033,normal,R003,10.789685,106.718219
incident,NO_R003_I034,normal,R003,10.760315,106.700771
incident,NO_R003_I035,normal,R003,10.785091,106.719037
incident,NO_R003_I036,normal,R003,10.764071,106.592149
incident,NO_R003_I037,normal,R003,10.745344,106.723318
incident,NO_R003_I038,normal,R003,10.767075,106.647339
incident,NO_R003_I039,normal,R003,10.762262,106.641171
incident,NO_R003_I040,normal,R003,10.772988,106.605969
incident,NO_R003_I041,normal,R003,10.70945,106.700494
incident,NO_R003_I042,normal,R003,10.752297,106.694717
incident,NO_R003_I043,normal,R003,10.762407,106.631991
incident,NO_R003_I044,normal,R003,10.776317,106.671658
incident,NO_R003_I045,normal,R003,10.775805,106.653762
incident,NO_R003_I046,normal,R003,10.748865,106.690729
incident,NO_R003_I047,normal,R003,10.73098,106.726037
incident,NO_R003_I048,normal,R003,10.728247,106.62636
incident,NO_R003_I049,normal,R003,10.827822,106.648387
incident,NO_R003_I050,normal,R003,10.730113,106.617385
incident,NO_R003_I051,normal,R003,10.740694,106.679415
incident,NO_R003_I052,normal,R003,10.791636,106.654373
incident,NO_R003_I053,normal,R003,10.752006,106.662897
incident,NO_R003_I054,normal,R003,10.769366,106.660364
incident,NO_R003_I055,normal,R003,10.762026,106.66588
incident,NO_R003_I056,normal,R003,10.745775,106.645479
incident,NO_R003_I057,normal,R003,10.752726,106.712179
incident,NO_R003_I058,normal,R003,10.774683,106.685875
incident,NO_R003_I059,normal,R003,10.789474,106.648896
incident,NO_R003_I060,normal,R003,10.740936,106.670904
incident,NO_R003_I061,normal,R003,10.792431,106.731665
incident,NO_R003_I062,normal,R003,10.785229,106.611491
incident,NO_R003_I063,normal,R003,10.776957,106.650013
incident,NO_R003_I064,normal,R003,10.793615,106.654111
incident,NO_R003_I065,normal,R003,10.760699,106.620089
incident,NO_R003_I066,normal,R003,10.775584,106.726916
incident,NO_R003_I067,normal,R003,10.750225,106.640919
incident,NO_R003_I068,normal,R003,10.753379,106.654681
incident,NO_R003_I069,normal,R003,10.760065,106.675322
incident,NO_R003_I070,normal,R003,10.770332,106.640832
incident,NO_R003_I071,normal,R003,10.778784,106.690811
incident,NO_R003_I072,normal,R003,10.800024,106.727406
incident,NO_R003_I073,normal,R003,10.756072,106.696134
incident,NO_R003_I074,normal,R003,10.767851,106.715955
incident,NO_R003_I075,normal,R003,10.775519,106.713105
incident,NO_R003_I076,normal,R003,10.726704,106.645226
incident,NO_R003_I077,normal,R003,10.809764,106.725977
incident,NO_R003_I078,normal,R003,10.795321,106.682848
incident,NO_R003_I079,normal,R003,10.71911,106.697476
incident,NO_R003_I080,normal,R003,10.750055,106.683844
incident,NO_R003_I081,normal,R003,10.754678,106.652057
incident,NO_R003_I082,normal,R003,10.794343,106.700596
incident,NO_R003_I083,normal,R003,10.718503,106.670079
incident,NO_R003_I084,normal,R003,10.796643,106.684849
incident,NO_R003_I085,normal,R003,10.81344,106.631228
incident,NO_R003_I086,normal,R003,10.794919,106.688337
incident,NO_R003_I087,normal,R003,10.77777,106.725341
incident,NO_R003_I088,normal,R003,10.772066,106.665739
incident,NO_R003_I089,normal,R003,10.772604,106.671115
incident,NO_R003_I090,normal,R003,10.779817,106.644277
incident,NO_R003_I091,normal,R003,10.79823,106.637101
incident,NO_R003_I092,normal,R003,10.763987,106.716433
incident,NO_R003_I093,normal,R003,10.765234,106.668916
incident,NO_R003_I094,normal,R003,10.789205,106.701324
incident,NO_R003_I095,normal,R003,10.764074,106.696862
incident,NO_R003_I096,normal,R003,10.770637,106.660507
incident,NO_R003_I097,normal,R003,10.776302,106.663839
incident,NO_R003_I098,normal,R003,10.75742,106.68905
incident,NO_R003_I099,normal,R003,10.792053,106.697489
incident,NO_R003_I100,normal,R003,10.737895,106.664106
incident,NO_R004_I001,normal,R004,10.77882,106.715417
incident,NO_R004_I002,normal,R004,10.755581,106.663247
incident,NO_R004_I003,normal,R004,10.713093,106.699303
incident,NO_R004_I004,normal,R004,10.788484,106.670349
incident,NO_R004_I005,normal,R004,10.794049,106.661133
incident,NO_R004_I006,normal,R004,10.79109,106.698176
incident,NO_R004_I007,normal,R004,10.818497,106.688997
incident,NO_R004_I008,normal,R004,10.765175,106.683561
incident,NO_R004_I009,normal,R004,10.756579,106.634316
incident,NO_R004_I010,normal,R004,10.778673,106.688999
incident,NO_R004_I011,normal,R004,10.785709,106.729291
incident,NO_R004_I012,normal,R004,10.760119,106.730821
incident,NO_R004_I013,normal,R004,10.804558,106.625051
incident,NO_R004_I014,normal,R004,10.788044,106.717253
incident,NO_R004_I015,normal,R004,10.716066,106.6873
incident,NO_R004_I016,normal,R004,10.780284,106.666379
incident,NO_R004_I017,normal,R004,10.747139,106.718136
incident,NO_R004_I018,normal,R004,10.79294,106.746505
incident,NO_R004_I019,normal,R004,10.786163,106.724733
incident,NO_R004_I020,normal,R004,10.753509,106.712487
incident,NO_R004_I021,normal,R004,10.750528,106.655723
incident,NO_R004_I022,normal,R004,10.755813,106.711927
incident,NO_R004_I023,normal,R004,10.787076,106.685394
incident,NO_R004_I024,normal,R004,10.747502,106.633464
incident,NO_R004_I025,normal,R004,10.79427,106.652871
incident,NO_R004_I026,normal,R004,10.766629,106.723617
incident,NO_R004_I027,normal,R004,10.777515,106.753728
incident,NO_R004_I028,normal,R004,10.803709,106.628899
incident,NO_R004_I029,normal,R004,10.733168,106.683863
incident,NO_R004_I030,normal,R004,10.786828,106.701095
incident,NO_R004_I031,normal,R004,10.805116,106.639456
incident,NO_R004_I032,normal,R004,10.749844,106.659579
incident,NO_R004_I033,normal,R004,10.749007,106.617601
incident,NO_R004_I034,normal,R004,10.783827,106.680233
incident,NO_R004_I035,normal,R004,10.746362,106.68889
incident,NO_R004_I036,normal,R004,10.783115,106.648243
incident,NO_R004_I037,normal,R004,10.780256,106.634347
incident,NO_R004_I038,normal,R004,10.756236,106.668291
incident,NO_R004_I039,normal,R004,10.763911,106.737793
incident,NO_R004_I040,normal,R004,10.765844,106.740769
incident,NO_R004_I041,normal,R004,10.769234,106.645843
incident,NO_R004_I042,normal,R004,10.809486,106.610287
incident,NO_R004_I043,normal,R004,10.739007,106.685324
incident,NO_R004_I044,normal,R004,10.796977,106.730705
incident,NO_R004_I045,normal,R004,10.795742,106.722275
incident,NO_R004_I046,normal,R004,10.735348,106.699017
incident,NO_R004_I047,normal,R004,10.789495,106.717045
incident,NO_R004_I048,normal,R004,10.841222,106.72253
incident,NO_R004_I049,normal,R004,10.776712,106.663285
incident,NO_R004_I050,normal,R004,10.754947,106.667045
incident,NO_R004_I051,normal,R004,10.742688,106.695683
incident,NO_R004_I052,normal,R004,10.753144,106.658728
incident,NO_R004_I053,normal,R004,10.770391,106.741002
incident,NO_R004_I054,normal,R004,10.731549,106.702769
incident,NO_R004_I055,normal,R004,10.778634,106.693011
incident,NO_R004_I056,normal,R004,10.712276,106.694938
incident,NO_R004_I057,normal,R004,10.748956,106.629237
incident,NO_R004_I058,normal,R004,10.809013,106.667401
incident,NO_R004_I059,normal,R004,10.781124,106.734657
incident,NO_R004_I060,normal,R004,10.77014,106.689489
incident,NO_R004_I061,normal,R004,10.789587,106.659636
incident,NO_R004_I062,normal,R004,10.805189,106.720862
incident,NO_R004_I063,normal,R004,10.741278,106.624719
incident,NO_R004_I064,normal,R004,10.789097,106.6353
incident,NO_R004_I065,normal,R004,10.771861,106.670237
incident,NO_R004_I066,normal,R004,10.768325,106.684828
incident,NO_R004_I067,normal,R004,10.789513,106.702037
incident,NO_R004_I068,normal,R004,10.774135,106.69408
incident,NO_R004_I069,normal,R004,10.734195,106.713718
incident,NO_R004_I070,normal,R004,10.765434,106.685436
incident,NO_R004_I071,normal,R004,10.79734,106.561089
incident,NO_R004_I072,normal,R004,10.771667,106.648964
incident,NO_R004_I073,normal,R004,10.784672,106.690991
incident,NO_R004_I074,normal,R004,10.745247,106.667785
incident,NO_R004_I075,normal,R004,10.722642,106.65545
incident,NO_R004_I076,normal,R004,10.787186,106.6885
incident,NO_R004_I077,normal,R004,10.794502,106.685586
incident,NO_R004_I078,normal,R004,10.780254,106.73415
incident,NO_R004_I079,normal,R004,10.732794,106.697149
incident,NO_R004_I080,normal,R004,10.747158,106.617
incident,NO_R004_I081,normal,R004,10.708808,106.713005
incident,NO_R004_I082,normal,R004,10.78212,106.755815
incident,NO_R004_I083,normal,R004,10.770156,106.631555
incident,NO_R004_I084,normal,R004,10.770281,106.749915
incident,NO_R004_I085,normal,R004,10.765414,106.681234
incident,NO_R004_I086,normal,R004,10.790741,106.712821
incident,NO_R004_I087,normal,R004,10.757141,106.626346
incident,NO_R004_I088,normal,R004,10.772243,106.7153
incident,NO_R004_I089,normal,R004,10.823609,106.658942
incident,NO_R004_I090,normal,R004,10.736586,106.697103
incident,NO_R004_I091,normal,R004,10.763528,106.701368
incident,NO_R004_I092,normal,R004,10.814912,106.698064
incident,NO_R004_I093,normal,R004,10.756181,106.650205
incident,NO_R004_I094,normal,R004,10.737671,106.699637
incident,NO_R004_I095,normal,R004,10.746987,106.652987
incident,NO_R004_I096,normal,R004,10.798996,106.658893
incident,NO_R004_I097,normal,R004,10.762047,106.650247
incident,NO_R004_I098,normal,R004,10.782585,106.656097
incident,NO_R004_I099,normal,R004,10.744816,106.641531
incident,NO_R004_I100,normal,R004,10.786522,106.69152
incident,NO_R005_I001,normal,R005,10.759343,106.686215
incident,NO_R005_I002,normal,R005,10.799093,106.61145
incident,NO_R005_I003,normal,R005,10.779171,106.664226
incident,NO_R005_I004,normal,R005,10.784883,106.6951
incident,NO_R005_I005,normal,R005,10.756583,106.702271
incident,NO_R005_I006,normal,R005,10.784699,106.656813
incident,NO_R005_I007,normal,R005,10.743275,106.686609
incident,NO_R005_I008,normal,R005,10.787513,106.687394
incident,NO_R005_I009,normal,R005,10.725534,106.670496
incident,NO_R005_I010,normal,R005,10.789146,106.728922
incident,NO_R005_I011,normal,R005,10.792216,106.639484
incident,NO_R005_I012,normal,R005,10.752109,106.720955
incident,NO_R005_I013,normal,R005,10.75536,106.722467
incident,NO_R005_I014,normal,R005,10.758756,106.693035
incident,NO_R005_I015,normal,R005,10.790193,106.698572
incident,NO_R005_I016,normal,R005,10.76779,106.665916
incident,NO_R005_I017,normal,R005,10.734614,106.702662
incident,NO_R005_I018,normal,R005,10.772473,106.6694
incident,NO_R005_I019,normal,R005,10.768266,106.652802
incident,NO_R005_I020,normal,R005,10.805568,106.630745
incident,NO_R005_I021,normal,R005,10.791057,106.684347
incident,NO_R005_I022,normal,R005,10.745335,106.668261
incident,NO_R005_I023,normal,R005,10.742923,106.710458
incident,NO_R005_I024,normal,R005,10.770452,106.681454
incident,NO_R005_I025,normal,R005,10.771071,106.635792
incident,NO_R005_I026,normal,R005,10.790186,106.673318
incident,NO_R005_I027,normal,R005,10.781014,106.664068
incident,NO_R005_I028,normal,R005,10.801838,106.62986
incident,NO_R005_I029,normal,R005,10.742818,106.643226
incident,NO_R005_I030,normal,R005,10.791865,106.615646
incident,NO_R005_I031,normal,R005,10.761801,106.741489
incident,NO_R005_I032,normal,R005,10.799221,106.731723
incident,NO_R005_I033,normal,R005,10.758972,106.613627
incident,NO_R005_I034,normal,R005,10.747866,106.717035
incident,NO_R005_I035,normal,R005,10.780111,106.699476
incident,NO_R005_I036,normal,R005,10.760581,106.656413
incident,NO_R005_I037,normal,R005,10.749993,106.705934
incident,NO_R005_I038,normal,R005,10.758196,106.656506
incident,NO_R005_I039,normal,R005,10.807672,106.787136
incident,NO_R005_I040,normal,R005,10.785289,106.728238
incident,NO_R005_I041,normal,R005,10.774445,106.697082
incident,NO_R005_I042,normal,R005,10.802596,106.626232
incident,NO_R005_I043,normal,R005,10.763636,106.723819
incident,NO_R005_I044,normal,R005,10.805259,106.722802
incident,NO_R005_I045,normal,R005,10.758244,106.724652
incident,NO_R005_I046,normal,R005,10.829651,106.694865
incident,NO_R005_I047,normal,R005,10.790549,106.663141
incident,NO_R005_I048,normal,R005,10.759446,106.65236
incident,NO_R005_I049,normal,R005,10.790851,106.664301
incident,NO_R005_I050,normal,R005,10.7132,106.641542
incident,NO_R005_I051,normal,R005,10.788599,106.663435
incident,NO_R005_I052,normal,R005,10.75876,106.699858
incident,NO_R005_I053,normal,R005,10.749596,106.646499
incident,NO_R005_I054,normal,R005,10.731433,106.6948
incident,NO_R005_I055,normal,R005,10.749089,106.711854
incident,NO_R005_I056,normal,R005,10.765981,106.69634
incident,NO_R005_I057,normal,R005,10.726648,106.653651
incident,NO_R005_I058,normal,R005,10.72161,106.647785
incident,NO_R005_I059,normal,R005,10.797485,106.69236
incident,NO_R005_I060,normal,R005,10.735806,106.705609
incident,NO_R005_I061,normal,R005,10.723229,106.651516
incident,NO_R005_I062,normal,R005,10.774106,106.666191
incident,NO_R005_I063,normal,R005,10.795833,106.675158
incident,NO_R005_I064,normal,R005,10.738626,106.654419
incident,NO_R005_I065,normal,R005,10.725891,106.663613
incident,NO_R005_I066,normal,R005,10.76827,106.725714
incident,NO_R005_I067,normal,R005,10.792269,106.667228
incident,NO_R005_I068,normal,R005,10.794597,106.743531
incident,NO_R005_I069,normal,R005,10.778889,106.685619
incident,NO_R005_I070,normal,R005,10.801658,106.685916
incident,NO_R005_I071,normal,R005,10.753798,106.711412
incident,NO_R005_I072,normal,R005,10.771779,106.648327
incident,NO_R005_I073,normal,R005,10.798478,106.677078
incident,NO_R005_I074,normal,R005,10.765939,106.700269
incident,NO_R005_I075,normal,R005,10.766688,106.692178
incident,NO_R005_I076,normal,R005,10.74868,106.65456
incident,NO_R005_I077,normal,R005,10.761579,106.736938
incident,NO_R005_I078,normal,R005,10.775915,106.67879
incident,NO_R005_I079,normal,R005,10.782963,106.671772
incident,NO_R005_I080,normal,R005,10.758592,106.728639
incident,NO_R005_I081,normal,R005,10.835803,106.643235
incident,NO_R005_I082,normal,R005,10.784217,106.672182
incident,NO_R005_I083,normal,R005,10.765484,106.680678
incident,NO_R005_I084,normal,R005,10.782242,106.720522
incident,NO_R005_I085,normal,R005,10.762707,106.65211
incident,NO_R005_I086,normal,R005,10.755693,106.687605
incident,NO_R005_I087,normal,R005,10.790679,106.645939
incident,NO_R005_I088,normal,R005,10.765959,106.632948
incident,NO_R005_I089,normal,R005,10.735299,106.618857
incident,NO_R005_I090,normal,R005,10.801864,106.677693
incident,NO_R005_I091,normal,R005,10.775081,106.68783
incident,NO_R005_I092,normal,R005,10.760937,106.70397
incident,NO_R005_I093,normal,R005,10.786823,106.681228
incident,NO_R005_I094,normal,R005,10.789611,106.707446
incident,NO_R005_I095,normal,R005,10.713669,106.675418
incident,NO_R005_I096,normal,R005,10.755892,106.665945
incident,NO_R005_I097,normal,R005,10.795074,106.610598
incident,NO_R005_I098,normal,R005,10.781345,106.658846
incident,NO_R005_I099,normal,R005,10.792868,106.680002
incident,NO_R005_I100,normal,R005,10.760013,106.725151
incident,NO_R006_I001,normal,R006,10.724274,106.698054
incident,NO_R006_I002,normal,R006,10.770028,106.70445
incident,NO_R006_I003,normal,R006,10.765734,106.653773
incident,NO_R006_I004,normal,R006,10.772392,106.618969
incident,NO_R006_I005,normal,R006,10.774055,106.675598
incident,NO_R006_I006,normal,R006,10.78917,106.672974
incident,NO_R006_I007,normal,R006,10.71615,106.63439
incident,NO_R006_I008,normal,R006,10.787085,106.683333
incident,NO_R006_I009,normal,R006,10.811828,106.687023
incident,NO_R006_I010,normal,R006,10.743366,106.667429
incident,NO_R006_I011,normal,R006,10.768212,106.686534
incident,NO_R006_I012,normal,R006,10.801452,106.676127
incident,NO_R006_I013,normal,R006,10.786768,106.680167
incident,NO_R006_I014,normal,R006,10.767743,106.67489
incident,NO_R006_I015,normal,R006,10.774053,106.626767
incident,NO_R006_I016,normal,R006,10.755167,106.718177
incident,NO_R006_I017,normal,R006,10.737633,106.650481
incident,NO_R006_I018,normal,R006,10.761389,106.678544
incident,NO_R006_I019,normal,R006,10.770696,106.66321
incident,NO_R006_I020,normal,R006,10.758637,106.732058
incident,NO_R006_I021,normal,R006,10.767871,106.616466
incident,NO_R006_I022,normal,R006,10.767216,106.664524
incident,NO_R006_I023,normal,R006,10.778767,106.650163
incident,NO_R006_I024,normal,R006,10.766441,106.653353
incident,NO_R006_I025,normal,R006,10.784892,106.699856
incident,NO_R006_I026,normal,R006,10.764518,106.662294
incident,NO_R006_I027,normal,R006,10.754424,106.677656
incident,NO_R006_I028,normal,R006,10.76724,106.737439
incident,NO_R006_I029,normal,R006,10.742618,106.73916
incident,NO_R006_I030,normal,R006,10.8153,106.745528
incident,NO_R006_I031,normal,R006,10.810144,106.701806
incident,NO_R006_I032,normal,R006,10.761197,106.675771
incident,NO_R006_I033,normal,R006,10.747851,106.688791
incident,NO_R006_I034,normal,R006,10.733744,106.682859
incident,NO_R006_I035,normal,R006,10.810598,106.626952
incident,NO_R006_I036,normal,R006,10.759776,106.648917
incident,NO_R006_I037,normal,R006,10.778082,106.694864
incident,NO_R006_I038,normal,R006,10.760283,106.680173
incident,NO_R006_I039,normal,R006,10.805828,106.678293
incident,NO_R006_I040,normal,R006,10.771117,106.694151
incident,NO_R006_I041,normal,R006,10.765981,106.672935
incident,NO_R006_I042,normal,R006,10.775534,106.620277
incident,NO_R006_I043,normal,R006,10.755858,106.728384
incident,NO_R006_I044,normal,R006,10.765183,106.721811
incident,NO_R006_I045,normal,R006,10.795573,106.668267
incident,NO_R006_I046,normal,R006,10.766086,106.682519
incident,NO_R006_I047,normal,R006,10.834958,106.643575
incident,NO_R006_I048,normal,R006,10.744343,106.63603
incident,NO_R006_I049,normal,R006,10.787345,106.688584
incident,NO_R006_I050,normal,R006,10.766158,106.704384
incident,NO_R006_I051,normal,R006,10.788423,106.66667
incident,NO_R006_I052,normal,R006,10.77301,106.614217
incident,NO_R006_I053,normal,R006,10.810418,106.711957
incident,NO_R006_I054,normal,R006,10.74075,106.721386
incident,NO_R006_I055,normal,R006,10.779769,106.719108
incident,NO_R006_I056,normal,R006,10.776546,106.710107
incident,NO_R006_I057,normal,R006,10.731843,106.72153
incident,NO_R006_I058,normal,R006,10.797617,106.699737
incident,NO_R006_I059,normal,R006,10.731279,106.720573
incident,NO_R006_I060,normal,R006,10.760519,106.702011
incident,NO_R006_I061,normal,R006,10.798864,106.762642
incident,NO_R006_I062,normal,R006,10.753596,106.710526
incident,NO_R006_I063,normal,R006,10.780921,106.699174
incident,NO_R006_I064,normal,R006,10.782074,106.710167
incident,NO_R006_I065,normal,R006,10.760057,106.679438
incident,NO_R006_I066,normal,R006,10.817253,106.702417
incident,NO_R006_I067,normal,R006,10.758769,106.698251
incident,NO_R006_I068,normal,R006,10.78674,106.695924
incident,NO_R006_I069,normal,R006,10.749323,106.667365
incident,NO_R006_I070,normal,R006,10.770198,106.673726
incident,NO_R006_I071,normal,R006,10.787218,106.622841
incident,NO_R006_I072,normal,R006,10.799706,106.705722
incident,NO_R006_I073,normal,R006,10.732665,106.740298
incident,NO_R006_I074,normal,R006,10.800849,106.683099
incident,NO_R006_I075,normal,R006,10.759107,106.666233
incident,NO_R006_I076,normal,R006,10.770368,106.70593
incident,NO_R006_I077,normal,R006,10.772421,106.622241
incident,NO_R006_I078,normal,R006,10.74139,106.691622
incident,NO_R006_I079,normal,R006,10.742953,106.58726
incident,NO_R006_I080,normal,R006,10.795874,106.663766
incident,NO_R006_I081,normal,R006,10.793852,106.678153
incident,NO_R006_I082,normal,R006,10.772271,106.662834
incident,NO_R006_I083,normal,R006,10.793029,106.760315
incident,NO_R006_I084,normal,R006,10.755934,106.713634
incident,NO_R006_I085,normal,R006,10.803986,106.639351
incident,NO_R006_I086,normal,R006,10.766987,106.667125
incident,NO_R006_I087,normal,R006,10.790931,106.649733
incident,NO_R006_I088,normal,R006,10.765581,106.72408
incident,NO_R006_I089,normal,R006,10.763519,106.617173
incident,NO_R006_I090,normal,R006,10.771072,106.621193
incident,NO_R006_I091,normal,R006,10.731615,106.695463
incident,NO_R006_I092,normal,R006,10.747831,106.703797
incident,NO_R006_I093,normal,R006,10.796819,106.683248
incident,NO_R006_I094,normal,R006,10.781667,106.713879
incident,NO_R006_I095,normal,R006,10.803921,106.656347
incident,NO_R006_I096,normal,R006,10.764635,106.726019
incident,NO_R006_I097,normal,R006,10.771195,106.728712
incident,NO_R006_I098,normal,R006,10.777905,106.656214
incident,NO_R006_I099,normal,R006,10.773637,106.646396
incident,NO_R006_I100,normal,R006,10.774438,106.682255
incident,NO_R007_I001,normal,R007,10.771375,106.613977
incident,NO_R007_I002,normal,R007,10.789835,106.694059
incident,NO_R007_I003,normal,R007,10.823632,106.647205
incident,NO_R007_I004,normal,R007,10.756211,106.646106
incident,NO_R007_I005,normal,R007,10.764954,106.680514
incident,NO_R007_I006,normal,R007,10.719064,106.67555
incident,NO_R007_I007,normal,R007,10.790923,106.666176
incident,NO_R007_I008,normal,R007,10.772878,106.740282
incident,NO_R007_I009,normal,R007,10.73892,106.71161
incident,NO_R007_I010,normal,R007,10.776614,106.620834
incident,NO_R007_I011,normal,R007,10.762925,106.662804
incident,NO_R007_I012,normal,R007,10.768293,106.648691
incident,NO_R007_I013,normal,R007,10.715374,106.698552
incident,NO_R007_I014,normal,R007,10.758774,106.731454
incident,NO_R007_I015,normal,R007,10.756597,106.738062
incident,NO_R007_I016,normal,R007,10.827266,106.71956
incident,NO_R007_I017,normal,R007,10.76653,106.675011
incident,NO_R007_I018,normal,R007,10.812478,106.672487
incident,NO_R007_I019,normal,R007,10.831383,106.654129
incident,NO_R007_I020,normal,R007,10.798473,106.678279
incident,NO_R007_I021,normal,R007,10.752072,106.70565
incident,NO_R007_I022,normal,R007,10.706819,106.69778
incident,NO_R007_I023,normal,R007,10.787753,106.65214
incident,NO_R007_I024,normal,R007,10.769278,106.629339
incident,NO_R007_I025,normal,R007,10.728584,106.628227
incident,NO_R007_I026,normal,R007,10.779108,106.686899
incident,NO_R007_I027,normal,R007,10.749393,106.744769
incident,NO_R007_I028,normal,R007,10.773234,106.667563
incident,NO_R007_I029,normal,R007,10.749331,106.686692
incident,NO_R007_I030,normal,R007,10.741099,106.682668
incident,NO_R007_I031,normal,R007,10.717757,106.602851
incident,NO_R007_I032,normal,R007,10.787945,106.645216
incident,NO_R007_I033,normal,R007,10.780482,106.646185
incident,NO_R007_I034,normal,R007,10.751784,106.747022
incident,NO_R007_I035,normal,R007,10.779924,106.702927
incident,NO_R007_I036,normal,R007,10.765306,106.703851
incident,NO_R007_I037,normal,R007,10.790138,106.681479
incident,NO_R007_I038,normal,R007,10.774629,106.606088
incident,NO_R007_I039,normal,R007,10.794083,106.687388
incident,NO_R007_I040,normal,R007,10.746948,106.743417
incident,NO_R007_I041,normal,R007,10.760249,106.679838
incident,NO_R007_I042,normal,R007,10.746279,106.615749
incident,NO_R007_I043,normal,R007,10.710242,106.667092
incident,NO_R007_I044,normal,R007,10.74138,106.694977
incident,NO_R007_I045,normal,R007,10.773513,106.611941
incident,NO_R007_I046,normal,R007,10.808326,106.677238
incident,NO_R007_I047,normal,R007,10.761467,106.71876
incident,NO_R007_I048,normal,R007,10.752556,106.689086
incident,NO_R007_I049,normal,R007,10.791121,106.689332
incident,NO_R007_I050,normal,R007,10.796561,106.670888
incident,NO_R007_I051,normal,R007,10.797971,106.682438
incident,NO_R007_I052,normal,R007,10.788438,106.626527
incident,NO_R007_I053,normal,R007,10.790644,106.629201
incident,NO_R007_I054,normal,R007,10.72506,106.71199
incident,NO_R007_I055,normal,R007,10.800385,106.698384
incident,NO_R007_I056,normal,R007,10.798209,106.728956
incident,NO_R007_I057,normal,R007,10.757983,106.66049
incident,NO_R007_I058,normal,R007,10.757978,106.706294
incident,NO_R007_I059,normal,R007,10.765542,106.717305
incident,NO_R007_I060,normal,R007,10.756423,106.669313
incident,NO_R007_I061,normal,R007,10.775531,106.699999
incident,NO_R007_I062,normal,R007,10.821255,106.768463
incident,NO_R007_I063,normal,R007,10.746575,106.697422
incident,NO_R007_I064,normal,R007,10.693287,106.660754
incident,NO_R007_I065,normal,R007,10.793818,106.695825
incident,NO_R007_I066,normal,R007,10.781161,106.653432
incident,NO_R007_I067,normal,R007,10.756003,106.669318
incident,NO_R007_I068,normal,R007,10.764654,106.691886
incident,NO_R007_I069,normal,R007,10.801261,106.769382
incident,NO_R007_I070,normal,R007,10.762187,106.68704
incident,NO_R007_I071,normal,R007,10.795605,106.656669
incident,NO_R007_I072,normal,R007,10.769207,106.691137
incident,NO_R007_I073,normal,R007,10.745748,106.680422
incident,NO_R007_I074,normal,R007,10.763946,106.666367
incident,NO_R007_I075,normal,R007,10.789854,106.667922
incident,NO_R007_I076,normal,R007,10.800332,106.625531
incident,NO_R007_I077,normal,R007,10.817041,106.68272
incident,NO_R007_I078,normal,R007,10.793487,106.617616
incident,NO_R007_I079,normal,R007,10.782339,106.669016
incident,NO_R007_I080,normal,R007,10.772427,106.65509
incident,NO_R007_I081,normal,R007,10.752348,106.797156
incident,NO_R007_I082,normal,R007,10.74563,106.609991
incident,NO_R007_I083,normal,R007,10.7849,106.704119
incident,NO_R007_I084,normal,R007,10.762973,106.646621
incident,NO_R007_I085,normal,R007,10.761419,106.657947
incident,NO_R007_I086,normal,R007,10.687154,106.725966
incident,NO_R007_I087,normal,R007,10.83062,106.660329
incident,NO_R007_I088,normal,R007,10.776187,106.62235
incident,NO_R007_I089,normal,R007,10.762876,106.683421
incident,NO_R007_I090,normal,R007,10.755743,106.696014
incident,NO_R007_I091,normal,R007,10.80689,106.765597
incident,NO_R007_I092,normal,R007,10.78228,106.687161
incident,NO_R007_I093,normal,R007,10.718481,106.718016
incident,NO_R007_I094,normal,R007,10.745692,106.591052
incident,NO_R007_I095,normal,R007,10.743871,106.62809
incident,NO_R007_I096,normal,R007,10.800731,106.725778
incident,NO_R007_I097,normal,R007,10.736969,106.661271
incident,NO_R007_I098,normal,R007,10.747398,106.692553
incident,NO_R007_I099,normal,R007,10.723461,106.742194
incident,NO_R007_I100,normal,R007,10.776787,106.654269
incident,NO_R008_I001,normal,R008,10.73417,106.624186
incident,NO_R008_I002,normal,R008,10.76139,106.68555
incident,NO_R008_I003,normal,R008,10.778194,106.729397
incident,NO_R008_I004,normal,R008,10.79564,106.683119
incident,NO_R008_I005,normal,R008,10.78064,106.660934
incident,NO_R008_I006,normal,R008,10.795074,106.666092
incident,NO_R008_I007,normal,R008,10.714465,106.649356
incident,NO_R008_I008,normal,R008,10.774928,106.644802
incident,NO_R008_I009,normal,R008,10.794331,106.647722
incident,NO_R008_I010,normal,R008,10.795118,106.658456
incident,NO_R008_I011,normal,R008,10.754288,106.71614
incident,NO_R008_I012,normal,R008,10.736451,106.695563
incident,NO_R008_I013,normal,R008,10.797074,106.727333
incident,NO_R008_I014,normal,R008,10.79735,106.695731
incident,NO_R008_I015,normal,R008,10.776037,106.674541
incident,NO_R008_I016,normal,R008,10.785616,106.672861
incident,NO_R008_I017,normal,R008,10.745141,106.650116
incident,NO_R008_I018,normal,R008,10.768767,106.698932
incident,NO_R008_I019,normal,R008,10.753512,106.639175
incident,NO_R008_I020,normal,R008,10.773456,106.697391
incident,NO_R008_I021,normal,R008,10.787119,106.716414
incident,NO_R008_I022,normal,R008,10.722419,106.635557
incident,NO_R008_I023,normal,R008,10.763138,106.654996
incident,NO_R008_I024,normal,R008,10.782347,106.6675
incident,NO_R008_I025,normal,R008,10.777751,106.658119
incident,NO_R008_I026,normal,R008,10.783904,106.761745
incident,NO_R008_I027,normal,R008,10.795734,106.702681
incident,NO_R008_I028,normal,R008,10.763959,106.652187
incident,NO_R008_I029,normal,R008,10.729756,106.636831
incident,NO_R008_I030,normal,R008,10.76787,106.644109
incident,NO_R008_I031,normal,R008,10.75003,106.678018
incident,NO_R008_I032,normal,R008,10.712213,106.650226
incident,NO_R008_I033,normal,R008,10.768438,106.709608
incident,NO_R008_I034,normal,R008,10.780558,106.703129
incident,NO_R008_I035,normal,R008,10.79006,106.659244
incident,NO_R008_I036,normal,R008,10.778684,106.609859
incident,NO_R008_I037,normal,R008,10.770454,106.718127
incident,NO_R008_I038,normal,R008,10.765999,106.67984
incident,NO_R008_I039,normal,R008,10.773856,106.685725
incident,NO_R008_I040,normal,R008,10.771549,106.678096
incident,NO_R008_I041,normal,R008,10.754708,106.594008
incident,NO_R008_I042,normal,R008,10.749266,106.678575
incident,NO_R008_I043,normal,R008,10.759444,106.653548
incident,NO_R008_I044,normal,R008,10.783169,106.701915
incident,NO_R008_I045,normal,R008,10.749483,106.726915
incident,NO_R008_I046,normal,R008,10.78771,106.722542
incident,NO_R008_I047,normal,R008,10.765496,106.677548
incident,NO_R008_I048,normal,R008,10.810346,106.641756
incident,NO_R008_I049,normal,R008,10.800205,106.555227
incident,NO_R008_I050,normal,R008,10.809472,106.632067
incident,NO_R008_I051,normal,R008,10.768942,106.673585
incident,NO_R008_I052,normal,R008,10.772404,106.704886
incident,NO_R008_I053,normal,R008,10.800792,106.668504
incident,NO_R008_I054,normal,R008,10.733206,106.659764
incident,NO_R008_I055,normal,R008,10.760766,106.68479
incident,NO_R008_I056,normal,R008,10.781609,106.700286
incident,NO_R008_I057,normal,R008,10.748514,106.724856
incident,NO_R008_I058,normal,R008,10.779321,106.656347
incident,NO_R008_I059,normal,R008,10.801135,106.685383
incident,NO_R008_I060,normal,R008,10.729306,106.685973
incident,NO_R008_I061,normal,R008,10.766828,106.661081
incident,NO_R008_I062,normal,R008,10.768284,106.647386
incident,NO_R008_I063,normal,R008,10.807486,106.65613
incident,NO_R008_I064,normal,R008,10.760988,106.640022
incident,NO_R008_I065,normal,R008,10.810083,106.656785
incident,NO_R008_I066,normal,R008,10.772866,106.667425
incident,NO_R008_I067,normal,R008,10.772619,106.704135
incident,NO_R008_I068,normal,R008,10.720046,106.637991
incident,NO_R008_I069,normal,R008,10.75082,106.658695
incident,NO_R008_I070,normal,R008,10.776832,106.692045
incident,NO_R008_I071,normal,R008,10.746723,106.698213
incident,NO_R008_I072,normal,R008,10.76245,106.735967
incident,NO_R008_I073,normal,R008,10.786329,106.630439
incident,NO_R008_I074,normal,R008,10.776217,106.641815
incident,NO_R008_I075,normal,R008,10.7947,106.683273
incident,NO_R008_I076,normal,R008,10.80582,106.70015
incident,NO_R008_I077,normal,R008,10.812501,106.642152
incident,NO_R008_I078,normal,R008,10.772587,106.66681
incident,NO_R008_I079,normal,R008,10.761876,106.68339
incident,NO_R008_I080,normal,R008,10.733478,106.69456
incident,NO_R008_I081,normal,R008,10.798219,106.691819
incident,NO_R008_I082,normal,R008,10.776802,106.642897
incident,NO_R008_I083,normal,R008,10.756045,106.72364
incident,NO_R008_I084,normal,R008,10.729769,106.722066
incident,NO_R008_I085,normal,R008,10.790257,106.724427
incident,NO_R008_I086,normal,R008,10.75293,106.652695
incident,NO_R008_I087,normal,R008,10.754964,106.676507
incident,NO_R008_I088,normal,R008,10.785384,106.636876
incident,NO_R008_I089,normal,R008,10.81186,106.667012
incident,NO_R008_I090,normal,R008,10.775773,106.666764
incident,NO_R008_I091,normal,R008,10.744044,106.670608
incident,NO_R008_I092,normal,R008,10.759681,106.738964
incident,NO_R008_I093,normal,R008,10.785343,106.678613
incident,NO_R008_I094,normal,R008,10.790161,106.641069
incident,NO_R008_I095,normal,R008,10.7639,106.642911
incident,NO_R008_I096,normal,R008,10.804156,106.690057
incident,NO_R008_I097,normal,R008,10.720146,106.594074
incident,NO_R008_I098,normal,R008,10.768191,106.623425
incident,NO_R008_I099,normal,R008,10.802277,106.660073
incident,NO_R008_I100,normal,R008,10.733087,106.650172
incident,NO_R009_I001,normal,R009,10.75355,106.689037
incident,NO_R009_I002,normal,R009,10.747468,106.666098
incident,NO_R009_I003,normal,R009,10.797253,106.676291
incident,NO_R009_I004,normal,R009,10.753588,106.743159
incident,NO_R009_I005,normal,R009,10.731618,106.650446
incident,NO_R009_I006,normal,R009,10.755311,106.68798
incident,NO_R009_I007,normal,R009,10.776103,106.680383
incident,NO_R009_I008,normal,R009,10.766679,106.578319
incident,NO_R009_I009,normal,R009,10.764996,106.669291
incident,NO_R009_I010,normal,R009,10.829474,106.685088
incident,NO_R009_I011,normal,R009,10.795967,106.660115
incident,NO_R009_I012,normal,R009,10.757202,106.702103
incident,NO_R009_I013,normal,R009,10.765151,106.6454
incident,NO_R009_I014,normal,R009,10.769731,106.670827
incident,NO_R009_I015,normal,R009,10.761031,106.702069
incident,NO_R009_I016,normal,R009,10.764843,106.694615
incident,NO_R009_I017,normal,R009,10.772285,106.650958
incident,NO_R009_I018,normal,R009,10.751987,106.667261
incident,NO_R009_I019,normal,R009,10.771621,106.699024
incident,NO_R009_I020,normal,R009,10.803426,106.69224
incident,NO_R009_I021,normal,R009,10.778923,106.688652
incident,NO_R009_I022,normal,R009,10.77942,106.701055
incident,NO_R009_I023,normal,R009,10.754082,106.734113
incident,NO_R009_I024,normal,R009,10.775003,106.650166
incident,NO_R009_I025,normal,R009,10.77565,106.772727
incident,NO_R009_I026,normal,R009,10.8062,106.68085
incident,NO_R009_I027,normal,R009,10.767074,106.659817
incident,NO_R009_I028,normal,R009,10.789238,106.720115
incident,NO_R009_I029,normal,R009,10.801983,106.668674
incident,NO_R009_I030,normal,R009,10.759636,106.659908
incident,NO_R009_I031,normal,R009,10.780568,106.712637
incident,NO_R009_I032,normal,R009,10.781476,106.669943
incident,NO_R009_I033,normal,R009,10.808617,106.706386
incident,NO_R009_I034,normal,R009,10.759543,106.642204
incident,NO_R009_I035,normal,R009,10.758725,106.747012
incident,NO_R009_I036,normal,R009,10.801363,106.678334
incident,NO_R009_I037,normal,R009,10.749698,106.669318
incident,NO_R009_I038,normal,R009,10.765813,106.661606
incident,NO_R009_I039,normal,R009,10.776275,106.672128
incident,NO_R009_I040,normal,R009,10.752307,106.622826
incident,NO_R009_I041,normal,R009,10.742988,106.674133
incident,NO_R009_I042,normal,R009,10.771012,106.687647
incident,NO_R009_I043,normal,R009,10.759681,106.742705
incident,NO_R009_I044,normal,R009,10.791186,106.673691
incident,NO_R009_I045,normal,R009,10.762741,106.696412
incident,NO_R009_I046,normal,R009,10.776215,106.654293
incident,NO_R009_I047,normal,R009,10.756896,106.69865
incident,NO_R009_I048,normal,R009,10.73669,106.694712
incident,NO_R009_I049,normal,R009,10.810237,106.679169
incident,NO_R009_I050,normal,R009,10.788867,106.694047
incident,NO_R009_I051,normal,R009,10.777371,106.685702
incident,NO_R009_I052,normal,R009,10.793937,106.690557
incident,NO_R009_I053,normal,R009,10.781097,106.678651
incident,NO_R009_I054,normal,R009,10.795331,106.586486
incident,NO_R009_I055,normal,R009,10.768412,106.692217
incident,NO_R009_I056,normal,R009,10.763901,106.6845
incident,NO_R009_I057,normal,R009,10.811043,106.724437
incident,NO_R009_I058,normal,R009,10.78551,106.702654
incident,NO_R009_I059,normal,R009,10.736573,106.683198
incident,NO_R009_I060,normal,R009,10.723897,106.698446
incident,NO_R009_I061,normal,R009,10.742776,106.67808
incident,NO_R009_I062,normal,R009,10.762882,106.698727
incident,NO_R009_I063,normal,R009,10.812346,106.70335
incident,NO_R009_I064,normal,R009,10.752062,106.659474
incident,NO_R009_I065,normal,R009,10.760976,106.668011
incident,NO_R009_I066,normal,R009,10.780731,106.653014
incident,NO_R009_I067,normal,R009,10.726422,106.672333
incident,NO_R009_I068,normal,R009,10.793591,106.72249
incident,NO_R009_I069,normal,R009,10.767296,106.704929
incident,NO_R009_I070,normal,R009,10.792619,106.657948
incident,NO_R009_I071,normal,R009,10.781002,106.662908
incident,NO_R009_I072,normal,R009,10.793225,106.618092
incident,NO_R009_I073,normal,R009,10.749507,106.655566
incident,NO_R009_I074,normal,R009,10.755636,106.684053
incident,NO_R009_I075,normal,R009,10.718766,106.724157
incident,NO_R009_I076,normal,R009,10.759058,106.677596
incident,NO_R009_I077,normal,R009,10.759864,106.672865
incident,NO_R009_I078,normal,R009,10.737993,106.576108
incident,NO_R009_I079,normal,R009,10.829135,106.655241
incident,NO_R009_I080,normal,R009,10.777059,106.675745
incident,NO_R009_I081,normal,R009,10.780915,106.648807
incident,NO_R009_I082,normal,R009,10.793857,106.708563
incident,NO_R009_I083,normal,R009,10.724764,106.619871
incident,NO_R009_I084,normal,R009,10.77167,106.617752
incident,NO_R009_I085,normal,R009,10.818699,106.728606
incident,NO_R009_I086,normal,R009,10.770447,106.759137
incident,NO_R009_I087,normal,R009,10.769127,106.661366
incident,NO_R009_I088,normal,R009,10.753522,106.716361
incident,NO_R009_I089,normal,R009,10.796204,106.691259
incident,NO_R009_I090,normal,R009,10.746778,106.652414
incident,NO_R009_I091,normal,R009,10.766857,106.712962
incident,NO_R009_I092,normal,R009,10.805216,106.637629
incident,NO_R009_I093,normal,R009,10.798436,106.660454
incident,NO_R009_I094,normal,R009,10.731817,106.668175
incident,NO_R009_I095,normal,R009,10.749673,106.698914
incident,NO_R009_I096,normal,R009,10.739353,106.705686
incident,NO_R009_I097,normal,R009,10.762739,106.686634
incident,NO_R009_I098,normal,R009,10.789182,106.700235
incident,NO_R009_I099,normal,R009,10.768614,106.651154
incident,NO_R009_I100,normal,R009,10.77046,106.668916
incident,NO_R010_I001,normal,R010,10.760743,106.694098
incident,NO_R010_I002,normal,R010,10.765375,106.692493
incident,NO_R010_I003,normal,R010,10.793036,106.670747
incident,NO_R010_I004,normal,R010,10.796263,106.684717
incident,NO_R010_I005,normal,R010,10.755116,106.649438
incident,NO_R010_I006,normal,R010,10.792586,106.564012
incident,NO_R010_I007,normal,R010,10.770709,106.656826
incident,NO_R010_I008,normal,R010,10.742237,106.688822
incident,NO_R010_I009,normal,R010,10.756828,106.7078
incident,NO_R010_I010,normal,R010,10.738967,106.7203
incident,NO_R010_I011,normal,R010,10.781602,106.68568
incident,NO_R010_I012,normal,R010,10.776217,106.652344
incident,NO_R010_I013,normal,R010,10.74978,106.66758
incident,NO_R010_I014,normal,R010,10.787371,106.719898
incident,NO_R010_I015,normal,R010,10.774912,106.636985
incident,NO_R010_I016,normal,R010,10.751419,106.723097
incident,NO_R010_I017,normal,R010,10.762565,106.657361
incident,NO_R010_I018,normal,R010,10.7775,106.66976
incident,NO_R010_I019,normal,R010,10.777648,106.671172
incident,NO_R010_I020,normal,R010,10.760317,106.658413
incident,NO_R010_I021,normal,R010,10.790413,106.719366
incident,NO_R010_I022,normal,R010,10.798463,106.673779
incident,NO_R010_I023,normal,R010,10.827114,106.640705
incident,NO_R010_I024,normal,R010,10.720613,106.598942
incident,NO_R010_I025,normal,R010,10.756835,106.68617
incident,NO_R010_I026,normal,R010,10.774719,106.69467
incident,NO_R010_I027,normal,R010,10.778822,106.755344
incident,NO_R010_I028,normal,R010,10.751745,106.721973
incident,NO_R010_I029,normal,R010,10.752693,106.589303
incident,NO_R010_I030,normal,R010,10.803618,106.643625
incident,NO_R010_I031,normal,R010,10.778332,106.736346
incident,NO_R010_I032,normal,R010,10.74583,106.744071
incident,NO_R010_I033,normal,R010,10.757088,106.691354
incident,NO_R010_I034,normal,R010,10.82132,106.660942
incident,NO_R010_I035,normal,R010,10.794651,106.728133
incident,NO_R010_I036,normal,R010,10.780194,106.672217
incident,NO_R010_I037,normal,R010,10.780716,106.685524
incident,NO_R010_I038,normal,R010,10.736924,106.627811
incident,NO_R010_I039,normal,R010,10.748134,106.701964
incident,NO_R010_I040,normal,R010,10.745828,106.602695
incident,NO_R010_I041,normal,R010,10.757174,106.672108
incident,NO_R010_I042,normal,R010,10.767849,106.640162
incident,NO_R010_I043,normal,R010,10.78684,106.678595
incident,NO_R010_I044,normal,R010,10.736572,106.64786
incident,NO_R010_I045,normal,R010,10.785721,106.684674
incident,NO_R010_I046,normal,R010,10.776988,106.701629
incident,NO_R010_I047,normal,R010,10.755465,106.655199
incident,NO_R010_I048,normal,R010,10.741114,106.654751
incident,NO_R010_I049,normal,R010,10.765066,106.701539
incident,NO_R010_I050,normal,R010,10.791781,106.646101
incident,NO_R010_I051,normal,R010,10.742513,106.665858
incident,NO_R010_I052,normal,R010,10.762407,106.692492
incident,NO_R010_I053,normal,R010,10.823014,106.673034
incident,NO_R010_I054,normal,R010,10.718117,106.676304
incident,NO_R010_I055,normal,R010,10.776037,106.6127
incident,NO_R010_I056,normal,R010,10.775256,106.689888
incident,NO_R010_I057,normal,R010,10.804897,106.683003
incident,NO_R010_I058,normal,R010,10.757594,106.709333
incident,NO_R010_I059,normal,R010,10.78031,106.713518
incident,NO_R010_I060,normal,R010,10.764633,106.714244
incident,NO_R010_I061,normal,R010,10.783747,106.686462
incident,NO_R010_I062,normal,R010,10.744544,106.627204
incident,NO_R010_I063,normal,R010,10.724743,106.639578
incident,NO_R010_I064,normal,R010,10.779989,106.718618
incident,NO_R010_I065,normal,R010,10.78636,106.686874
incident,NO_R010_I066,normal,R010,10.751037,106.678372
incident,NO_R010_I067,normal,R010,10.794515,106.67357
incident,NO_R010_I068,normal,R010,10.772546,106.72362
incident,NO_R010_I069,normal,R010,10.78353,106.60317
incident,NO_R010_I070,normal,R010,10.819742,106.659991
incident,NO_R010_I071,normal,R010,10.787986,106.730852
incident,NO_R010_I072,normal,R010,10.774693,106.674167
incident,NO_R010_I073,normal,R010,10.715207,106.680554
incident,NO_R010_I074,normal,R010,10.768709,106.65971
incident,NO_R010_I075,normal,R010,10.769012,106.709869
incident,NO_R010_I076,normal,R010,10.773754,106.717829
incident,NO_R010_I077,normal,R010,10.74478,106.681688
incident,NO_R010_I078,normal,R010,10.735686,106.704552
incident,NO_R010_I079,normal,R010,10.739592,106.683728
incident,NO_R010_I080,normal,R010,10.783398,106.747539
incident,NO_R010_I081,normal,R010,10.797475,106.691577
incident,NO_R010_I082,normal,R010,10.775875,106.639233
incident,NO_R010_I083,normal,R010,10.736992,106.690844
incident,NO_R010_I084,normal,R010,10.769331,106.572939
incident,NO_R010_I085,normal,R010,10.761174,106.654805
incident,NO_R010_I086,normal,R010,10.75666,106.613526
incident,NO_R010_I087,normal,R010,10.785693,106.748592
incident,NO_R010_I088,normal,R010,10.707102,106.690693
incident,NO_R010_I089,normal,R010,10.752042,106.658728
incident,NO_R010_I090,normal,R010,10.736353,106.728045
incident,NO_R010_I091,normal,R010,10.750466,106.647344
incident,NO_R010_I092,normal,R010,10.727446,106.687133
incident,NO_R010_I093,normal,R010,10.762604,106.714722
incident,NO_R010_I094,normal,R010,10.782692,106.683306
incident,NO_R010_I095,normal,R010,10.787235,106.658772
incident,NO_R010_I096,normal,R010,10.772853,106.655104
incident,NO_R010_I097,normal,R010,10.776352,106.659619
incident,NO_R010_I098,normal,R010,10.770465,106.616467
incident,NO_R010_I099,normal,R010,10.758318,106.687715
incident,NO_R010_I100,normal,R010,10.809307,106.683023
incident,NO_R011_I001,normal,R011,10.78364,106.678359
incident,NO_R011_I002,normal,R011,10.772224,106.703932
incident,NO_R011_I003,normal,R011,10.743973,106.586179
incident,NO_R011_I004,normal,R011,10.780363,106.754712
incident,NO_R011_I005,normal,R011,10.739238,106.675501
incident,NO_R011_I006,normal,R011,10.760305,106.669011
incident,NO_R011_I007,normal,R011,10.811525,106.698363
incident,NO_R011_I008,normal,R011,10.79229,106.675363
incident,NO_R011_I009,normal,R011,10.822961,106.632025
incident,NO_R011_I010,normal,R011,10.766435,106.669006
incident,NO_R011_I011,normal,R011,10.77676,106.690321
incident,NO_R011_I012,normal,R011,10.757175,106.67418
incident,NO_R011_I013,normal,R011,10.781222,106.710785
incident,NO_R011_I014,normal,R011,10.803967,106.737196
incident,NO_R011_I015,normal,R011,10.782431,106.66727
incident,NO_R011_I016,normal,R011,10.758084,106.769349
incident,NO_R011_I017,normal,R011,10.777091,106.661927
incident,NO_R011_I018,normal,R011,10.796602,106.671196
incident,NO_R011_I019,normal,R011,10.775776,106.715554
incident,NO_R011_I020,normal,R011,10.808089,106.723594
incident,NO_R011_I021,normal,R011,10.737468,106.765045
incident,NO_R011_I022,normal,R011,10.763001,106.630465
incident,NO_R011_I023,normal,R011,10.784062,106.681374
incident,NO_R011_I024,normal,R011,10.819664,106.731654
incident,NO_R011_I025,normal,R011,10.810968,106.699598
incident,NO_R011_I026,normal,R011,10.780387,106.736692
incident,NO_R011_I027,normal,R011,10.777427,106.691235
incident,NO_R011_I028,normal,R011,10.75216,106.673906
incident,NO_R011_I029,normal,R011,10.760088,106.696585
incident,NO_R011_I030,normal,R011,10.783591,106.734711
incident,NO_R011_I031,normal,R011,10.819785,106.673124
incident,NO_R011_I032,normal,R011,10.739734,106.728175
incident,NO_R011_I033,normal,R011,10.737221,106.73168
incident,NO_R011_I034,normal,R011,10.762376,106.747369
incident,NO_R011_I035,normal,R011,10.810213,106.663767
incident,NO_R011_I036,normal,R011,10.749807,106.678184
incident,NO_R011_I037,normal,R011,10.755263,106.717873
incident,NO_R011_I038,normal,R011,10.75438,106.62359
incident,NO_R011_I039,normal,R011,10.737163,106.646482
incident,NO_R011_I040,normal,R011,10.773359,106.680209
incident,NO_R011_I041,normal,R011,10.818981,106.655819
incident,NO_R011_I042,normal,R011,10.760648,106.707095
incident,NO_R011_I043,normal,R011,10.766633,106.766551
incident,NO_R011_I044,normal,R011,10.736069,106.615907
incident,NO_R011_I045,normal,R011,10.770011,106.672195
incident,NO_R011_I046,normal,R011,10.803749,106.683807
incident,NO_R011_I047,normal,R011,10.762285,106.659586
incident,NO_R011_I048,normal,R011,10.801733,106.727353
incident,NO_R011_I049,normal,R011,10.789254,106.672693
incident,NO_R011_I050,normal,R011,10.801124,106.653337
incident,NO_R011_I051,normal,R011,10.806157,106.647078
incident,NO_R011_I052,normal,R011,10.747948,106.655221
incident,NO_R011_I053,normal,R011,10.792575,106.731721
incident,NO_R011_I054,normal,R011,10.740499,106.694531
incident,NO_R011_I055,normal,R011,10.80008,106.683993
incident,NO_R011_I056,normal,R011,10.769951,106.704131
incident,NO_R011_I057,normal,R011,10.801485,106.676273
incident,NO_R011_I058,normal,R011,10.800376,106.646853
incident,NO_R011_I059,normal,R011,10.78387,106.69059
incident,NO_R011_I060,normal,R011,10.734266,106.685194
incident,NO_R011_I061,normal,R011,10.783308,106.711821
incident,NO_R011_I062,normal,R011,10.727602,106.684151
incident,NO_R011_I063,normal,R011,10.73806,106.675082
incident,NO_R011_I064,normal,R011,10.769632,106.62509
incident,NO_R011_I065,normal,R011,10.775712,106.66208
incident,NO_R011_I066,normal,R011,10.782812,106.660557
incident,NO_R011_I067,normal,R011,10.769475,106.646648
incident,NO_R011_I068,normal,R011,10.776945,106.684357
incident,NO_R011_I069,normal,R011,10.754228,106.725564
incident,NO_R011_I070,normal,R011,10.765708,106.718182
incident,NO_R011_I071,normal,R011,10.746451,106.647848
incident,NO_R011_I072,normal,R011,10.76032,106.707173
incident,NO_R011_I073,normal,R011,10.750667,106.713245
incident,NO_R011_I074,normal,R011,10.798084,106.676266
incident,NO_R011_I075,normal,R011,10.745405,106.712902
incident,NO_R011_I076,normal,R011,10.755844,106.717929
incident,NO_R011_I077,normal,R011,10.760632,106.631323
incident,NO_R011_I078,normal,R011,10.822781,106.66142
incident,NO_R011_I079,normal,R011,10.747374,106.613361
incident,NO_R011_I080,normal,R011,10.780365,106.674792
incident,NO_R011_I081,normal,R011,10.747977,106.641023
incident,NO_R011_I082,normal,R011,10.73602,106.672424
incident,NO_R011_I083,normal,R011,10.791085,106.646945
incident,NO_R011_I084,normal,R011,10.787887,106.664922
incident,NO_R011_I085,normal,R011,10.80069,106.721726
incident,NO_R011_I086,normal,R011,10.803299,106.694017
incident,NO_R011_I087,normal,R011,10.776394,106.67479
incident,NO_R011_I088,normal,R011,10.801687,106.635209
incident,NO_R011_I089,normal,R011,10.797704,106.766981
incident,NO_R011_I090,normal,R011,10.760789,106.666068
incident,NO_R011_I091,normal,R011,10.77482,106.638641
incident,NO_R011_I092,normal,R011,10.836693,106.666215
incident,NO_R011_I093,normal,R011,10.77318,106.656464
incident,NO_R011_I094,normal,R011,10.788736,106.663296
incident,NO_R011_I095,normal,R011,10.805842,106.657503
incident,NO_R011_I096,normal,R011,10.81057,106.692136
incident,NO_R011_I097,normal,R011,10.739133,106.731542
incident,NO_R011_I098,normal,R011,10.781027,106.671861
incident,NO_R011_I099,normal,R011,10.789877,106.676103
incident,NO_R011_I100,normal,R011,10.739483,106.651317
incident,NO_R012_I001,normal,R012,10.769953,106.658386
incident,NO_R012_I002,normal,R012,10.777804,106.624412
incident,NO_R012_I003,normal,R012,10.795204,106.643393
incident,NO_R012_I004,normal,R012,10.810911,106.70001
incident,NO_R012_I005,normal,R012,10.77811,106.697358
incident,NO_R012_I006,normal,R012,10.779249,106.663047
incident,NO_R012_I007,normal,R012,10.789168,106.663571
incident,NO_R012_I008,normal,R012,10.813663,106.725517
incident,NO_R012_I009,normal,R012,10.776245,106.728274
incident,NO_R012_I010,normal,R012,10.773199,106.637721
incident,NO_R012_I011,normal,R012,10.780916,106.646145
incident,NO_R012_I012,normal,R012,10.753483,106.699798
incident,NO_R012_I013,normal,R012,10.761639,106.728088
incident,NO_R012_I014,normal,R012,10.746719,106.722076
incident,NO_R012_I015,normal,R012,10.798485,106.658344
incident,NO_R012_I016,normal,R012,10.74145,106.687327
incident,NO_R012_I017,normal,R012,10.81215,106.650239
incident,NO_R012_I018,normal,R012,10.796599,106.633506
incident,NO_R012_I019,normal,R012,10.795163,106.70847
incident,NO_R012_I020,normal,R012,10.775105,106.630762
incident,NO_R012_I021,normal,R012,10.766711,106.641951
incident,NO_R012_I022,normal,R012,10.760063,106.629114
incident,NO_R012_I023,normal,R012,10.760783,106.673416
incident,NO_R012_I024,normal,R012,10.807477,106.658889
incident,NO_R012_I025,normal,R012,10.7715,106.697874
incident,NO_R012_I026,normal,R012,10.782085,106.718005
incident,NO_R012_I027,normal,R012,10.76946,106.703035
incident,NO_R012_I028,normal,R012,10.816973,106.723713
incident,NO_R012_I029,normal,R012,10.73992,106.72813
incident,NO_R012_I030,normal,R012,10.73442,106.643904
incident,NO_R012_I031,normal,R012,10.778084,106.725243
incident,NO_R012_I032,normal,R012,10.750765,106.69138
incident,NO_R012_I033,normal,R012,10.797089,106.7044
incident,NO_R012_I034,normal,R012,10.760665,106.610668
incident,NO_R012_I035,normal,R012,10.747561,106.701935
incident,NO_R012_I036,normal,R012,10.794146,106.68685
incident,NO_R012_I037,normal,R012,10.745777,106.746443
incident,NO_R012_I038,normal,R012,10.791247,106.681763
incident,NO_R012_I039,normal,R012,10.782148,106.624627
incident,NO_R012_I040,normal,R012,10.75468,106.689996
incident,NO_R012_I041,normal,R012,10.724136,106.668956
incident,NO_R012_I042,normal,R012,10.792103,106.65724
incident,NO_R012_I043,normal,R012,10.767888,106.683665
incident,NO_R012_I044,normal,R012,10.7628,106.687486
incident,NO_R012_I045,normal,R012,10.748062,106.687315
incident,NO_R012_I046,normal,R012,10.77026,106.664795
incident,NO_R012_I047,normal,R012,10.768244,106.683926
incident,NO_R012_I048,normal,R012,10.734386,106.67336
incident,NO_R012_I049,normal,R012,10.768009,106.714912
incident,NO_R012_I050,normal,R012,10.770492,106.691062
incident,NO_R012_I051,normal,R012,10.721488,106.728956
incident,NO_R012_I052,normal,R012,10.783183,106.69278
incident,NO_R012_I053,normal,R012,10.796903,106.704998
incident,NO_R012_I054,normal,R012,10.780648,106.667647
incident,NO_R012_I055,normal,R012,10.774133,106.629908
incident,NO_R012_I056,normal,R012,10.793574,106.713228
incident,NO_R012_I057,normal,R012,10.728111,106.670474
incident,NO_R012_I058,normal,R012,10.779434,106.697354
incident,NO_R012_I059,normal,R012,10.725916,106.669437
incident,NO_R012_I060,normal,R012,10.725214,106.63435
incident,NO_R012_I061,normal,R012,10.791189,106.65697
incident,NO_R012_I062,normal,R012,10.736657,106.671453
incident,NO_R012_I063,normal,R012,10.774263,106.668872
incident,NO_R012_I064,normal,R012,10.790986,106.729795
incident,NO_R012_I065,normal,R012,10.803815,106.700077
incident,NO_R012_I066,normal,R012,10.775897,106.702755
incident,NO_R012_I067,normal,R012,10.80572,106.634502
incident,NO_R012_I068,normal,R012,10.808524,106.639172
incident,NO_R012_I069,normal,R012,10.787769,106.665932
incident,NO_R012_I070,normal,R012,10.806545,106.699859
incident,NO_R012_I071,normal,R012,10.764108,106.623747
incident,NO_R012_I072,normal,R012,10.792002,106.671659
incident,NO_R012_I073,normal,R012,10.766218,106.665892
incident,NO_R012_I074,normal,R012,10.727566,106.635854
incident,NO_R012_I075,normal,R012,10.749708,106.678966
incident,NO_R012_I076,normal,R012,10.797646,106.64941
incident,NO_R012_I077,normal,R012,10.763873,106.672568
incident,NO_R012_I078,normal,R012,10.787812,106.626138
incident,NO_R012_I079,normal,R012,10.782861,106.663695
incident,NO_R012_I080,normal,R012,10.752742,106.657283
incident,NO_R012_I081,normal,R012,10.755978,106.736106
incident,NO_R012_I082,normal,R012,10.75634,106.640894
incident,NO_R012_I083,normal,R012,10.781168,106.667159
incident,NO_R012_I084,normal,R012,10.79462,106.650899
incident,NO_R012_I085,normal,R012,10.83558,106.709772
incident,NO_R012_I086,normal,R012,10.765621,106.633221
incident,NO_R012_I087,normal,R012,10.784832,106.708197
incident,NO_R012_I088,normal,R012,10.732801,106.734869
incident,NO_R012_I089,normal,R012,10.789587,106.618987
incident,NO_R012_I090,normal,R012,10.767435,106.669164
incident,NO_R012_I091,normal,R012,10.791576,106.617688
incident,NO_R012_I092,normal,R012,10.772366,106.648977
incident,NO_R012_I093,normal,R012,10.744548,106.712695
incident,NO_R012_I094,normal,R012,10.748619,106.704926
incident,NO_R012_I095,normal,R012,10.740051,106.675888
incident,NO_R012_I096,normal,R012,10.738993,106.62634
incident,NO_R012_I097,normal,R012,10.789983,106.629387
incident,NO_R012_I098,normal,R012,10.804523,106.703992
incident,NO_R012_I099,normal,R012,10.740802,106.65205
incident,NO_R012_I100,normal,R012,10.78062,106.620858
incident,NO_R013_I001,normal,R013,10.77236,106.695832
incident,NO_R013_I002,normal,R013,10.777842,106.669854
incident,NO_R013_I003,normal,R013,10.744508,106.6535
incident,NO_R013_I004,normal,R013,10.733334,106.654773
incident,NO_R013_I005,normal,R013,10.741868,106.667673
incident,NO_R013_I006,normal,R013,10.784604,106.716502
incident,NO_R013_I007,normal,R013,10.763557,106.642499
incident,NO_R013_I008,normal,R013,10.767409,106.665701
incident,NO_R013_I009,normal,R013,10.741556,106.709333
incident,NO_R013_I010,normal,R013,10.768062,106.724377
incident,NO_R013_I011,normal,R013,10.739952,106.762468
incident,NO_R013_I012,normal,R013,10.793366,106.675895
incident,NO_R013_I013,normal,R013,10.781582,106.686703
incident,NO_R013_I014,normal,R013,10.767788,106.606884
incident,NO_R013_I015,normal,R013,10.765634,106.69995
incident,NO_R013_I016,normal,R013,10.734705,106.727107
incident,NO_R013_I017,normal,R013,10.805749,106.706562
incident,NO_R013_I018,normal,R013,10.822158,106.606857
incident,NO_R013_I019,normal,R013,10.728899,106.653216
incident,NO_R013_I020,normal,R013,10.752696,106.697219
incident,NO_R013_I021,normal,R013,10.783394,106.733028
incident,NO_R013_I022,normal,R013,10.746381,106.652163
incident,NO_R013_I023,normal,R013,10.77558,106.671203
incident,NO_R013_I024,normal,R013,10.802529,106.691681
incident,NO_R013_I025,normal,R013,10.775275,106.668661
incident,NO_R013_I026,normal,R013,10.748831,106.689452
incident,NO_R013_I027,normal,R013,10.770031,106.698319
incident,NO_R013_I028,normal,R013,10.753708,106.701859
incident,NO_R013_I029,normal,R013,10.74805,106.724496
incident,NO_R013_I030,normal,R013,10.734664,106.637313
incident,NO_R013_I031,normal,R013,10.794517,106.655443
incident,NO_R013_I032,normal,R013,10.771772,106.621718
incident,NO_R013_I033,normal,R013,10.736016,106.712104
incident,NO_R013_I034,normal,R013,10.748891,106.713312
incident,NO_R013_I035,normal,R013,10.71856,106.726263
incident,NO_R013_I036,normal,R013,10.78807,106.722536
incident,NO_R013_I037,normal,R013,10.788956,106.65808
incident,NO_R013_I038,normal,R013,10.746142,106.68637
incident,NO_R013_I039,normal,R013,10.755117,106.676971
incident,NO_R013_I040,normal,R013,10.796532,106.644945
incident,NO_R013_I041,normal,R013,10.786994,106.665924
incident,NO_R013_I042,normal,R013,10.808392,106.645297
incident,NO_R013_I043,normal,R013,10.746574,106.730252
incident,NO_R013_I044,normal,R013,10.814474,106.701195
incident,NO_R013_I045,normal,R013,10.763283,106.68367
incident,NO_R013_I046,normal,R013,10.748697,106.671872
incident,NO_R013_I047,normal,R013,10.764177,106.715167
incident,NO_R013_I048,normal,R013,10.76913,106.676421
incident,NO_R013_I049,normal,R013,10.757657,106.651482
incident,NO_R013_I050,normal,R013,10.769361,106.710744
incident,NO_R013_I051,normal,R013,10.754013,106.694581
incident,NO_R013_I052,normal,R013,10.741604,106.75281
incident,NO_R013_I053,normal,R013,10.767976,106.624128
incident,NO_R013_I054,normal,R013,10.751932,106.749154
incident,NO_R013_I055,normal,R013,10.728614,106.726389
incident,NO_R013_I056,normal,R013,10.751338,106.73137
incident,NO_R013_I057,normal,R013,10.783649,106.667917
incident,NO_R013_I058,normal,R013,10.781861,106.701321
incident,NO_R013_I059,normal,R013,10.774255,106.664659
incident,NO_R013_I060,normal,R013,10.798726,106.637085
incident,NO_R013_I061,normal,R013,10.773776,106.675697
incident,NO_R013_I062,normal,R013,10.799973,106.658625
incident,NO_R013_I063,normal,R013,10.791469,106.692049
incident,NO_R013_I064,normal,R013,10.786761,106.728512
incident,NO_R013_I065,normal,R013,10.7667,106.738882
incident,NO_R013_I066,normal,R013,10.786354,106.668193
incident,NO_R013_I067,normal,R013,10.811178,106.693615
incident,NO_R013_I068,normal,R013,10.799671,106.669652
incident,NO_R013_I069,normal,R013,10.779102,106.638863
incident,NO_R013_I070,normal,R013,10.783929,106.73313
incident,NO_R013_I071,normal,R013,10.774512,106.69402
incident,NO_R013_I072,normal,R013,10.811879,106.675157
incident,NO_R013_I073,normal,R013,10.772541,106.670071
incident,NO_R013_I074,normal,R013,10.741271,106.715298
incident,NO_R013_I075,normal,R013,10.785591,106.691307
incident,NO_R013_I076,normal,R013,10.769174,106.664026
incident,NO_R013_I077,normal,R013,10.798813,106.663873
incident,NO_R013_I078,normal,R013,10.762114,106.7124
incident,NO_R013_I079,normal,R013,10.790436,106.637269
incident,NO_R013_I080,normal,R013,10.792198,106.716894
incident,NO_R013_I081,normal,R013,10.765503,106.67788
incident,NO_R013_I082,normal,R013,10.78747,106.688117
incident,NO_R013_I083,normal,R013,10.794599,106.709536
incident,NO_R013_I084,normal,R013,10.76618,106.718213
incident,NO_R013_I085,normal,R013,10.789102,106.6578
incident,NO_R013_I086,normal,R013,10.751605,106.613096
incident,NO_R013_I087,normal,R013,10.811584,106.613557
incident,NO_R013_I088,normal,R013,10.796673,106.66937
incident,NO_R013_I089,normal,R013,10.783658,106.655662
incident,NO_R013_I090,normal,R013,10.779846,106.6495
incident,NO_R013_I091,normal,R013,10.771886,106.689761
incident,NO_R013_I092,normal,R013,10.78956,106.720481
incident,NO_R013_I093,normal,R013,10.80751,106.634413
incident,NO_R013_I094,normal,R013,10.782863,106.686425
incident,NO_R013_I095,normal,R013,10.752075,106.709108
incident,NO_R013_I096,normal,R013,10.759301,106.770032
incident,NO_R013_I097,normal,R013,10.758102,106.642498
incident,NO_R013_I098,normal,R013,10.77288,106.673317
incident,NO_R013_I099,normal,R013,10.775364,106.652063
incident,NO_R013_I100,normal,R013,10.742052,106.689413
incident,NO_R014_I001,normal,R014,10.757303,106.669804
incident,NO_R014_I002,normal,R014,10.757797,106.67619
incident,NO_R014_I003,normal,R014,10.786767,106.716608
incident,NO_R014_I004,normal,R014,10.816494,106.649392
incident,NO_R014_I005,normal,R014,10.796089,106.682141
incident,NO_R014_I006,normal,R014,10.793356,106.716267
incident,NO_R014_I007,normal,R014,10.781945,106.709058
incident,NO_R014_I008,normal,R014,10.855636,106.688437
incident,NO_R014_I009,normal,R014,10.807644,106.704256
incident,NO_R014_I010,normal,R014,10.750907,106.633726
incident,NO_R014_I011,normal,R014,10.770512,106.651266
incident,NO_R014_I012,normal,R014,10.814161,106.691268
incident,NO_R014_I013,normal,R014,10.792316,106.63232
incident,NO_R014_I014,normal,R014,10.759906,106.655705
incident,NO_R014_I015,normal,R014,10.78714,106.69556
incident,NO_R014_I016,normal,R014,10.753084,106.682065
incident,NO_R014_I017,normal,R014,10.794866,106.623976
incident,NO_R014_I018,normal,R014,10.769039,106.676113
incident,NO_R014_I019,normal,R014,10.755667,106.735433
incident,NO_R014_I020,normal,R014,10.772325,106.69892
incident,NO_R014_I021,normal,R014,10.781571,106.699466
incident,NO_R014_I022,normal,R014,10.755588,106.681951
incident,NO_R014_I023,normal,R014,10.749919,106.651147
incident,NO_R014_I024,normal,R014,10.779678,106.659068
incident,NO_R014_I025,normal,R014,10.769961,106.648581
incident,NO_R014_I026,normal,R014,10.766327,106.677498
incident,NO_R014_I027,normal,R014,10.775232,106.684498
incident,NO_R014_I028,normal,R014,10.715472,106.597307
incident,NO_R014_I029,normal,R014,10.74969,106.624947
incident,NO_R014_I030,normal,R014,10.738743,106.658145
incident,NO_R014_I031,normal,R014,10.794548,106.637534
incident,NO_R014_I032,normal,R014,10.771395,106.65653
incident,NO_R014_I033,normal,R014,10.778846,106.696062
incident,NO_R014_I034,normal,R014,10.76352,106.732048
incident,NO_R014_I035,normal,R014,10.782679,106.651857
incident,NO_R014_I036,normal,R014,10.797776,106.664539
incident,NO_R014_I037,normal,R014,10.772509,106.678254
incident,NO_R014_I038,normal,R014,10.774493,106.707159
incident,NO_R014_I039,normal,R014,10.780676,106.643459
incident,NO_R014_I040,normal,R014,10.761837,106.694177
incident,NO_R014_I041,normal,R014,10.786475,106.670738
incident,NO_R014_I042,normal,R014,10.798439,106.618297
incident,NO_R014_I043,normal,R014,10.750168,106.69863
incident,NO_R014_I044,normal,R014,10.772927,106.724074
incident,NO_R014_I045,normal,R014,10.795672,106.663715
incident,NO_R014_I046,normal,R014,10.766194,106.760381
incident,NO_R014_I047,normal,R014,10.749063,106.655872
incident,NO_R014_I048,normal,R014,10.790152,106.655958
incident,NO_R014_I049,normal,R014,10.744509,106.667366
incident,NO_R014_I050,normal,R014,10.725275,106.707097
incident,NO_R014_I051,normal,R014,10.800017,106.594887
incident,NO_R014_I052,normal,R014,10.733705,106.68964
incident,NO_R014_I053,normal,R014,10.80998,106.66995
incident,NO_R014_I054,normal,R014,10.753761,106.633944
incident,NO_R014_I055,normal,R014,10.741681,106.658937
incident,NO_R014_I056,normal,R014,10.750385,106.660463
incident,NO_R014_I057,normal,R014,10.740233,106.676125
incident,NO_R014_I058,normal,R014,10.759692,106.673073
incident,NO_R014_I059,normal,R014,10.720818,106.699349
incident,NO_R014_I060,normal,R014,10.751677,106.671154
incident,NO_R014_I061,normal,R014,10.784864,106.684605
incident,NO_R014_I062,normal,R014,10.789752,106.640463
incident,NO_R014_I063,normal,R014,10.802337,106.621895
incident,NO_R014_I064,normal,R014,10.798587,106.70131
incident,NO_R014_I065,normal,R014,10.786367,106.692432
incident,NO_R014_I066,normal,R014,10.769243,106.78956
incident,NO_R014_I067,normal,R014,10.790414,106.637392
incident,NO_R014_I068,normal,R014,10.78498,106.657532
incident,NO_R014_I069,normal,R014,10.787036,106.724076
incident,NO_R014_I070,normal,R014,10.753425,106.730219
incident,NO_R014_I071,normal,R014,10.759697,106.726548
incident,NO_R014_I072,normal,R014,10.760587,106.678222
incident,NO_R014_I073,normal,R014,10.764841,106.675229
incident,NO_R014_I074,normal,R014,10.771285,106.682257
incident,NO_R014_I075,normal,R014,10.73666,106.73181
incident,NO_R014_I076,normal,R014,10.771144,106.695941
incident,NO_R014_I077,normal,R014,10.706605,106.712648
incident,NO_R014_I078,normal,R014,10.778518,106.662284
incident,NO_R014_I079,normal,R014,10.73983,106.682104
incident,NO_R014_I080,normal,R014,10.76545,106.663572
incident,NO_R014_I081,normal,R014,10.820746,106.605153
incident,NO_R014_I082,normal,R014,10.782618,106.72869
incident,NO_R014_I083,normal,R014,10.778668,106.663572
incident,NO_R014_I084,normal,R014,10.785368,106.650403
incident,NO_R014_I085,normal,R014,10.800948,106.661926
incident,NO_R014_I086,normal,R014,10.76056,106.703227
incident,NO_R014_I087,normal,R014,10.780975,106.658449
incident,NO_R014_I088,normal,R014,10.819034,106.68109
incident,NO_R014_I089,normal,R014,10.787657,106.678307
incident,NO_R014_I090,normal,R014,10.742569,106.679791
incident,NO_R014_I091,normal,R014,10.774853,106.631794
incident,NO_R014_I092,normal,R014,10.769844,106.748268
incident,NO_R014_I093,normal,R014,10.799776,106.689013
incident,NO_R014_I094,normal,R014,10.787315,106.657479
incident,NO_R014_I095,normal,R014,10.765324,106.677605
incident,NO_R014_I096,normal,R014,10.730058,106.716873
incident,NO_R014_I097,normal,R014,10.756258,106.758938
incident,NO_R014_I098,normal,R014,10.749059,106.668846
incident,NO_R014_I099,normal,R014,10.785819,106.683157
incident,NO_R014_I100,normal,R014,10.7782,106.725552
incident,NO_R015_I001,normal,R015,10.764371,106.663436
incident,NO_R015_I002,normal,R015,10.765525,106.663918
incident,NO_R015_I003,normal,R015,10.753185,106.709858
incident,NO_R015_I004,normal,R015,10.749248,106.688995
incident,NO_R015_I005,normal,R015,10.766069,106.716943
incident,NO_R015_I006,normal,R015,10.750553,106.649246
incident,NO_R015_I007,normal,R015,10.795803,106.661523
incident,NO_R015_I008,normal,R015,10.753908,106.726469
incident,NO_R015_I009,normal,R015,10.792046,106.660261
incident,NO_R015_I010,normal,R015,10.734463,106.701617
incident,NO_R015_I011,normal,R015,10.780598,106.693521
incident,NO_R015_I012,normal,R015,10.764493,106.669087
incident,NO_R015_I013,normal,R015,10.80288,106.618631
incident,NO_R015_I014,normal,R015,10.720622,106.648267
incident,NO_R015_I015,normal,R015,10.782895,106.653301
incident,NO_R015_I016,normal,R015,10.801584,106.744844
incident,NO_R015_I017,normal,R015,10.748447,106.662853
incident,NO_R015_I018,normal,R015,10.759758,106.732063
incident,NO_R015_I019,normal,R015,10.786122,106.657633
incident,NO_R015_I020,normal,R015,10.80281,106.659754
incident,NO_R015_I021,normal,R015,10.753726,106.67334
incident,NO_R015_I022,normal,R015,10.788539,106.663435
incident,NO_R015_I023,normal,R015,10.725527,106.761462
incident,NO_R015_I024,normal,R015,10.742992,106.7099
incident,NO_R015_I025,normal,R015,10.77366,106.702903
incident,NO_R015_I026,normal,R015,10.747756,106.755397
incident,NO_R015_I027,normal,R015,10.71801,106.645353
incident,NO_R015_I028,normal,R015,10.74499,106.64619
incident,NO_R015_I029,normal,R015,10.778609,106.716898
incident,NO_R015_I030,normal,R015,10.819396,106.695796
incident,NO_R015_I031,normal,R015,10.728553,106.666494
incident,NO_R015_I032,normal,R015,10.784272,106.697554
incident,NO_R015_I033,normal,R015,10.769283,106.705572
incident,NO_R015_I034,normal,R015,10.772382,106.683828
incident,NO_R015_I035,normal,R015,10.783121,106.665303
incident,NO_R015_I036,normal,R015,10.794393,106.658083
incident,NO_R015_I037,normal,R015,10.803525,106.748266
incident,NO_R015_I038,normal,R015,10.760033,106.647978
incident,NO_R015_I039,normal,R015,10.791739,106.629928
incident,NO_R015_I040,normal,R015,10.768603,106.70585
incident,NO_R015_I041,normal,R015,10.786237,106.65916
incident,NO_R015_I042,normal,R015,10.772003,106.642031
incident,NO_R015_I043,normal,R015,10.827275,106.671508
incident,NO_R015_I044,normal,R015,10.812221,106.698269
incident,NO_R015_I045,normal,R015,10.748706,106.658203
incident,NO_R015_I046,normal,R015,10.766756,106.682591
incident,NO_R015_I047,normal,R015,10.788415,106.6676
incident,NO_R015_I048,normal,R015,10.761967,106.67287
incident,NO_R015_I049,normal,R015,10.761613,106.665311
incident,NO_R015_I050,normal,R015,10.756989,106.665491
incident,NO_R015_I051,normal,R015,10.821231,106.673829
incident,NO_R015_I052,normal,R015,10.752268,106.612216
incident,NO_R015_I053,normal,R015,10.761411,106.678649
incident,NO_R015_I054,normal,R015,10.753226,106.666064
incident,NO_R015_I055,normal,R015,10.76513,106.683327
incident,NO_R015_I056,normal,R015,10.767433,106.673616
incident,NO_R015_I057,normal,R015,10.784471,106.686976
incident,NO_R015_I058,normal,R015,10.821258,106.708968
incident,NO_R015_I059,normal,R015,10.802539,106.714011
incident,NO_R015_I060,normal,R015,10.759275,106.726566
incident,NO_R015_I061,normal,R015,10.810148,106.693102
incident,NO_R015_I062,normal,R015,10.785713,106.666235
incident,NO_R015_I063,normal,R015,10.775764,106.712041
incident,NO_R015_I064,normal,R015,10.761516,106.561572
incident,NO_R015_I065,normal,R015,10.776913,106.644298
incident,NO_R015_I066,normal,R015,10.769318,106.684286
incident,NO_R015_I067,normal,R015,10.755495,106.751565
incident,NO_R015_I068,normal,R015,10.765447,106.75494
incident,NO_R015_I069,normal,R015,10.783654,106.610624
incident,NO_R015_I070,normal,R015,10.749188,106.661849
incident,NO_R015_I071,normal,R015,10.739562,106.723969
incident,NO_R015_I072,normal,R015,10.773081,106.644309
incident,NO_R015_I073,normal,R015,10.768365,106.675162
incident,NO_R015_I074,normal,R015,10.753106,106.690836
incident,NO_R015_I075,normal,R015,10.738732,106.62336
incident,NO_R015_I076,normal,R015,10.775854,106.706737
incident,NO_R015_I077,normal,R015,10.772771,106.651679
incident,NO_R015_I078,normal,R015,10.795944,106.693078
incident,NO_R015_I079,normal,R015,10.795022,106.790761
incident,NO_R015_I080,normal,R015,10.793265,106.681444
incident,NO_R015_I081,normal,R015,10.757842,106.751778
incident,NO_R015_I082,normal,R015,10.736243,106.690509
incident,NO_R015_I083,normal,R015,10.777626,106.657492
incident,NO_R015_I084,normal,R015,10.755352,106.616
incident,NO_R015_I085,normal,R015,10.754266,106.647011
incident,NO_R015_I086,normal,R015,10.775386,106.620621
incident,NO_R015_I087,normal,R015,10.771442,106.718764
incident,NO_R015_I088,normal,R015,10.740516,106.649286
incident,NO_R015_I089,normal,R015,10.76515,106.644449
incident,NO_R015_I090,normal,R015,10.769158,106.714474
incident,NO_R015_I091,normal,R015,10.846185,106.617727
incident,NO_R015_I092,normal,R015,10.780864,106.658229
incident,NO_R015_I093,normal,R015,10.761604,106.698243
incident,NO_R015_I094,normal,R015,10.779901,106.645126
incident,NO_R015_I095,normal,R015,10.783686,106.673927
incident,NO_R015_I096,normal,R015,10.758395,106.685293
incident,NO_R015_I097,normal,R015,10.776571,106.68212
incident,NO_R015_I098,normal,R015,10.783583,106.695929
incident,NO_R015_I099,normal,R015,10.756998,106.612424
incident,NO_R015_I100,normal,R015,10.806465,106.694615
incident,NO_R016_I001,normal,R016,10.791259,106.705435
incident,NO_R016_I002,normal,R016,10.71351,106.670279
incident,NO_R016_I003,normal,R016,10.782071,106.711059
incident,NO_R016_I004,normal,R016,10.762221,106.726948
incident,NO_R016_I005,normal,R016,10.79002,106.652335
incident,NO_R016_I006,normal,R016,10.791901,106.665907
incident,NO_R016_I007,normal,R016,10.764863,106.662902
incident,NO_R016_I008,normal,R016,10.7685,106.719562
incident,NO_R016_I009,normal,R016,10.785391,106.693811
incident,NO_R016_I010,normal,R016,10.796201,106.675646
incident,NO_R016_I011,normal,R016,10.748695,106.721307
incident,NO_R016_I012,normal,R016,10.76602,106.649912
incident,NO_R016_I013,normal,R016,10.789829,106.665305
incident,NO_R016_I014,normal,R016,10.802606,106.723721
incident,NO_R016_I015,normal,R016,10.772469,106.728394
incident,NO_R016_I016,normal,R016,10.824824,106.649106
incident,NO_R016_I017,normal,R016,10.741537,106.653754
incident,NO_R016_I018,normal,R016,10.760136,106.675481
incident,NO_R016_I019,normal,R016,10.788677,106.652465
incident,NO_R016_I020,normal,R016,10.791826,106.683605
incident,NO_R016_I021,normal,R016,10.785542,106.706422
incident,NO_R016_I022,normal,R016,10.746911,106.673357
incident,NO_R016_I023,normal,R016,10.736207,106.702229
incident,NO_R016_I024,normal,R016,10.802381,106.716819
incident,NO_R016_I025,normal,R016,10.749879,106.673494
incident,NO_R016_I026,normal,R016,10.838043,106.73487
incident,NO_R016_I027,normal,R016,10.767221,106.728443
incident,NO_R016_I028,normal,R016,10.781936,106.76938
incident,NO_R016_I029,normal,R016,10.782898,106.693965
incident,NO_R016_I030,normal,R016,10.769082,106.65893
incident,NO_R016_I031,normal,R016,10.760485,106.674894
incident,NO_R016_I032,normal,R016,10.734171,106.629127
incident,NO_R016_I033,normal,R016,10.748626,106.678741
incident,NO_R016_I034,normal,R016,10.751565,106.651033
incident,NO_R016_I035,normal,R016,10.769686,106.643469
incident,NO_R016_I036,normal,R016,10.786401,106.643465
incident,NO_R016_I037,normal,R016,10.773785,106.711391
incident,NO_R016_I038,normal,R016,10.776406,106.659103
incident,NO_R016_I039,normal,R016,10.785676,106.67467
incident,NO_R016_I040,normal,R016,10.799037,106.680038
incident,NO_R016_I041,normal,R016,10.799501,106.675924
incident,NO_R016_I042,normal,R016,10.849017,106.653243
incident,NO_R016_I043,normal,R016,10.753632,106.610359
incident,NO_R016_I044,normal,R016,10.793843,106.686585
incident,NO_R016_I045,normal,R016,10.741756,106.707615
incident,NO_R016_I046,normal,R016,10.746074,106.673562
incident,NO_R016_I047,normal,R016,10.760996,106.690497
incident,NO_R016_I048,normal,R016,10.734447,106.688143
incident,NO_R016_I049,normal,R016,10.775728,106.679877
incident,NO_R016_I050,normal,R016,10.784537,106.696054
incident,NO_R016_I051,normal,R016,10.780115,106.692442
incident,NO_R016_I052,normal,R016,10.734033,106.707656
incident,NO_R016_I053,normal,R016,10.766452,106.655414
incident,NO_R016_I054,normal,R016,10.770579,106.687404
incident,NO_R016_I055,normal,R016,10.746679,106.682348
incident,NO_R016_I056,normal,R016,10.786037,106.711265
incident,NO_R016_I057,normal,R016,10.737107,106.688549
incident,NO_R016_I058,normal,R016,10.734432,106.72238
incident,NO_R016_I059,normal,R016,10.757981,106.644546
incident,NO_R016_I060,normal,R016,10.759573,106.756185
incident,NO_R016_I061,normal,R016,10.799762,106.707341
incident,NO_R016_I062,normal,R016,10.783765,106.659658
incident,NO_R016_I063,normal,R016,10.794743,106.689239
incident,NO_R016_I064,normal,R016,10.794068,106.729817
incident,NO_R016_I065,normal,R016,10.756445,106.683921
incident,NO_R016_I066,normal,R016,10.752567,106.702163
incident,NO_R016_I067,normal,R016,10.752826,106.619684
incident,NO_R016_I068,normal,R016,10.737789,106.763442
incident,NO_R016_I069,normal,R016,10.785169,106.688973
incident,NO_R016_I070,normal,R016,10.748424,106.65182
incident,NO_R016_I071,normal,R016,10.762548,106.669058
incident,NO_R016_I072,normal,R016,10.763265,106.700615
incident,NO_R016_I073,normal,R016,10.758756,106.754286
incident,NO_R016_I074,normal,R016,10.785984,106.690501
incident,NO_R016_I075,normal,R016,10.733906,106.675273
incident,NO_R016_I076,normal,R016,10.769449,106.655727
incident,NO_R016_I077,normal,R016,10.742034,106.714531
incident,NO_R016_I078,normal,R016,10.789537,106.65734
incident,NO_R016_I079,normal,R016,10.79121,106.729612
incident,NO_R016_I080,normal,R016,10.766164,106.7562
incident,NO_R016_I081,normal,R016,10.756294,106.695924
incident,NO_R016_I082,normal,R016,10.742928,106.618936
incident,NO_R016_I083,normal,R016,10.796968,106.672001
incident,NO_R016_I084,normal,R016,10.70686,106.645256
incident,NO_R016_I085,normal,R016,10.767033,106.662377
incident,NO_R016_I086,normal,R016,10.747214,106.677732
incident,NO_R016_I087,normal,R016,10.761966,106.677007
incident,NO_R016_I088,normal,R016,10.783621,106.647113
incident,NO_R016_I089,normal,R016,10.733897,106.664182
incident,NO_R016_I090,normal,R016,10.774026,106.662386
incident,NO_R016_I091,normal,R016,10.719111,106.655479
incident,NO_R016_I092,normal,R016,10.781932,106.696092
incident,NO_R016_I093,normal,R016,10.760235,106.698152
incident,NO_R016_I094,normal,R016,10.753,106.606967
incident,NO_R016_I095,normal,R016,10.780832,106.720689
incident,NO_R016_I096,normal,R016,10.762611,106.689104
incident,NO_R016_I097,normal,R016,10.743375,106.683607
incident,NO_R016_I098,normal,R016,10.727229,106.675664
incident,NO_R016_I099,normal,R016,10.777009,106.717793
incident,NO_R016_I100,normal,R016,10.788521,106.726817
incident,NO_R017_I001,normal,R017,10.758916,106.631706
incident,NO_R017_I002,normal,R017,10.792835,106.672315
incident,NO_R017_I003,normal,R017,10.734232,106.679255
incident,NO_R017_I004,normal,R017,10.775559,106.582417
incident,NO_R017_I005,normal,R017,10.76109,106.659512
incident,NO_R017_I006,normal,R017,10.78105,106.697049
incident,NO_R017_I007,normal,R017,10.77116,106.68329
incident,NO_R017_I008,normal,R017,10.815668,106.662738
incident,NO_R017_I009,normal,R017,10.781921,106.711719
incident,NO_R017_I010,normal,R017,10.713296,106.601512
incident,NO_R017_I011,normal,R017,10.756387,106.711419
incident,NO_R017_I012,normal,R017,10.718011,106.663621
incident,NO_R017_I013,normal,R017,10.769861,106.683919
incident,NO_R017_I014,normal,R017,10.750026,106.734159
incident,NO_R017_I015,normal,R017,10.767979,106.699037
incident,NO_R017_I016,normal,R017,10.769935,106.677004
incident,NO_R017_I017,normal,R017,10.753331,106.695006
incident,NO_R017_I018,normal,R017,10.769558,106.68715
incident,NO_R017_I019,normal,R017,10.765109,106.623749
incident,NO_R017_I020,normal,R017,10.775499,106.693019
incident,NO_R017_I021,normal,R017,10.763941,106.710186
incident,NO_R017_I022,normal,R017,10.785824,106.634606
incident,NO_R017_I023,normal,R017,10.806259,106.755258
incident,NO_R017_I024,normal,R017,10.829433,106.66818
incident,NO_R017_I025,normal,R017,10.73294,106.696468
incident,NO_R017_I026,normal,R017,10.764239,106.697041
incident,NO_R017_I027,normal,R017,10.790312,106.691191
incident,NO_R017_I028,normal,R017,10.749558,106.642562
incident,NO_R017_I029,normal,R017,10.789163,106.705012
incident,NO_R017_I030,normal,R017,10.796257,106.715681
incident,NO_R017_I031,normal,R017,10.760837,106.673796
incident,NO_R017_I032,normal,R017,10.777567,106.628611
incident,NO_R017_I033,normal,R017,10.732536,106.705141
incident,NO_R017_I034,normal,R017,10.767004,106.71678
incident,NO_R017_I035,normal,R017,10.764073,106.659107
incident,NO_R017_I036,normal,R017,10.789524,106.71053
incident,NO_R017_I037,normal,R017,10.771785,106.693217
incident,NO_R017_I038,normal,R017,10.75802,106.703651
incident,NO_R017_I039,normal,R017,10.810388,106.674446
incident,NO_R017_I040,normal,R017,10.78469,106.708309
incident,NO_R017_I041,normal,R017,10.835918,106.717575
incident,NO_R017_I042,normal,R017,10.8151,106.703711
incident,NO_R017_I043,normal,R017,10.77674,106.737887
incident,NO_R017_I044,normal,R017,10.795459,106.694485
incident,NO_R017_I045,normal,R017,10.735153,106.656314
incident,NO_R017_I046,normal,R017,10.76524,106.703013
incident,NO_R017_I047,normal,R017,10.729608,106.727097
incident,NO_R017_I048,normal,R017,10.801621,106.754726
incident,NO_R017_I049,normal,R017,10.803527,106.697062
incident,NO_R017_I050,normal,R017,10.801973,106.651353
incident,NO_R017_I051,normal,R017,10.768111,106.623633
incident,NO_R017_I052,normal,R017,10.749701,106.61654
incident,NO_R017_I053,normal,R017,10.767548,106.706131
incident,NO_R017_I054,normal,R017,10.748792,106.678062
incident,NO_R017_I055,normal,R017,10.757202,106.725807
incident,NO_R017_I056,normal,R017,10.769581,106.665002
incident,NO_R017_I057,normal,R017,10.727488,106.69708
incident,NO_R017_I058,normal,R017,10.776035,106.71961
incident,NO_R017_I059,normal,R017,10.784551,106.73646
incident,NO_R017_I060,normal,R017,10.726372,106.713353
incident,NO_R017_I061,normal,R017,10.747535,106.697434
incident,NO_R017_I062,normal,R017,10.777338,106.690122
incident,NO_R017_I063,normal,R017,10.782504,106.674221
incident,NO_R017_I064,normal,R017,10.809973,106.627429
incident,NO_R017_I065,normal,R017,10.760126,106.686328
incident,NO_R017_I066,normal,R017,10.778944,106.661977
incident,NO_R017_I067,normal,R017,10.759392,106.666614
incident,NO_R017_I068,normal,R017,10.787817,106.689074
incident,NO_R017_I069,normal,R017,10.785234,106.669621
incident,NO_R017_I070,normal,R017,10.771853,106.680132
incident,NO_R017_I071,normal,R017,10.845184,106.695948
incident,NO_R017_I072,normal,R017,10.727659,106.647747
incident,NO_R017_I073,normal,R017,10.7539,106.649099
incident,NO_R017_I074,normal,R017,10.729303,106.666768
incident,NO_R017_I075,normal,R017,10.767261,106.740169
incident,NO_R017_I076,normal,R017,10.750516,106.651395
incident,NO_R017_I077,normal,R017,10.80387,106.659899
incident,NO_R017_I078,normal,R017,10.733591,106.715334
incident,NO_R017_I079,normal,R017,10.73904,106.715297
incident,NO_R017_I080,normal,R017,10.741598,106.643956
incident,NO_R017_I081,normal,R017,10.788856,106.673969
incident,NO_R017_I082,normal,R017,10.778783,106.629196
incident,NO_R017_I083,normal,R017,10.778729,106.72067
incident,NO_R017_I084,normal,R017,10.788134,106.694562
incident,NO_R017_I085,normal,R017,10.7842,106.74698
incident,NO_R017_I086,normal,R017,10.75749,106.712127
incident,NO_R017_I087,normal,R017,10.803345,106.709799
incident,NO_R017_I088,normal,R017,10.776709,106.649591
incident,NO_R017_I089,normal,R017,10.733257,106.663638
incident,NO_R017_I090,normal,R017,10.812004,106.679557
incident,NO_R017_I091,normal,R017,10.787998,106.653348
incident,NO_R017_I092,normal,R017,10.75403,106.657416
incident,NO_R017_I093,normal,R017,10.792427,106.673705
incident,NO_R017_I094,normal,R017,10.776709,106.614746
incident,NO_R017_I095,normal,R017,10.797636,106.678448
incident,NO_R017_I096,normal,R017,10.758821,106.71399
incident,NO_R017_I097,normal,R017,10.792344,106.654101
incident,NO_R017_I098,normal,R017,10.719722,106.668906
incident,NO_R017_I099,normal,R017,10.749301,106.669882
incident,NO_R017_I100,normal,R017,10.832118,106.612534
incident,NO_R018_I001,normal,R018,10.742542,106.679697
incident,NO_R018_I002,normal,R018,10.787919,106.734653
incident,NO_R018_I003,normal,R018,10.785433,106.678739
incident,NO_R018_I004,normal,R018,10.774334,106.683002
incident,NO_R018_I005,normal,R018,10.762411,106.635536
incident,NO_R018_I006,normal,R018,10.811358,106.748279
incident,NO_R018_I007,normal,R018,10.76046,106.677874
incident,NO_R018_I008,normal,R018,10.768735,106.676582
incident,NO_R018_I009,normal,R018,10.751132,106.629959
incident,NO_R018_I010,normal,R018,10.750739,106.673099
incident,NO_R018_I011,normal,R018,10.781938,106.719241
incident,NO_R018_I012,normal,R018,10.73441,106.650532
incident,NO_R018_I013,normal,R018,10.747148,106.74027
incident,NO_R018_I014,normal,R018,10.789531,106.6949
incident,NO_R018_I015,normal,R018,10.742936,106.708165
incident,NO_R018_I016,normal,R018,10.787002,106.689662
incident,NO_R018_I017,normal,R018,10.8015,106.630691
incident,NO_R018_I018,normal,R018,10.784175,106.758108
incident,NO_R018_I019,normal,R018,10.760607,106.662479
incident,NO_R018_I020,normal,R018,10.727443,106.675568
incident,NO_R018_I021,normal,R018,10.757866,106.641352
incident,NO_R018_I022,normal,R018,10.776372,106.662026
incident,NO_R018_I023,normal,R018,10.757289,106.692459
incident,NO_R018_I024,normal,R018,10.746887,106.686099
incident,NO_R018_I025,normal,R018,10.760052,106.684802
incident,NO_R018_I026,normal,R018,10.76561,106.636675
incident,NO_R018_I027,normal,R018,10.779651,106.703186
incident,NO_R018_I028,normal,R018,10.780572,106.709143
incident,NO_R018_I029,normal,R018,10.762793,106.724545
incident,NO_R018_I030,normal,R018,10.768219,106.629379
incident,NO_R018_I031,normal,R018,10.768633,106.655792
incident,NO_R018_I032,normal,R018,10.782823,106.713912
incident,NO_R018_I033,normal,R018,10.744333,106.627766
incident,NO_R018_I034,normal,R018,10.756015,106.642794
incident,NO_R018_I035,normal,R018,10.782998,106.703397
incident,NO_R018_I036,normal,R018,10.797574,106.665851
incident,NO_R018_I037,normal,R018,10.756755,106.666548
incident,NO_R018_I038,normal,R018,10.759218,106.706939
incident,NO_R018_I039,normal,R018,10.834065,106.659084
incident,NO_R018_I040,normal,R018,10.761217,106.65549
incident,NO_R018_I041,normal,R018,10.759383,106.646931
incident,NO_R018_I042,normal,R018,10.761936,106.734035
incident,NO_R018_I043,normal,R018,10.829987,106.727241
incident,NO_R018_I044,normal,R018,10.738763,106.636443
incident,NO_R018_I045,normal,R018,10.773539,106.689284
incident,NO_R018_I046,normal,R018,10.758654,106.737113
incident,NO_R018_I047,normal,R018,10.776526,106.667329
incident,NO_R018_I048,normal,R018,10.772455,106.634014
incident,NO_R018_I049,normal,R018,10.815693,106.687385
incident,NO_R018_I050,normal,R018,10.775168,106.737849
incident,NO_R018_I051,normal,R018,10.800385,106.717103
incident,NO_R018_I052,normal,R018,10.748121,106.689024
incident,NO_R018_I053,normal,R018,10.753267,106.668505
incident,NO_R018_I054,normal,R018,10.795209,106.668707
incident,NO_R018_I055,normal,R018,10.80473,106.669192
incident,NO_R018_I056,normal,R018,10.753215,106.651484
incident,NO_R018_I057,normal,R018,10.736939,106.614287
incident,NO_R018_I058,normal,R018,10.784694,106.684828
incident,NO_R018_I059,normal,R018,10.801879,106.629037
incident,NO_R018_I060,normal,R018,10.744676,106.669724
incident,NO_R018_I061,normal,R018,10.757123,106.712427
incident,NO_R018_I062,normal,R018,10.812551,106.643595
incident,NO_R018_I063,normal,R018,10.726063,106.753765
incident,NO_R018_I064,normal,R018,10.752417,106.697565
incident,NO_R018_I065,normal,R018,10.797099,106.666817
incident,NO_R018_I066,normal,R018,10.786374,106.642013
incident,NO_R018_I067,normal,R018,10.768351,106.706069
incident,NO_R018_I068,normal,R018,10.791262,106.659483
incident,NO_R018_I069,normal,R018,10.760133,106.660392
incident,NO_R018_I070,normal,R018,10.777814,106.703367
incident,NO_R018_I071,normal,R018,10.742394,106.667778
incident,NO_R018_I072,normal,R018,10.823396,106.63706
incident,NO_R018_I073,normal,R018,10.804813,106.62452
incident,NO_R018_I074,normal,R018,10.755016,106.692495
incident,NO_R018_I075,normal,R018,10.753513,106.629002
incident,NO_R018_I076,normal,R018,10.802245,106.682025
incident,NO_R018_I077,normal,R018,10.779356,106.682667
incident,NO_R018_I078,normal,R018,10.753128,106.73617
incident,NO_R018_I079,normal,R018,10.761418,106.688938
incident,NO_R018_I080,normal,R018,10.800735,106.639214
incident,NO_R018_I081,normal,R018,10.741192,106.602677
incident,NO_R018_I082,normal,R018,10.735012,106.659439
incident,NO_R018_I083,normal,R018,10.707651,106.669407
incident,NO_R018_I084,normal,R018,10.804252,106.673186
incident,NO_R018_I085,normal,R018,10.756299,106.734455
incident,NO_R018_I086,normal,R018,10.78145,106.647717
incident,NO_R018_I087,normal,R018,10.733512,106.6074
incident,NO_R018_I088,normal,R018,10.792803,106.660535
incident,NO_R018_I089,normal,R018,10.789428,106.666841
incident,NO_R018_I090,normal,R018,10.745086,106.774193
incident,NO_R018_I091,normal,R018,10.787459,106.65285
incident,NO_R018_I092,normal,R018,10.782355,106.69537
incident,NO_R018_I093,normal,R018,10.799514,106.668306
incident,NO_R018_I094,normal,R018,10.717533,106.683901
incident,NO_R018_I095,normal,R018,10.754229,106.696879
incident,NO_R018_I096,normal,R018,10.771851,106.697854
incident,NO_R018_I097,normal,R018,10.752342,106.716602
incident,NO_R018_I098,normal,R018,10.79029,106.717755
incident,NO_R018_I099,normal,R018,10.792825,106.702644
incident,NO_R018_I100,normal,R018,10.768349,106.684789
incident,NO_R019_I001,normal,R019,10.769721,106.712207
incident,NO_R019_I002,normal,R019,10.801398,106.66011
incident,NO_R019_I003,normal,R019,10.79204,106.653797
incident,NO_R019_I004,normal,R019,10.804573,106.64141
incident,NO_R019_I005,normal,R019,10.770182,106.608116
incident,NO_R019_I006,normal,R019,10.757307,106.682815
incident,NO_R019_I007,normal,R019,10.764688,106.694186
incident,NO_R019_I008,normal,R019,10.757143,106.732135
incident,NO_R019_I009,normal,R019,10.767259,106.708014
incident,NO_R019_I010,normal,R019,10.802847,106.67377
incident,NO_R019_I011,normal,R019,10.717983,106.737501
incident,NO_R019_I012,normal,R019,10.765432,106.655802
incident,NO_R019_I013,normal,R019,10.746273,106.724743
incident,NO_R019_I014,normal,R019,10.757562,106.676869
incident,NO_R019_I015,normal,R019,10.764678,106.675805
incident,NO_R019_I016,normal,R019,10.749928,106.7027
incident,NO_R019_I017,normal,R019,10.747391,106.624198
incident,NO_R019_I018,normal,R019,10.780312,106.692569
incident,NO_R019_I019,normal,R019,10.779673,106.673862
incident,NO_R019_I020,normal,R019,10.772734,106.71515
incident,NO_R019_I021,normal,R019,10.788028,106.751036
incident,NO_R019_I022,normal,R019,10.777576,106.709373
incident,NO_R019_I023,normal,R019,10.766564,106.672451
incident,NO_R019_I024,normal,R019,10.69652,106.653058
incident,NO_R019_I025,normal,R019,10.776612,106.656363
incident,NO_R019_I026,normal,R019,10.737505,106.711174
incident,NO_R019_I027,normal,R019,10.766727,106.726313
incident,NO_R019_I028,normal,R019,10.774301,106.595467
incident,NO_R019_I029,normal,R019,10.795044,106.689266
incident,NO_R019_I030,normal,R019,10.757217,106.655761
incident,NO_R019_I031,normal,R019,10.745658,106.721703
incident,NO_R019_I032,normal,R019,10.755467,106.669582
incident,NO_R019_I033,normal,R019,10.749949,106.658435
incident,NO_R019_I034,normal,R019,10.748536,106.701311
incident,NO_R019_I035,normal,R019,10.769906,106.652262
incident,NO_R019_I036,normal,R019,10.770786,106.660766
incident,NO_R019_I037,normal,R019,10.788789,106.718427
incident,NO_R019_I038,normal,R019,10.782285,106.688507
incident,NO_R019_I039,normal,R019,10.800844,106.638036
incident,NO_R019_I040,normal,R019,10.768581,106.680886
incident,NO_R019_I041,normal,R019,10.784823,106.675693
incident,NO_R019_I042,normal,R019,10.762487,106.703936
incident,NO_R019_I043,normal,R019,10.774089,106.658161
incident,NO_R019_I044,normal,R019,10.778113,106.635376
incident,NO_R019_I045,normal,R019,10.757115,106.65713
incident,NO_R019_I046,normal,R019,10.793482,106.67133
incident,NO_R019_I047,normal,R019,10.781014,106.650487
incident,NO_R019_I048,normal,R019,10.718169,106.68334
incident,NO_R019_I049,normal,R019,10.8221,106.703254
incident,NO_R019_I050,normal,R019,10.742468,106.734379
incident,NO_R019_I051,normal,R019,10.761101,106.651369
incident,NO_R019_I052,normal,R019,10.786252,106.705798
incident,NO_R019_I053,normal,R019,10.75227,106.737292
incident,NO_R019_I054,normal,R019,10.719016,106.720472
incident,NO_R019_I055,normal,R019,10.73822,106.750302
incident,NO_R019_I056,normal,R019,10.798195,106.665279
incident,NO_R019_I057,normal,R019,10.80184,106.703941
incident,NO_R019_I058,normal,R019,10.800233,106.695479
incident,NO_R019_I059,normal,R019,10.737687,106.711634
incident,NO_R019_I060,normal,R019,10.785218,106.670558
incident,NO_R019_I061,normal,R019,10.776129,106.717826
incident,NO_R019_I062,normal,R019,10.758606,106.67742
incident,NO_R019_I063,normal,R019,10.76902,106.592422
incident,NO_R019_I064,normal,R019,10.764721,106.697902
incident,NO_R019_I065,normal,R019,10.739545,106.692057
incident,NO_R019_I066,normal,R019,10.77253,106.69774
incident,NO_R019_I067,normal,R019,10.766458,106.679765
incident,NO_R019_I068,normal,R019,10.740112,106.670006
incident,NO_R019_I069,normal,R019,10.799305,106.647974
incident,NO_R019_I070,normal,R019,10.816386,106.653245
incident,NO_R019_I071,normal,R019,10.732111,106.707158
incident,NO_R019_I072,normal,R019,10.762885,106.61648
incident,NO_R019_I073,normal,R019,10.792543,106.607988
incident,NO_R019_I074,normal,R019,10.74459,106.623321
incident,NO_R019_I075,normal,R019,10.79395,106.684129
incident,NO_R019_I076,normal,R019,10.776978,106.72799
incident,NO_R019_I077,normal,R019,10.801891,106.693446
incident,NO_R019_I078,normal,R019,10.756494,106.729238
incident,NO_R019_I079,normal,R019,10.767898,106.71629
incident,NO_R019_I080,normal,R019,10.745122,106.67376
incident,NO_R019_I081,normal,R019,10.777991,106.70504
incident,NO_R019_I082,normal,R019,10.784049,106.652942
incident,NO_R019_I083,normal,R019,10.779631,106.671342
incident,NO_R019_I084,normal,R019,10.738987,106.648318
incident,NO_R019_I085,normal,R019,10.747067,106.681562
incident,NO_R019_I086,normal,R019,10.837931,106.688096
incident,NO_R019_I087,normal,R019,10.777923,106.693103
incident,NO_R019_I088,normal,R019,10.760293,106.718572
incident,NO_R019_I089,normal,R019,10.791766,106.692585
incident,NO_R019_I090,normal,R019,10.781081,106.720218
incident,NO_R019_I091,normal,R019,10.796153,106.692137
incident,NO_R019_I092,normal,R019,10.748159,106.717269
incident,NO_R019_I093,normal,R019,10.735277,106.648993
incident,NO_R019_I094,normal,R019,10.797495,106.71733
incident,NO_R019_I095,normal,R019,10.796342,106.67919
incident,NO_R019_I096,normal,R019,10.742497,106.716315
incident,NO_R019_I097,normal,R019,10.816489,106.70553
incident,NO_R019_I098,normal,R019,10.786785,106.734556
incident,NO_R019_I099,normal,R019,10.757173,106.665768
incident,NO_R019_I100,normal,R019,10.759038,106.679019
incident,NO_R020_I001,normal,R020,10.792976,106.673451
incident,NO_R020_I002,normal,R020,10.770857,106.691081
incident,NO_R020_I003,normal,R020,10.752802,106.698599
incident,NO_R020_I004,normal,R020,10.762839,106.649723
incident,NO_R020_I005,normal,R020,10.757048,106.665544
incident,NO_R020_I006,normal,R020,10.753432,106.694907
incident,NO_R020_I007,normal,R020,10.7638,106.636233
incident,NO_R020_I008,normal,R020,10.777485,106.674783
incident,NO_R020_I009,normal,R020,10.758289,106.656497
incident,NO_R020_I010,normal,R020,10.760533,106.688549
incident,NO_R020_I011,normal,R020,10.769808,106.738677
incident,NO_R020_I012,normal,R020,10.799555,106.748003
incident,NO_R020_I013,normal,R020,10.77468,106.704153
incident,NO_R020_I014,normal,R020,10.788575,106.735277
incident,NO_R020_I015,normal,R020,10.767837,106.695179
incident,NO_R020_I016,normal,R020,10.78864,106.6633
incident,NO_R020_I017,normal,R020,10.75781,106.740894
incident,NO_R020_I018,normal,R020,10.776185,106.661728
incident,NO_R020_I019,normal,R020,10.803638,106.675251
incident,NO_R020_I020,normal,R020,10.722199,106.611611
incident,NO_R020_I021,normal,R020,10.758734,106.676547
incident,NO_R020_I022,normal,R020,10.767688,106.687736
incident,NO_R020_I023,normal,R020,10.775341,106.673978
incident,NO_R020_I024,normal,R020,10.769468,106.690538
incident,NO_R020_I025,normal,R020,10.787412,106.665204
incident,NO_R020_I026,normal,R020,10.761607,106.695905
incident,NO_R020_I027,normal,R020,10.752124,106.705005
incident,NO_R020_I028,normal,R020,10.779408,106.641567
incident,NO_R020_I029,normal,R020,10.797894,106.681204
incident,NO_R020_I030,normal,R020,10.790049,106.633901
incident,NO_R020_I031,normal,R020,10.783277,106.724889
incident,NO_R020_I032,normal,R020,10.801046,106.678499
incident,NO_R020_I033,normal,R020,10.746444,106.692435
incident,NO_R020_I034,normal,R020,10.790989,106.674269
incident,NO_R020_I035,normal,R020,10.736147,106.63791
incident,NO_R020_I036,normal,R020,10.771406,106.699046
incident,NO_R020_I037,normal,R020,10.792917,106.712203
incident,NO_R020_I038,normal,R020,10.799608,106.735005
incident,NO_R020_I039,normal,R020,10.828361,106.67245
incident,NO_R020_I040,normal,R020,10.773018,106.654902
incident,NO_R020_I041,normal,R020,10.8403,106.613296
incident,NO_R020_I042,normal,R020,10.771397,106.633417
incident,NO_R020_I043,normal,R020,10.782505,106.684412
incident,NO_R020_I044,normal,R020,10.78378,106.718885
incident,NO_R020_I045,normal,R020,10.802429,106.754429
incident,NO_R020_I046,normal,R020,10.740568,106.646843
incident,NO_R020_I047,normal,R020,10.789913,106.695857
incident,NO_R020_I048,normal,R020,10.79836,106.659816
incident,NO_R020_I049,normal,R020,10.801626,106.68582
incident,NO_R020_I050,normal,R020,10.752168,106.735243
incident,NO_R020_I051,normal,R020,10.763213,106.633241
incident,NO_R020_I052,normal,R020,10.747398,106.664104
incident,NO_R020_I053,normal,R020,10.78201,106.663615
incident,NO_R020_I054,normal,R020,10.804444,106.74178
incident,NO_R020_I055,normal,R020,10.746667,106.684138
incident,NO_R020_I056,normal,R020,10.791351,106.628403
incident,NO_R020_I057,normal,R020,10.76667,106.666797
incident,NO_R020_I058,normal,R020,10.803517,106.670609
incident,NO_R020_I059,normal,R020,10.759423,106.670463
incident,NO_R020_I060,normal,R020,10.770936,106.71451
incident,NO_R020_I061,normal,R020,10.809786,106.774511
incident,NO_R020_I062,normal,R020,10.75873,106.582537
incident,NO_R020_I063,normal,R020,10.787329,106.650271
incident,NO_R020_I064,normal,R020,10.778171,106.763368
incident,NO_R020_I065,normal,R020,10.753297,106.719099
incident,NO_R020_I066,normal,R020,10.784422,106.680485
incident,NO_R020_I067,normal,R020,10.808476,106.669664
incident,NO_R020_I068,normal,R020,10.774626,106.674008
incident,NO_R020_I069,normal,R020,10.740869,106.698765
incident,NO_R020_I070,normal,R020,10.764479,106.691097
incident,NO_R020_I071,normal,R020,10.798864,106.67456
incident,NO_R020_I072,normal,R020,10.76694,106.675175
incident,NO_R020_I073,normal,R020,10.779531,106.659187
incident,NO_R020_I074,normal,R020,10.796657,106.759939
incident,NO_R020_I075,normal,R020,10.746658,106.677908
incident,NO_R020_I076,normal,R020,10.765047,106.594465
incident,NO_R020_I077,normal,R020,10.744998,106.657232
incident,NO_R020_I078,normal,R020,10.760063,106.712112
incident,NO_R020_I079,normal,R020,10.799084,106.661996
incident,NO_R020_I080,normal,R020,10.738137,106.68455
incident,NO_R020_I081,normal,R020,10.797012,106.729919
incident,NO_R020_I082,normal,R020,10.79983,106.740978
incident,NO_R020_I083,normal,R020,10.754216,106.681545
incident,NO_R020_I084,normal,R020,10.79517,106.701503
incident,NO_R020_I085,normal,R020,10.757359,106.636213
incident,NO_R020_I086,normal,R020,10.795642,106.666279
incident,NO_R020_I087,normal,R020,10.728803,106.68676
incident,NO_R020_I088,normal,R020,10.784537,106.694096
incident,NO_R020_I089,normal,R020,10.759879,106.718624
incident,NO_R020_I090,normal,R020,10.778975,106.685706
incident,NO_R020_I091,normal,R020,10.755918,106.693483
incident,NO_R020_I092,normal,R020,10.809354,106.684972
incident,NO_R020_I093,normal,R020,10.78431,106.715598
incident,NO_R020_I094,normal,R020,10.771735,106.672817
incident,NO_R020_I095,normal,R020,10.749889,106.650022
incident,NO_R020_I096,normal,R020,10.769727,106.643931
incident,NO_R020_I097,normal,R020,10.781568,106.688637
incident,NO_R020_I098,normal,R020,10.767723,106.699501
incident,NO_R020_I099,normal,R020,10.80167,106.708019
incident,NO_R020_I100,normal,R020,10.792246,106.635814
incident,NO_R021_I001,normal,R021,10.787981,106.678111
incident,NO_R021_I002,normal,R021,10.78504,106.668436
incident,NO_R021_I003,normal,R021,10.763481,106.692851
incident,NO_R021_I004,normal,R021,10.7717,106.623537
incident,NO_R021_I005,normal,R021,10.785403,106.672349
incident,NO_R021_I006,normal,R021,10.795336,106.698812
incident,NO_R021_I007,normal,R021,10.746581,106.720859
incident,NO_R021_I008,normal,R021,10.768434,106.702951
incident,NO_R021_I009,normal,R021,10.761304,106.697627
incident,NO_R021_I010,normal,R021,10.756193,106.574218
incident,NO_R021_I011,normal,R021,10.753413,106.767359
incident,NO_R021_I012,normal,R021,10.787812,106.645223
incident,NO_R021_I013,normal,R021,10.770715,106.691561
incident,NO_R021_I014,normal,R021,10.810588,106.634936
incident,NO_R021_I015,normal,R021,10.756342,106.662258
incident,NO_R021_I016,normal,R021,10.76596,106.708791
incident,NO_R021_I017,normal,R021,10.763235,106.706838
incident,NO_R021_I018,normal,R021,10.773482,106.678178
incident,NO_R021_I019,normal,R021,10.742647,106.726769
incident,NO_R021_I020,normal,R021,10.789076,106.64796
incident,NO_R021_I021,normal,R021,10.727918,106.627073
incident,NO_R021_I022,normal,R021,10.74749,106.699539
incident,NO_R021_I023,normal,R021,10.773263,106.716021
incident,NO_R021_I024,normal,R021,10.75111,106.692843
incident,NO_R021_I025,normal,R021,10.786026,106.707076
incident,NO_R021_I026,normal,R021,10.751782,106.626379
incident,NO_R021_I027,normal,R021,10.775725,106.758481
incident,NO_R021_I028,normal,R021,10.72895,106.634943
incident,NO_R021_I029,normal,R021,10.799163,106.68849
incident,NO_R021_I030,normal,R021,10.74523,106.678
incident,NO_R021_I031,normal,R021,10.784084,106.702878
incident,NO_R021_I032,normal,R021,10.733231,106.651964
incident,NO_R021_I033,normal,R021,10.742393,106.751351
incident,NO_R021_I034,normal,R021,10.77356,106.730788
incident,NO_R021_I035,normal,R021,10.737366,106.671632
incident,NO_R021_I036,normal,R021,10.749984,106.754571
incident,NO_R021_I037,normal,R021,10.743375,106.747662
incident,NO_R021_I038,normal,R021,10.745193,106.722479
incident,NO_R021_I039,normal,R021,10.744507,106.758814
incident,NO_R021_I040,normal,R021,10.784548,106.721128
incident,NO_R021_I041,normal,R021,10.724506,106.676585
incident,NO_R021_I042,normal,R021,10.75472,106.661484
incident,NO_R021_I043,normal,R021,10.836937,106.722929
incident,NO_R021_I044,normal,R021,10.784826,106.624035
incident,NO_R021_I045,normal,R021,10.755924,106.705073
incident,NO_R021_I046,normal,R021,10.750328,106.696682
incident,NO_R021_I047,normal,R021,10.801058,106.698731
incident,NO_R021_I048,normal,R021,10.7331,106.710069
incident,NO_R021_I049,normal,R021,10.800635,106.605207
incident,NO_R021_I050,normal,R021,10.770582,106.687519
incident,NO_R021_I051,normal,R021,10.734585,106.603585
incident,NO_R021_I052,normal,R021,10.7825,106.69884
incident,NO_R021_I053,normal,R021,10.789018,106.65391
incident,NO_R021_I054,normal,R021,10.787931,106.682498
incident,NO_R021_I055,normal,R021,10.787972,106.612374
incident,NO_R021_I056,normal,R021,10.783593,106.645264
incident,NO_R021_I057,normal,R021,10.785056,106.687009
incident,NO_R021_I058,normal,R021,10.82965,106.625412
incident,NO_R021_I059,normal,R021,10.791708,106.693263
incident,NO_R021_I060,normal,R021,10.80259,106.620885
incident,NO_R021_I061,normal,R021,10.744558,106.697977
incident,NO_R021_I062,normal,R021,10.813117,106.70053
incident,NO_R021_I063,normal,R021,10.770642,106.631521
incident,NO_R021_I064,normal,R021,10.729381,106.728835
incident,NO_R021_I065,normal,R021,10.766275,106.705556
incident,NO_R021_I066,normal,R021,10.779278,106.626085
incident,NO_R021_I067,normal,R021,10.733301,106.641757
incident,NO_R021_I068,normal,R021,10.729794,106.685433
incident,NO_R021_I069,normal,R021,10.791428,106.707839
incident,NO_R021_I070,normal,R021,10.741671,106.623866
incident,NO_R021_I071,normal,R021,10.779297,106.638175
incident,NO_R021_I072,normal,R021,10.833166,106.701298
incident,NO_R021_I073,normal,R021,10.791788,106.690917
incident,NO_R021_I074,normal,R021,10.784772,106.696759
incident,NO_R021_I075,normal,R021,10.780747,106.717267
incident,NO_R021_I076,normal,R021,10.75516,106.723938
incident,NO_R021_I077,normal,R021,10.734207,106.758341
incident,NO_R021_I078,normal,R021,10.752797,106.622733
incident,NO_R021_I079,normal,R021,10.782851,106.730842
incident,NO_R021_I080,normal,R021,10.736586,106.736706
incident,NO_R021_I081,normal,R021,10.792306,106.670929
incident,NO_R021_I082,normal,R021,10.798723,106.700478
incident,NO_R021_I083,normal,R021,10.785049,106.645546
incident,NO_R021_I084,normal,R021,10.773822,106.649604
incident,NO_R021_I085,normal,R021,10.7534,106.640758
incident,NO_R021_I086,normal,R021,10.791034,106.635683
incident,NO_R021_I087,normal,R021,10.73474,106.636604
incident,NO_R021_I088,normal,R021,10.793524,106.69615
incident,NO_R021_I089,normal,R021,10.802901,106.642997
incident,NO_R021_I090,normal,R021,10.757331,106.625814
incident,NO_R021_I091,normal,R021,10.739751,106.67165
incident,NO_R021_I092,normal,R021,10.755062,106.68477
incident,NO_R021_I093,normal,R021,10.768399,106.672056
incident,NO_R021_I094,normal,R021,10.781904,106.644672
incident,NO_R021_I095,normal,R021,10.803987,106.646787
incident,NO_R021_I096,normal,R021,10.79413,106.643255
incident,NO_R021_I097,normal,R021,10.805463,106.67599
incident,NO_R021_I098,normal,R021,10.735681,106.70986
incident,NO_R021_I099,normal,R021,10.802994,106.677824
incident,NO_R021_I100,normal,R021,10.735167,106.604457
incident,NO_R022_I001,normal,R022,10.781247,106.733722
incident,NO_R022_I002,normal,R022,10.791747,106.713592
incident,NO_R022_I003,normal,R022,10.762573,106.755633
incident,NO_R022_I004,normal,R022,10.784421,106.666875
incident,NO_R022_I005,normal,R022,10.794154,106.67991
incident,NO_R022_I006,normal,R022,10.770724,106.670156
incident,NO_R022_I007,normal,R022,10.776352,106.696465
incident,NO_R022_I008,normal,R022,10.797396,106.667342
incident,NO_R022_I009,normal,R022,10.781046,106.659613
incident,NO_R022_I010,normal,R022,10.763387,106.662087
incident,NO_R022_I011,normal,R022,10.772497,106.68941
incident,NO_R022_I012,normal,R022,10.743645,106.677966
incident,NO_R022_I013,normal,R022,10.771048,106.664964
incident,NO_R022_I014,normal,R022,10.814416,106.69257
incident,NO_R022_I015,normal,R022,10.811418,106.693687
incident,NO_R022_I016,normal,R022,10.764012,106.674302
incident,NO_R022_I017,normal,R022,10.793978,106.774278
incident,NO_R022_I018,normal,R022,10.754181,106.703195
incident,NO_R022_I019,normal,R022,10.74961,106.710103
incident,NO_R022_I020,normal,R022,10.788336,106.648156
incident,NO_R022_I021,normal,R022,10.773616,106.705805
incident,NO_R022_I022,normal,R022,10.796713,106.70799
incident,NO_R022_I023,normal,R022,10.798916,106.628331
incident,NO_R022_I024,normal,R022,10.734696,106.657499
incident,NO_R022_I025,normal,R022,10.754624,106.595244
incident,NO_R022_I026,normal,R022,10.73303,106.697023
incident,NO_R022_I027,normal,R022,10.743358,106.674432
incident,NO_R022_I028,normal,R022,10.769537,106.682575
incident,NO_R022_I029,normal,R022,10.760297,106.684057
incident,NO_R022_I030,normal,R022,10.774858,106.693319
incident,NO_R022_I031,normal,R022,10.809323,106.64747
incident,NO_R022_I032,normal,R022,10.785784,106.759394
incident,NO_R022_I033,normal,R022,10.826639,106.685661
incident,NO_R022_I034,normal,R022,10.798696,106.649794
incident,NO_R022_I035,normal,R022,10.750661,106.677955
incident,NO_R022_I036,normal,R022,10.741199,106.662141
incident,NO_R022_I037,normal,R022,10.755061,106.66378
incident,NO_R022_I038,normal,R022,10.766308,106.676472
incident,NO_R022_I039,normal,R022,10.791531,106.683388
incident,NO_R022_I040,normal,R022,10.753956,106.712927
incident,NO_R022_I041,normal,R022,10.786802,106.654072
incident,NO_R022_I042,normal,R022,10.758632,106.730822
incident,NO_R022_I043,normal,R022,10.755653,106.68753
incident,NO_R022_I044,normal,R022,10.742299,106.64472
incident,NO_R022_I045,normal,R022,10.75337,106.676585
incident,NO_R022_I046,normal,R022,10.771922,106.654379
incident,NO_R022_I047,normal,R022,10.772218,106.616097
incident,NO_R022_I048,normal,R022,10.767837,106.664486
incident,NO_R022_I049,normal,R022,10.72552,106.673872
incident,NO_R022_I050,normal,R022,10.804368,106.700005
incident,NO_R022_I051,normal,R022,10.772436,106.70955
incident,NO_R022_I052,normal,R022,10.770369,106.709664
incident,NO_R022_I053,normal,R022,10.799773,106.672747
incident,NO_R022_I054,normal,R022,10.781056,106.689833
incident,NO_R022_I055,normal,R022,10.800111,106.75137
incident,NO_R022_I056,normal,R022,10.788957,106.714146
incident,NO_R022_I057,normal,R022,10.808569,106.594368
incident,NO_R022_I058,normal,R022,10.767816,106.649669
incident,NO_R022_I059,normal,R022,10.766851,106.631538
incident,NO_R022_I060,normal,R022,10.783529,106.663563
incident,NO_R022_I061,normal,R022,10.732545,106.66484
incident,NO_R022_I062,normal,R022,10.781659,106.6643
incident,NO_R022_I063,normal,R022,10.73782,106.66019
incident,NO_R022_I064,normal,R022,10.753159,106.689925
incident,NO_R022_I065,normal,R022,10.724774,106.65702
incident,NO_R022_I066,normal,R022,10.689604,106.724155
incident,NO_R022_I067,normal,R022,10.771576,106.674102
incident,NO_R022_I068,normal,R022,10.75924,106.637706
incident,NO_R022_I069,normal,R022,10.775194,106.671633
incident,NO_R022_I070,normal,R022,10.777424,106.714874
incident,NO_R022_I071,normal,R022,10.801315,106.690956
incident,NO_R022_I072,normal,R022,10.780399,106.648994
incident,NO_R022_I073,normal,R022,10.802307,106.694813
incident,NO_R022_I074,normal,R022,10.806887,106.625632
incident,NO_R022_I075,normal,R022,10.775843,106.68134
incident,NO_R022_I076,normal,R022,10.776494,106.661382
incident,NO_R022_I077,normal,R022,10.774655,106.668871
incident,NO_R022_I078,normal,R022,10.776897,106.749336
incident,NO_R022_I079,normal,R022,10.795117,106.674253
incident,NO_R022_I080,normal,R022,10.796865,106.678657
incident,NO_R022_I081,normal,R022,10.766549,106.719845
incident,NO_R022_I082,normal,R022,10.79666,106.71639
incident,NO_R022_I083,normal,R022,10.818022,106.69724
incident,NO_R022_I084,normal,R022,10.745862,106.665824
incident,NO_R022_I085,normal,R022,10.76688,106.673107
incident,NO_R022_I086,normal,R022,10.757705,106.679923
incident,NO_R022_I087,normal,R022,10.720471,106.71187
incident,NO_R022_I088,normal,R022,10.747178,106.574368
incident,NO_R022_I089,normal,R022,10.735499,106.655779
incident,NO_R022_I090,normal,R022,10.79192,106.712916
incident,NO_R022_I091,normal,R022,10.752396,106.664788
incident,NO_R022_I092,normal,R022,10.802094,106.697708
incident,NO_R022_I093,normal,R022,10.75484,106.65776
incident,NO_R022_I094,normal,R022,10.796829,106.690239
incident,NO_R022_I095,normal,R022,10.76964,106.707965
incident,NO_R022_I096,normal,R022,10.768156,106.651881
incident,NO_R022_I097,normal,R022,10.764525,106.72795
incident,NO_R022_I098,normal,R022,10.767203,106.64756
incident,NO_R022_I099,normal,R022,10.75634,106.667585
incident,NO_R022_I100,normal,R022,10.739161,106.71226
incident,NO_R023_I001,normal,R023,10.775086,106.705708
incident,NO_R023_I002,normal,R023,10.7425,106.687386
incident,NO_R023_I003,normal,R023,10.783055,106.647201
incident,NO_R023_I004,normal,R023,10.752535,106.662814
incident,NO_R023_I005,normal,R023,10.804142,106.672486
incident,NO_R023_I006,normal,R023,10.767323,106.679874
incident,NO_R023_I007,normal,R023,10.778931,106.709765
incident,NO_R023_I008,normal,R023,10.761643,106.701334
incident,NO_R023_I009,normal,R023,10.729828,106.709152
incident,NO_R023_I010,normal,R023,10.739943,106.668003
incident,NO_R023_I011,normal,R023,10.745337,106.689195
incident,NO_R023_I012,normal,R023,10.775251,106.722195
incident,NO_R023_I013,normal,R023,10.736623,106.800651
incident,NO_R023_I014,normal,R023,10.769704,106.653845
incident,NO_R023_I015,normal,R023,10.729166,106.713677
incident,NO_R023_I016,normal,R023,10.824052,106.751663
incident,NO_R023_I017,normal,R023,10.807829,106.65631
incident,NO_R023_I018,normal,R023,10.749243,106.678081
incident,NO_R023_I019,normal,R023,10.730739,106.734579
incident,NO_R023_I020,normal,R023,10.748939,106.709394
incident,NO_R023_I021,normal,R023,10.78679,106.715489
incident,NO_R023_I022,normal,R023,10.762563,106.690455
incident,NO_R023_I023,normal,R023,10.777327,106.655031
incident,NO_R023_I024,normal,R023,10.74731,106.665174
incident,NO_R023_I025,normal,R023,10.795891,106.670616
incident,NO_R023_I026,normal,R023,10.729553,106.693871
incident,NO_R023_I027,normal,R023,10.765283,106.664948
incident,NO_R023_I028,normal,R023,10.742032,106.68353
incident,NO_R023_I029,normal,R023,10.755818,106.662763
incident,NO_R023_I030,normal,R023,10.759133,106.698038
incident,NO_R023_I031,normal,R023,10.82631,106.710516
incident,NO_R023_I032,normal,R023,10.797084,106.655692
incident,NO_R023_I033,normal,R023,10.7596,106.733042
incident,NO_R023_I034,normal,R023,10.75778,106.627676
incident,NO_R023_I035,normal,R023,10.770101,106.626707
incident,NO_R023_I036,normal,R023,10.711642,106.686567
incident,NO_R023_I037,normal,R023,10.715071,106.697513
incident,NO_R023_I038,normal,R023,10.753944,106.704894
incident,NO_R023_I039,normal,R023,10.788022,106.654692
incident,NO_R023_I040,normal,R023,10.728516,106.660338
incident,NO_R023_I041,normal,R023,10.806452,106.728686
incident,NO_R023_I042,normal,R023,10.789513,106.637468
incident,NO_R023_I043,normal,R023,10.783239,106.708136
incident,NO_R023_I044,normal,R023,10.740855,106.645764
incident,NO_R023_I045,normal,R023,10.783734,106.645195
incident,NO_R023_I046,normal,R023,10.745826,106.639795
incident,NO_R023_I047,normal,R023,10.797569,106.637882
incident,NO_R023_I048,normal,R023,10.772185,106.633838
incident,NO_R023_I049,normal,R023,10.792163,106.701741
incident,NO_R023_I050,normal,R023,10.764953,106.67289
incident,NO_R023_I051,normal,R023,10.730468,106.650812
incident,NO_R023_I052,normal,R023,10.77704,106.626105
incident,NO_R023_I053,normal,R023,10.79324,106.632887
incident,NO_R023_I054,normal,R023,10.778713,106.678476
incident,NO_R023_I055,normal,R023,10.792159,106.703999
incident,NO_R023_I056,normal,R023,10.746009,106.654014
incident,NO_R023_I057,normal,R023,10.7747,106.67598
incident,NO_R023_I058,normal,R023,10.768529,106.636247
incident,NO_R023_I059,normal,R023,10.770021,106.702123
incident,NO_R023_I060,normal,R023,10.787311,106.641675
incident,NO_R023_I061,normal,R023,10.781337,106.669547
incident,NO_R023_I062,normal,R023,10.765658,106.673107
incident,NO_R023_I063,normal,R023,10.759711,106.686647
incident,NO_R023_I064,normal,R023,10.783517,106.719403
incident,NO_R023_I065,normal,R023,10.796704,106.711858
incident,NO_R023_I066,normal,R023,10.774001,106.693555
incident,NO_R023_I067,normal,R023,10.799573,106.674688
incident,NO_R023_I068,normal,R023,10.747491,106.691252
incident,NO_R023_I069,normal,R023,10.744137,106.669023
incident,NO_R023_I070,normal,R023,10.737714,106.618558
incident,NO_R023_I071,normal,R023,10.780414,106.67366
incident,NO_R023_I072,normal,R023,10.766991,106.607498
incident,NO_R023_I073,normal,R023,10.814121,106.689989
incident,NO_R023_I074,normal,R023,10.736273,106.594404
incident,NO_R023_I075,normal,R023,10.755982,106.676857
incident,NO_R023_I076,normal,R023,10.812363,106.688166
incident,NO_R023_I077,normal,R023,10.770657,106.710492
incident,NO_R023_I078,normal,R023,10.788079,106.658234
incident,NO_R023_I079,normal,R023,10.806013,106.64562
incident,NO_R023_I080,normal,R023,10.817465,106.721965
incident,NO_R023_I081,normal,R023,10.759406,106.701426
incident,NO_R023_I082,normal,R023,10.771857,106.706775
incident,NO_R023_I083,normal,R023,10.79288,106.72561
incident,NO_R023_I084,normal,R023,10.777294,106.616625
incident,NO_R023_I085,normal,R023,10.773289,106.692678
incident,NO_R023_I086,normal,R023,10.806785,106.62466
incident,NO_R023_I087,normal,R023,10.76208,106.620253
incident,NO_R023_I088,normal,R023,10.771184,106.678582
incident,NO_R023_I089,normal,R023,10.804079,106.731166
incident,NO_R023_I090,normal,R023,10.744781,106.640083
incident,NO_R023_I091,normal,R023,10.822406,106.685055
incident,NO_R023_I092,normal,R023,10.75427,106.608909
incident,NO_R023_I093,normal,R023,10.759251,106.699117
incident,NO_R023_I094,normal,R023,10.78725,106.741836
incident,NO_R023_I095,normal,R023,10.800376,106.669327
incident,NO_R023_I096,normal,R023,10.724259,106.684811
incident,NO_R023_I097,normal,R023,10.776262,106.654509
incident,NO_R023_I098,normal,R023,10.721234,106.694243
incident,NO_R023_I099,normal,R023,10.756267,106.687999
incident,NO_R023_I100,normal,R023,10.837356,106.648228
incident,NO_R024_I001,normal,R024,10.749778,106.651773
incident,NO_R024_I002,normal,R024,10.767353,106.693394
incident,NO_R024_I003,normal,R024,10.775596,106.756123
incident,NO_R024_I004,normal,R024,10.763244,106.695724
incident,NO_R024_I005,normal,R024,10.825514,106.649229
incident,NO_R024_I006,normal,R024,10.735342,106.692696
incident,NO_R024_I007,normal,R024,10.775117,106.649488
incident,NO_R024_I008,normal,R024,10.815585,106.702678
incident,NO_R024_I009,normal,R024,10.772142,106.660693
incident,NO_R024_I010,normal,R024,10.767707,106.672432
incident,NO_R024_I011,normal,R024,10.778322,106.687426
incident,NO_R024_I012,normal,R024,10.750195,106.703049
incident,NO_R024_I013,normal,R024,10.751709,106.712015
incident,NO_R024_I014,normal,R024,10.74539,106.710349
incident,NO_R024_I015,normal,R024,10.795981,106.733038
incident,NO_R024_I016,normal,R024,10.745259,106.64535
incident,NO_R024_I017,normal,R024,10.784672,106.698148
incident,NO_R024_I018,normal,R024,10.755285,106.654267
incident,NO_R024_I019,normal,R024,10.726942,106.649997
incident,NO_R024_I020,normal,R024,10.797227,106.723549
incident,NO_R024_I021,normal,R024,10.76202,106.619483
incident,NO_R024_I022,normal,R024,10.78373,106.677961
incident,NO_R024_I023,normal,R024,10.807162,106.630154
incident,NO_R024_I024,normal,R024,10.810948,106.68361
incident,NO_R024_I025,normal,R024,10.778627,106.66616
incident,NO_R024_I026,normal,R024,10.782797,106.726988
incident,NO_R024_I027,normal,R024,10.788671,106.713359
incident,NO_R024_I028,normal,R024,10.803851,106.644344
incident,NO_R024_I029,normal,R024,10.750629,106.702563
incident,NO_R024_I030,normal,R024,10.751039,106.681464
incident,NO_R024_I031,normal,R024,10.763822,106.603952
incident,NO_R024_I032,normal,R024,10.80133,106.646204
incident,NO_R024_I033,normal,R024,10.754753,106.68376
incident,NO_R024_I034,normal,R024,10.786248,106.644772
incident,NO_R024_I035,normal,R024,10.757881,106.698461
incident,NO_R024_I036,normal,R024,10.754899,106.731758
incident,NO_R024_I037,normal,R024,10.752179,106.716114
incident,NO_R024_I038,normal,R024,10.805765,106.675742
incident,NO_R024_I039,normal,R024,10.757751,106.632938
incident,NO_R024_I040,normal,R024,10.75906,106.642908
incident,NO_R024_I041,normal,R024,10.798556,106.631559
incident,NO_R024_I042,normal,R024,10.717454,106.66785
incident,NO_R024_I043,normal,R024,10.7821,106.689827
incident,NO_R024_I044,normal,R024,10.762808,106.610734
incident,NO_R024_I045,normal,R024,10.721699,106.734103
incident,NO_R024_I046,normal,R024,10.752429,106.651599
incident,NO_R024_I047,normal,R024,10.768882,106.661779
incident,NO_R024_I048,normal,R024,10.796575,106.678416
incident,NO_R024_I049,normal,R024,10.758369,106.742399
incident,NO_R024_I050,normal,R024,10.778683,106.733486
incident,NO_R024_I051,normal,R024,10.767897,106.677935
incident,NO_R024_I052,normal,R024,10.780554,106.703501
incident,NO_R024_I053,normal,R024,10.770616,106.694406
incident,NO_R024_I054,normal,R024,10.754357,106.725064
incident,NO_R024_I055,normal,R024,10.741775,106.645842
incident,NO_R024_I056,normal,R024,10.795111,106.707308
incident,NO_R024_I057,normal,R024,10.772023,106.656567
incident,NO_R024_I058,normal,R024,10.748723,106.679358
incident,NO_R024_I059,normal,R024,10.770078,106.703547
incident,NO_R024_I060,normal,R024,10.746612,106.709277
incident,NO_R024_I061,normal,R024,10.838462,106.654312
incident,NO_R024_I062,normal,R024,10.775837,106.59518
incident,NO_R024_I063,normal,R024,10.771072,106.637303
incident,NO_R024_I064,normal,R024,10.758712,106.699169
incident,NO_R024_I065,normal,R024,10.761298,106.681928
incident,NO_R024_I066,normal,R024,10.754428,106.672624
incident,NO_R024_I067,normal,R024,10.760713,106.676466
incident,NO_R024_I068,normal,R024,10.751333,106.734299
incident,NO_R024_I069,normal,R024,10.778464,106.662655
incident,NO_R024_I070,normal,R024,10.758703,106.678367
incident,NO_R024_I071,normal,R024,10.827826,106.670414
incident,NO_R024_I072,normal,R024,10.790042,106.727202
incident,NO_R024_I073,normal,R024,10.768779,106.665352
incident,NO_R024_I074,normal,R024,10.771529,106.652727
incident,NO_R024_I075,normal,R024,10.760641,106.68216
incident,NO_R024_I076,normal,R024,10.786743,106.68501
incident,NO_R024_I077,normal,R024,10.724229,106.734671
incident,NO_R024_I078,normal,R024,10.755917,106.677396
incident,NO_R024_I079,normal,R024,10.776605,106.651738
incident,NO_R024_I080,normal,R024,10.774505,106.710034
incident,NO_R024_I081,normal,R024,10.750155,106.70333
incident,NO_R024_I082,normal,R024,10.759292,106.693913
incident,NO_R024_I083,normal,R024,10.769649,106.657662
incident,NO_R024_I084,normal,R024,10.784413,106.6968
incident,NO_R024_I085,normal,R024,10.751794,106.659252
incident,NO_R024_I086,normal,R024,10.804618,106.714643
incident,NO_R024_I087,normal,R024,10.81606,106.651457
incident,NO_R024_I088,normal,R024,10.76814,106.714583
incident,NO_R024_I089,normal,R024,10.778668,106.670063
incident,NO_R024_I090,normal,R024,10.790956,106.637223
incident,NO_R024_I091,normal,R024,10.761123,106.697091
incident,NO_R024_I092,normal,R024,10.760224,106.687218
incident,NO_R024_I093,normal,R024,10.783393,106.64073
incident,NO_R024_I094,normal,R024,10.781725,106.622915
incident,NO_R024_I095,normal,R024,10.751166,106.631333
incident,NO_R024_I096,normal,R024,10.769079,106.705263
incident,NO_R024_I097,normal,R024,10.752093,106.654617
incident,NO_R024_I098,normal,R024,10.781092,106.731747
incident,NO_R024_I099,normal,R024,10.774805,106.691065
incident,NO_R024_I100,normal,R024,10.787172,106.64337
incident,NO_R025_I001,normal,R025,10.798207,106.674818
incident,NO_R025_I002,normal,R025,10.782866,106.699066
incident,NO_R025_I003,normal,R025,10.755534,106.687
incident,NO_R025_I004,normal,R025,10.735925,106.698122
incident,NO_R025_I005,normal,R025,10.769318,106.662884
incident,NO_R025_I006,normal,R025,10.756466,106.662566
incident,NO_R025_I007,normal,R025,10.763704,106.630852
incident,NO_R025_I008,normal,R025,10.731204,106.672992
incident,NO_R025_I009,normal,R025,10.794978,106.713679
incident,NO_R025_I010,normal,R025,10.767664,106.67529
incident,NO_R025_I011,normal,R025,10.76714,106.704067
incident,NO_R025_I012,normal,R025,10.747429,106.725693
incident,NO_R025_I013,normal,R025,10.765014,106.696872
incident,NO_R025_I014,normal,R025,10.793074,106.676526
incident,NO_R025_I015,normal,R025,10.791715,106.656344
incident,NO_R025_I016,normal,R025,10.827621,106.77942
incident,NO_R025_I017,normal,R025,10.744245,106.710574
incident,NO_R025_I018,normal,R025,10.733253,106.655362
incident,NO_R025_I019,normal,R025,10.792782,106.663537
incident,NO_R025_I020,normal,R025,10.744835,106.677714
incident,NO_R025_I021,normal,R025,10.827395,106.619409
incident,NO_R025_I022,normal,R025,10.791856,106.625096
incident,NO_R025_I023,normal,R025,10.788149,106.691474
incident,NO_R025_I024,normal,R025,10.754858,106.675324
incident,NO_R025_I025,normal,R025,10.771592,106.651621
incident,NO_R025_I026,normal,R025,10.779955,106.664797
incident,NO_R025_I027,normal,R025,10.790156,106.666559
incident,NO_R025_I028,normal,R025,10.809582,106.66474
incident,NO_R025_I029,normal,R025,10.756595,106.656556
incident,NO_R025_I030,normal,R025,10.760872,106.681903
incident,NO_R025_I031,normal,R025,10.738389,106.622957
incident,NO_R025_I032,normal,R025,10.746954,106.69066
incident,NO_R025_I033,normal,R025,10.75038,106.691082
incident,NO_R025_I034,normal,R025,10.743122,106.689607
incident,NO_R025_I035,normal,R025,10.799233,106.704715
incident,NO_R025_I036,normal,R025,10.803902,106.64521
incident,NO_R025_I037,normal,R025,10.764502,106.686502
incident,NO_R025_I038,normal,R025,10.794342,106.695434
incident,NO_R025_I039,normal,R025,10.775535,106.731711
incident,NO_R025_I040,normal,R025,10.778413,106.736288
incident,NO_R025_I041,normal,R025,10.794973,106.651797
incident,NO_R025_I042,normal,R025,10.772246,106.620215
incident,NO_R025_I043,normal,R025,10.748048,106.683052
incident,NO_R025_I044,normal,R025,10.786936,106.685402
incident,NO_R025_I045,normal,R025,10.784065,106.705262
incident,NO_R025_I046,normal,R025,10.776116,106.717381
incident,NO_R025_I047,normal,R025,10.768282,106.65917
incident,NO_R025_I048,normal,R025,10.803662,106.703749
incident,NO_R025_I049,normal,R025,10.767252,106.662014
incident,NO_R025_I050,normal,R025,10.756484,106.733436
incident,NO_R025_I051,normal,R025,10.772698,106.686093
incident,NO_R025_I052,normal,R025,10.746776,106.693841
incident,NO_R025_I053,normal,R025,10.792858,106.700664
incident,NO_R025_I054,normal,R025,10.786637,106.627554
incident,NO_R025_I055,normal,R025,10.747175,106.73871
incident,NO_R025_I056,normal,R025,10.804106,106.648626
incident,NO_R025_I057,normal,R025,10.808994,106.712358
incident,NO_R025_I058,normal,R025,10.759481,106.691144
incident,NO_R025_I059,normal,R025,10.767826,106.668651
incident,NO_R025_I060,normal,R025,10.783252,106.613326
incident,NO_R025_I061,normal,R025,10.756767,106.715049
incident,NO_R025_I062,normal,R025,10.763614,106.678537
incident,NO_R025_I063,normal,R025,10.786293,106.705467
incident,NO_R025_I064,normal,R025,10.798715,106.709944
incident,NO_R025_I065,normal,R025,10.788564,106.682754
incident,NO_R025_I066,normal,R025,10.770134,106.682769
incident,NO_R025_I067,normal,R025,10.792986,106.692508
incident,NO_R025_I068,normal,R025,10.761563,106.681885
incident,NO_R025_I069,normal,R025,10.817071,106.694791
incident,NO_R025_I070,normal,R025,10.756116,106.707081
incident,NO_R025_I071,normal,R025,10.733688,106.692857
incident,NO_R025_I072,normal,R025,10.781143,106.733718
incident,NO_R025_I073,normal,R025,10.752703,106.695733
incident,NO_R025_I074,normal,R025,10.771121,106.695482
incident,NO_R025_I075,normal,R025,10.781208,106.691484
incident,NO_R025_I076,normal,R025,10.809167,106.652107
incident,NO_R025_I077,normal,R025,10.780507,106.719201
incident,NO_R025_I078,normal,R025,10.8039,106.666798
incident,NO_R025_I079,normal,R025,10.731083,106.723818
incident,NO_R025_I080,normal,R025,10.772581,106.696752
incident,NO_R025_I081,normal,R025,10.796596,106.705798
incident,NO_R025_I082,normal,R025,10.721164,106.670318
incident,NO_R025_I083,normal,R025,10.771514,106.690863
incident,NO_R025_I084,normal,R025,10.75785,106.682069
incident,NO_R025_I085,normal,R025,10.749018,106.665766
incident,NO_R025_I086,normal,R025,10.782606,106.648466
incident,NO_R025_I087,normal,R025,10.731163,106.695626
incident,NO_R025_I088,normal,R025,10.77751,106.672939
incident,NO_R025_I089,normal,R025,10.758868,106.654837
incident,NO_R025_I090,normal,R025,10.778809,106.727641
incident,NO_R025_I091,normal,R025,10.732257,106.730177
incident,NO_R025_I092,normal,R025,10.767899,106.635086
incident,NO_R025_I093,normal,R025,10.805932,106.682907
incident,NO_R025_I094,normal,R025,10.768895,106.667643
incident,NO_R025_I095,normal,R025,10.75716,106.580575
incident,NO_R025_I096,normal,R025,10.74788,106.713904
incident,NO_R025_I097,normal,R025,10.692796,106.738441
incident,NO_R025_I098,normal,R025,10.781333,106.69223
incident,NO_R025_I099,normal,R025,10.777577,106.656254
incident,NO_R025_I100,normal,R025,10.77126,106.655578
incident,NO_R026_I001,normal,R026,10.750991,106.673686
incident,NO_R026_I002,normal,R026,10.747383,106.657661
incident,NO_R026_I003,normal,R026,10.765998,106.691989
incident,NO_R026_I004,normal,R026,10.777942,106.569982
incident,NO_R026_I005,normal,R026,10.748214,106.709425
incident,NO_R026_I006,normal,R026,10.795802,106.669428
incident,NO_R026_I007,normal,R026,10.79498,106.663846
incident,NO_R026_I008,normal,R026,10.764612,106.684263
incident,NO_R026_I009,normal,R026,10.794295,106.6222
incident,NO_R026_I010,normal,R026,10.791782,106.70857
incident,NO_R026_I011,normal,R026,10.746988,106.766433
incident,NO_R026_I012,normal,R026,10.781447,106.663959
incident,NO_R026_I013,normal,R026,10.808282,106.714332
incident,NO_R026_I014,normal,R026,10.719839,106.769353
incident,NO_R026_I015,normal,R026,10.733594,106.636174
incident,NO_R026_I016,normal,R026,10.782633,106.707508
incident,NO_R026_I017,normal,R026,10.803452,106.687689
incident,NO_R026_I018,normal,R026,10.78475,106.629812
incident,NO_R026_I019,normal,R026,10.736316,106.666542
incident,NO_R026_I020,normal,R026,10.757994,106.745349
incident,NO_R026_I021,normal,R026,10.766927,106.691068
incident,NO_R026_I022,normal,R026,10.769316,106.664742
incident,NO_R026_I023,normal,R026,10.748085,106.636016
incident,NO_R026_I024,normal,R026,10.736663,106.662546
incident,NO_R026_I025,normal,R026,10.731866,106.668278
incident,NO_R026_I026,normal,R026,10.777865,106.688561
incident,NO_R026_I027,normal,R026,10.795705,106.666887
incident,NO_R026_I028,normal,R026,10.808374,106.71471
incident,NO_R026_I029,normal,R026,10.790391,106.772916
incident,NO_R026_I030,normal,R026,10.753062,106.649279
incident,NO_R026_I031,normal,R026,10.739916,106.667319
incident,NO_R026_I032,normal,R026,10.806878,106.710217
incident,NO_R026_I033,normal,R026,10.770024,106.649798
incident,NO_R026_I034,normal,R026,10.773431,106.708418
incident,NO_R026_I035,normal,R026,10.805215,106.720418
incident,NO_R026_I036,normal,R026,10.755262,106.62942
incident,NO_R026_I037,normal,R026,10.775334,106.661511
incident,NO_R026_I038,normal,R026,10.758186,106.707232
incident,NO_R026_I039,normal,R026,10.759918,106.662293
incident,NO_R026_I040,normal,R026,10.775176,106.63223
incident,NO_R026_I041,normal,R026,10.720036,106.685586
incident,NO_R026_I042,normal,R026,10.768277,106.70382
incident,NO_R026_I043,normal,R026,10.779499,106.657873
incident,NO_R026_I044,normal,R026,10.767998,106.639797
incident,NO_R026_I045,normal,R026,10.736719,106.67864
incident,NO_R026_I046,normal,R026,10.807193,106.698838
incident,NO_R026_I047,normal,R026,10.784408,106.726648
incident,NO_R026_I048,normal,R026,10.733007,106.615271
incident,NO_R026_I049,normal,R026,10.799588,106.593934
incident,NO_R026_I050,normal,R026,10.735556,106.684078
incident,NO_R026_I051,normal,R026,10.798188,106.68544
incident,NO_R026_I052,normal,R026,10.775748,106.631184
incident,NO_R026_I053,normal,R026,10.783405,106.685818
incident,NO_R026_I054,normal,R026,10.774588,106.663364
incident,NO_R026_I055,normal,R026,10.774328,106.673775
incident,NO_R026_I056,normal,R026,10.798553,106.632373
incident,NO_R026_I057,normal,R026,10.750777,106.740463
incident,NO_R026_I058,normal,R026,10.780244,106.750065
incident,NO_R026_I059,normal,R026,10.742498,106.622988
incident,NO_R026_I060,normal,R026,10.741593,106.740026
incident,NO_R026_I061,normal,R026,10.768357,106.690646
incident,NO_R026_I062,normal,R026,10.771858,106.671874
incident,NO_R026_I063,normal,R026,10.793158,106.717363
incident,NO_R026_I064,normal,R026,10.729463,106.613177
incident,NO_R026_I065,normal,R026,10.813492,106.700789
incident,NO_R026_I066,normal,R026,10.749227,106.714913
incident,NO_R026_I067,normal,R026,10.803401,106.699166
incident,NO_R026_I068,normal,R026,10.807105,106.66578
incident,NO_R026_I069,normal,R026,10.763367,106.699895
incident,NO_R026_I070,normal,R026,10.790763,106.694785
incident,NO_R026_I071,normal,R026,10.758785,106.69366
incident,NO_R026_I072,normal,R026,10.721048,106.681143
incident,NO_R026_I073,normal,R026,10.726325,106.731747
incident,NO_R026_I074,normal,R026,10.758967,106.681574
incident,NO_R026_I075,normal,R026,10.748777,106.630157
incident,NO_R026_I076,normal,R026,10.738449,106.669259
incident,NO_R026_I077,normal,R026,10.763493,106.630867
incident,NO_R026_I078,normal,R026,10.76831,106.677998
incident,NO_R026_I079,normal,R026,10.723762,106.720319
incident,NO_R026_I080,normal,R026,10.764086,106.691037
incident,NO_R026_I081,normal,R026,10.784235,106.701719
incident,NO_R026_I082,normal,R026,10.774262,106.66716
incident,NO_R026_I083,normal,R026,10.751769,106.69542
incident,NO_R026_I084,normal,R026,10.747288,106.691092
incident,NO_R026_I085,normal,R026,10.727307,106.707026
incident,NO_R026_I086,normal,R026,10.759722,106.701581
incident,NO_R026_I087,normal,R026,10.774638,106.70024
incident,NO_R026_I088,normal,R026,10.767432,106.665416
incident,NO_R026_I089,normal,R026,10.74079,106.677233
incident,NO_R026_I090,normal,R026,10.746506,106.650773
incident,NO_R026_I091,normal,R026,10.784094,106.68776
incident,NO_R026_I092,normal,R026,10.773337,106.595407
incident,NO_R026_I093,normal,R026,10.782436,106.716705
incident,NO_R026_I094,normal,R026,10.783227,106.648783
incident,NO_R026_I095,normal,R026,10.810972,106.691046
incident,NO_R026_I096,normal,R026,10.802034,106.662462
incident,NO_R026_I097,normal,R026,10.786251,106.682327
incident,NO_R026_I098,normal,R026,10.767279,106.70796
incident,NO_R026_I099,normal,R026,10.718097,106.725108
incident,NO_R026_I100,normal,R026,10.732278,106.634768
incident,NO_R027_I001,normal,R027,10.782373,106.674418
incident,NO_R027_I002,normal,R027,10.795578,106.619349
incident,NO_R027_I003,normal,R027,10.757885,106.627139
incident,NO_R027_I004,normal,R027,10.757867,106.719638
incident,NO_R027_I005,normal,R027,10.758692,106.681749
incident,NO_R027_I006,normal,R027,10.81281,106.656314
incident,NO_R027_I007,normal,R027,10.785622,106.745912
incident,NO_R027_I008,normal,R027,10.786341,106.672241
incident,NO_R027_I009,normal,R027,10.747219,106.648136
incident,NO_R027_I010,normal,R027,10.7706,106.675405
incident,NO_R027_I011,normal,R027,10.770762,106.649524
incident,NO_R027_I012,normal,R027,10.81466,106.641169
incident,NO_R027_I013,normal,R027,10.741933,106.712909
incident,NO_R027_I014,normal,R027,10.771733,106.743664
incident,NO_R027_I015,normal,R027,10.739196,106.662382
incident,NO_R027_I016,normal,R027,10.727236,106.744068
incident,NO_R027_I017,normal,R027,10.807355,106.667175
incident,NO_R027_I018,normal,R027,10.696854,106.619816
incident,NO_R027_I019,normal,R027,10.788241,106.675061
incident,NO_R027_I020,normal,R027,10.760766,106.659988
incident,NO_R027_I021,normal,R027,10.780047,106.670367
incident,NO_R027_I022,normal,R027,10.818538,106.640041
incident,NO_R027_I023,normal,R027,10.781681,106.733031
incident,NO_R027_I024,normal,R027,10.742228,106.63337
incident,NO_R027_I025,normal,R027,10.780919,106.695339
incident,NO_R027_I026,normal,R027,10.792161,106.746815
incident,NO_R027_I027,normal,R027,10.724871,106.748612
incident,NO_R027_I028,normal,R027,10.784501,106.698047
incident,NO_R027_I029,normal,R027,10.735466,106.672965
incident,NO_R027_I030,normal,R027,10.813236,106.652022
incident,NO_R027_I031,normal,R027,10.783667,106.725507
incident,NO_R027_I032,normal,R027,10.77602,106.699756
incident,NO_R027_I033,normal,R027,10.773319,106.695519
incident,NO_R027_I034,normal,R027,10.777283,106.687746
incident,NO_R027_I035,normal,R027,10.804092,106.767826
incident,NO_R027_I036,normal,R027,10.805714,106.719424
incident,NO_R027_I037,normal,R027,10.753499,106.716342
incident,NO_R027_I038,normal,R027,10.784129,106.666896
incident,NO_R027_I039,normal,R027,10.732754,106.741676
incident,NO_R027_I040,normal,R027,10.761562,106.676339
incident,NO_R027_I041,normal,R027,10.75937,106.633119
incident,NO_R027_I042,normal,R027,10.814943,106.658284
incident,NO_R027_I043,normal,R027,10.781357,106.732491
incident,NO_R027_I044,normal,R027,10.76797,106.68787
incident,NO_R027_I045,normal,R027,10.788208,106.70938
incident,NO_R027_I046,normal,R027,10.776894,106.651642
incident,NO_R027_I047,normal,R027,10.741773,106.646933
incident,NO_R027_I048,normal,R027,10.795766,106.746499
incident,NO_R027_I049,normal,R027,10.769819,106.659812
incident,NO_R027_I050,normal,R027,10.753103,106.671064
incident,NO_R027_I051,normal,R027,10.803248,106.603864
incident,NO_R027_I052,normal,R027,10.774382,106.676669
incident,NO_R027_I053,normal,R027,10.758231,106.698266
incident,NO_R027_I054,normal,R027,10.779987,106.714567
incident,NO_R027_I055,normal,R027,10.784036,106.659103
incident,NO_R027_I056,normal,R027,10.760765,106.69435
incident,NO_R027_I057,normal,R027,10.814849,106.63478
incident,NO_R027_I058,normal,R027,10.803665,106.7116
incident,NO_R027_I059,normal,R027,10.779522,106.652901
incident,NO_R027_I060,normal,R027,10.774405,106.702911
incident,NO_R027_I061,normal,R027,10.722656,106.704753
incident,NO_R027_I062,normal,R027,10.799134,106.670983
incident,NO_R027_I063,normal,R027,10.753191,106.705071
incident,NO_R027_I064,normal,R027,10.750639,106.698376
incident,NO_R027_I065,normal,R027,10.73144,106.694187
incident,NO_R027_I066,normal,R027,10.780618,106.650913
incident,NO_R027_I067,normal,R027,10.722557,106.680187
incident,NO_R027_I068,normal,R027,10.769135,106.69749
incident,NO_R027_I069,normal,R027,10.816447,106.67221
incident,NO_R027_I070,normal,R027,10.773985,106.733943
incident,NO_R027_I071,normal,R027,10.760754,106.63214
incident,NO_R027_I072,normal,R027,10.764048,106.743764
incident,NO_R027_I073,normal,R027,10.768893,106.656659
incident,NO_R027_I074,normal,R027,10.77309,106.737366
incident,NO_R027_I075,normal,R027,10.704051,106.684099
incident,NO_R027_I076,normal,R027,10.79686,106.608735
incident,NO_R027_I077,normal,R027,10.769777,106.663585
incident,NO_R027_I078,normal,R027,10.780164,106.658976
incident,NO_R027_I079,normal,R027,10.783182,106.638231
incident,NO_R027_I080,normal,R027,10.795163,106.672338
incident,NO_R027_I081,normal,R027,10.774344,106.667397
incident,NO_R027_I082,normal,R027,10.779214,106.723851
incident,NO_R027_I083,normal,R027,10.788597,106.6669
incident,NO_R027_I084,normal,R027,10.770542,106.681087
incident,NO_R027_I085,normal,R027,10.779153,106.650664
incident,NO_R027_I086,normal,R027,10.793149,106.666896
incident,NO_R027_I087,normal,R027,10.798994,106.648888
incident,NO_R027_I088,normal,R027,10.777384,106.740013
incident,NO_R027_I089,normal,R027,10.772929,106.716275
incident,NO_R027_I090,normal,R027,10.789029,106.70046
incident,NO_R027_I091,normal,R027,10.760155,106.68374
incident,NO_R027_I092,normal,R027,10.806646,106.616263
incident,NO_R027_I093,normal,R027,10.76805,106.723716
incident,NO_R027_I094,normal,R027,10.735498,106.674714
incident,NO_R027_I095,normal,R027,10.775265,106.679928
incident,NO_R027_I096,normal,R027,10.753078,106.742253
incident,NO_R027_I097,normal,R027,10.789126,106.590192
incident,NO_R027_I098,normal,R027,10.772627,106.670083
incident,NO_R027_I099,normal,R027,10.813951,106.651703
incident,NO_R027_I100,normal,R027,10.759562,106.674158
incident,NO_R028_I001,normal,R028,10.798654,106.655225
incident,NO_R028_I002,normal,R028,10.761935,106.723528
incident,NO_R028_I003,normal,R028,10.739255,106.677667
incident,NO_R028_I004,normal,R028,10.830365,106.663916
incident,NO_R028_I005,normal,R028,10.779976,106.723941
incident,NO_R028_I006,normal,R028,10.78104,106.713085
incident,NO_R028_I007,normal,R028,10.761608,106.699966
incident,NO_R028_I008,normal,R028,10.8123,106.618478
incident,NO_R028_I009,normal,R028,10.776905,106.682983
incident,NO_R028_I010,normal,R028,10.791194,106.628972
incident,NO_R028_I011,normal,R028,10.7942,106.708492
incident,NO_R028_I012,normal,R028,10.774201,106.711619
incident,NO_R028_I013,normal,R028,10.797846,106.685031
incident,NO_R028_I014,normal,R028,10.791966,106.65599
incident,NO_R028_I015,normal,R028,10.771791,106.713648
incident,NO_R028_I016,normal,R028,10.767526,106.68499
incident,NO_R028_I017,normal,R028,10.7719,106.679677
incident,NO_R028_I018,normal,R028,10.742842,106.673206
incident,NO_R028_I019,normal,R028,10.78232,106.691746
incident,NO_R028_I020,normal,R028,10.749741,106.702181
incident,NO_R028_I021,normal,R028,10.790398,106.710639
incident,NO_R028_I022,normal,R028,10.783419,106.69615
incident,NO_R028_I023,normal,R028,10.767547,106.616383
incident,NO_R028_I024,normal,R028,10.77128,106.682651
incident,NO_R028_I025,normal,R028,10.768755,106.676001
incident,NO_R028_I026,normal,R028,10.760948,106.726191
incident,NO_R028_I027,normal,R028,10.751249,106.67978
incident,NO_R028_I028,normal,R028,10.765014,106.655009
incident,NO_R028_I029,normal,R028,10.752062,106.674109
incident,NO_R028_I030,normal,R028,10.733935,106.714403
incident,NO_R028_I031,normal,R028,10.741515,106.647169
incident,NO_R028_I032,normal,R028,10.786543,106.697843
incident,NO_R028_I033,normal,R028,10.789428,106.714632
incident,NO_R028_I034,normal,R028,10.763402,106.612391
incident,NO_R028_I035,normal,R028,10.775731,106.690811
incident,NO_R028_I036,normal,R028,10.80596,106.652119
incident,NO_R028_I037,normal,R028,10.763202,106.68814
incident,NO_R028_I038,normal,R028,10.785104,106.686876
incident,NO_R028_I039,normal,R028,10.772809,106.700094
incident,NO_R028_I040,normal,R028,10.798351,106.677505
incident,NO_R028_I041,normal,R028,10.735813,106.697066
incident,NO_R028_I042,normal,R028,10.809138,106.668364
incident,NO_R028_I043,normal,R028,10.780646,106.58323
incident,NO_R028_I044,normal,R028,10.793193,106.673315
incident,NO_R028_I045,normal,R028,10.768567,106.737227
incident,NO_R028_I046,normal,R028,10.779628,106.657323
incident,NO_R028_I047,normal,R028,10.771345,106.630369
incident,NO_R028_I048,normal,R028,10.760178,106.700612
incident,NO_R028_I049,normal,R028,10.734345,106.703162
incident,NO_R028_I050,normal,R028,10.775802,106.70203
incident,NO_R028_I051,normal,R028,10.786844,106.6787
incident,NO_R028_I052,normal,R028,10.790306,106.654993
incident,NO_R028_I053,normal,R028,10.791641,106.677508
incident,NO_R028_I054,normal,R028,10.815704,106.66062
incident,NO_R028_I055,normal,R028,10.697987,106.742625
incident,NO_R028_I056,normal,R028,10.763105,106.759982
incident,NO_R028_I057,normal,R028,10.753288,106.676166
incident,NO_R028_I058,normal,R028,10.74982,106.658407
incident,NO_R028_I059,normal,R028,10.814805,106.698229
incident,NO_R028_I060,normal,R028,10.77168,106.684572
incident,NO_R028_I061,normal,R028,10.748562,106.642569
incident,NO_R028_I062,normal,R028,10.751359,106.737674
incident,NO_R028_I063,normal,R028,10.772172,106.705285
incident,NO_R028_I064,normal,R028,10.736218,106.730191
incident,NO_R028_I065,normal,R028,10.799603,106.735749
incident,NO_R028_I066,normal,R028,10.746332,106.672778
incident,NO_R028_I067,normal,R028,10.760562,106.673914
incident,NO_R028_I068,normal,R028,10.76908,106.633157
incident,NO_R028_I069,normal,R028,10.751605,106.692915
incident,NO_R028_I070,normal,R028,10.758024,106.669514
incident,NO_R028_I071,normal,R028,10.77859,106.645932
incident,NO_R028_I072,normal,R028,10.752758,106.6726
incident,NO_R028_I073,normal,R028,10.774147,106.690333
incident,NO_R028_I074,normal,R028,10.763411,106.753214
incident,NO_R028_I075,normal,R028,10.779562,106.665771
incident,NO_R028_I076,normal,R028,10.767124,106.768826
incident,NO_R028_I077,normal,R028,10.774796,106.720302
incident,NO_R028_I078,normal,R028,10.797556,106.66004
incident,NO_R028_I079,normal,R028,10.795837,106.682772
incident,NO_R028_I080,normal,R028,10.751921,106.636952
incident,NO_R028_I081,normal,R028,10.781628,106.656306
incident,NO_R028_I082,normal,R028,10.784792,106.643509
incident,NO_R028_I083,normal,R028,10.774153,106.596466
incident,NO_R028_I084,normal,R028,10.794979,106.712514
incident,NO_R028_I085,normal,R028,10.770271,106.685437
incident,NO_R028_I086,normal,R028,10.746248,106.732186
incident,NO_R028_I087,normal,R028,10.787455,106.723152
incident,NO_R028_I088,normal,R028,10.780083,106.605424
incident,NO_R028_I089,normal,R028,10.740999,106.698773
incident,NO_R028_I090,normal,R028,10.759933,106.727773
incident,NO_R028_I091,normal,R028,10.761576,106.665081
incident,NO_R028_I092,normal,R028,10.779815,106.655153
incident,NO_R028_I093,normal,R028,10.769969,106.656701
incident,NO_R028_I094,normal,R028,10.800074,106.735315
incident,NO_R028_I095,normal,R028,10.738222,106.679021
incident,NO_R028_I096,normal,R028,10.777072,106.791883
incident,NO_R028_I097,normal,R028,10.786725,106.685624
incident,NO_R028_I098,normal,R028,10.779526,106.736025
incident,NO_R028_I099,normal,R028,10.777686,106.679396
incident,NO_R028_I100,normal,R028,10.743565,106.6829
incident,NO_R029_I001,normal,R029,10.770697,106.656088
incident,NO_R029_I002,normal,R029,10.73677,106.665481
incident,NO_R029_I003,normal,R029,10.73934,106.670207
incident,NO_R029_I004,normal,R029,10.71587,106.650657
incident,NO_R029_I005,normal,R029,10.791588,106.666799
incident,NO_R029_I006,normal,R029,10.770281,106.701588
incident,NO_R029_I007,normal,R029,10.767684,106.702582
incident,NO_R029_I008,normal,R029,10.747052,106.695775
incident,NO_R029_I009,normal,R029,10.71498,106.68843
incident,NO_R029_I010,normal,R029,10.719638,106.687527
incident,NO_R029_I011,normal,R029,10.75207,106.595439
incident,NO_R029_I012,normal,R029,10.768422,106.635098
incident,NO_R029_I013,normal,R029,10.794155,106.67194
incident,NO_R029_I014,normal,R029,10.757466,106.655506
incident,NO_R029_I015,normal,R029,10.751057,106.694384
incident,NO_R029_I016,normal,R029,10.760461,106.692394
incident,NO_R029_I017,normal,R029,10.784841,106.632983
incident,NO_R029_I018,normal,R029,10.769852,106.667065
incident,NO_R029_I019,normal,R029,10.793495,106.713973
incident,NO_R029_I020,normal,R029,10.721716,106.686356
incident,NO_R029_I021,normal,R029,10.755624,106.692128
incident,NO_R029_I022,normal,R029,10.746039,106.656573
incident,NO_R029_I023,normal,R029,10.804245,106.650075
incident,NO_R029_I024,normal,R029,10.786001,106.633939
incident,NO_R029_I025,normal,R029,10.791066,106.700021
incident,NO_R029_I026,normal,R029,10.788417,106.683807
incident,NO_R029_I027,normal,R029,10.80539,106.659309
incident,NO_R029_I028,normal,R029,10.757795,106.694089
incident,NO_R029_I029,normal,R029,10.718532,106.660157
incident,NO_R029_I030,normal,R029,10.746993,106.608575
incident,NO_R029_I031,normal,R029,10.72626,106.654138
incident,NO_R029_I032,normal,R029,10.807728,106.657088
incident,NO_R029_I033,normal,R029,10.747468,106.633954
incident,NO_R029_I034,normal,R029,10.806071,106.657889
incident,NO_R029_I035,normal,R029,10.774915,106.708466
incident,NO_R029_I036,normal,R029,10.807658,106.631263
incident,NO_R029_I037,normal,R029,10.770832,106.736352
incident,NO_R029_I038,normal,R029,10.719034,106.66461
incident,NO_R029_I039,normal,R029,10.773278,106.775333
incident,NO_R029_I040,normal,R029,10.786701,106.689198
incident,NO_R029_I041,normal,R029,10.778194,106.6722
incident,NO_R029_I042,normal,R029,10.785492,106.68847
incident,NO_R029_I043,normal,R029,10.783019,106.718169
incident,NO_R029_I044,normal,R029,10.785689,106.632355
incident,NO_R029_I045,normal,R029,10.817115,106.722807
incident,NO_R029_I046,normal,R029,10.782887,106.640437
incident,NO_R029_I047,normal,R029,10.73324,106.673204
incident,NO_R029_I048,normal,R029,10.760088,106.68928
incident,NO_R029_I049,normal,R029,10.758823,106.595759
incident,NO_R029_I050,normal,R029,10.769315,106.633075
incident,NO_R029_I051,normal,R029,10.733862,106.656547
incident,NO_R029_I052,normal,R029,10.749018,106.672199
incident,NO_R029_I053,normal,R029,10.782883,106.708863
incident,NO_R029_I054,normal,R029,10.748178,106.679304
incident,NO_R029_I055,normal,R029,10.747577,106.704221
incident,NO_R029_I056,normal,R029,10.810788,106.75563
incident,NO_R029_I057,normal,R029,10.789277,106.686474
incident,NO_R029_I058,normal,R029,10.787925,106.738251
incident,NO_R029_I059,normal,R029,10.75434,106.690347
incident,NO_R029_I060,normal,R029,10.726049,106.640765
incident,NO_R029_I061,normal,R029,10.786684,106.667358
incident,NO_R029_I062,normal,R029,10.783371,106.645496
incident,NO_R029_I063,normal,R029,10.743528,106.691073
incident,NO_R029_I064,normal,R029,10.757496,106.677616
incident,NO_R029_I065,normal,R029,10.746115,106.610711
incident,NO_R029_I066,normal,R029,10.735436,106.676947
incident,NO_R029_I067,normal,R029,10.772669,106.63766
incident,NO_R029_I068,normal,R029,10.762986,106.710988
incident,NO_R029_I069,normal,R029,10.778245,106.698697
incident,NO_R029_I070,normal,R029,10.76755,106.652812
incident,NO_R029_I071,normal,R029,10.731356,106.734971
incident,NO_R029_I072,normal,R029,10.775225,106.649686
incident,NO_R029_I073,normal,R029,10.784125,106.644289
incident,NO_R029_I074,normal,R029,10.767183,106.658159
incident,NO_R029_I075,normal,R029,10.786775,106.743675
incident,NO_R029_I076,normal,R029,10.797335,106.67962
incident,NO_R029_I077,normal,R029,10.759378,106.636745
incident,NO_R029_I078,normal,R029,10.758564,106.681597
incident,NO_R029_I079,normal,R029,10.756486,106.689063
incident,NO_R029_I080,normal,R029,10.785337,106.678864
incident,NO_R029_I081,normal,R029,10.799514,106.669439
incident,NO_R029_I082,normal,R029,10.776637,106.668684
incident,NO_R029_I083,normal,R029,10.731175,106.656443
incident,NO_R029_I084,normal,R029,10.731777,106.685966
incident,NO_R029_I085,normal,R029,10.789108,106.724593
incident,NO_R029_I086,normal,R029,10.749412,106.680388
incident,NO_R029_I087,normal,R029,10.773102,106.693524
incident,NO_R029_I088,normal,R029,10.738085,106.6105
incident,NO_R029_I089,normal,R029,10.751261,106.680464
incident,NO_R029_I090,normal,R029,10.727589,106.706646
incident,NO_R029_I091,normal,R029,10.727007,106.677207
incident,NO_R029_I092,normal,R029,10.804151,106.707789
incident,NO_R029_I093,normal,R029,10.762329,106.707482
incident,NO_R029_I094,normal,R029,10.732902,106.647041
incident,NO_R029_I095,normal,R029,10.808485,106.733965
incident,NO_R029_I096,normal,R029,10.77863,106.712803
incident,NO_R029_I097,normal,R029,10.766392,106.646772
incident,NO_R029_I098,normal,R029,10.778939,106.641297
incident,NO_R029_I099,normal,R029,10.740549,106.681522
incident,NO_R029_I100,normal,R029,10.785149,106.641794
incident,NO_R030_I001,normal,R030,10.754501,106.696162
incident,NO_R030_I002,normal,R030,10.773753,106.666094
incident,NO_R030_I003,normal,R030,10.727859,106.689191
incident,NO_R030_I004,normal,R030,10.726603,106.629845
incident,NO_R030_I005,normal,R030,10.777299,106.707864
incident,NO_R030_I006,normal,R030,10.833893,106.647554
incident,NO_R030_I007,normal,R030,10.740415,106.739794
incident,NO_R030_I008,normal,R030,10.762822,106.685606
incident,NO_R030_I009,normal,R030,10.757572,106.707845
incident,NO_R030_I010,normal,R030,10.75367,106.657389
incident,NO_R030_I011,normal,R030,10.766355,106.675077
incident,NO_R030_I012,normal,R030,10.757475,106.643736
incident,NO_R030_I013,normal,R030,10.76166,106.735437
incident,NO_R030_I014,normal,R030,10.780465,106.693377
incident,NO_R030_I015,normal,R030,10.794904,106.655406
incident,NO_R030_I016,normal,R030,10.794667,106.671283
incident,NO_R030_I017,normal,R030,10.766527,106.701507
incident,NO_R030_I018,normal,R030,10.769461,106.65429
incident,NO_R030_I019,normal,R030,10.808163,106.705728
incident,NO_R030_I020,normal,R030,10.809959,106.660063
incident,NO_R030_I021,normal,R030,10.782919,106.668517
incident,NO_R030_I022,normal,R030,10.75857,106.719318
incident,NO_R030_I023,normal,R030,10.787774,106.691999
incident,NO_R030_I024,normal,R030,10.773326,106.688128
incident,NO_R030_I025,normal,R030,10.777887,106.680476
incident,NO_R030_I026,normal,R030,10.776111,106.726637
incident,NO_R030_I027,normal,R030,10.760668,106.661457
incident,NO_R030_I028,normal,R030,10.754126,106.699493
incident,NO_R030_I029,normal,R030,10.74466,106.689291
incident,NO_R030_I030,normal,R030,10.731288,106.589715
incident,NO_R030_I031,normal,R030,10.809758,106.663544
incident,NO_R030_I032,normal,R030,10.782184,106.698804
incident,NO_R030_I033,normal,R030,10.816371,106.659668
incident,NO_R030_I034,normal,R030,10.791594,106.683213
incident,NO_R030_I035,normal,R030,10.768786,106.735806
incident,NO_R030_I036,normal,R030,10.753371,106.687299
incident,NO_R030_I037,normal,R030,10.769081,106.679421
incident,NO_R030_I038,normal,R030,10.778899,106.684462
incident,NO_R030_I039,normal,R030,10.808422,106.605431
incident,NO_R030_I040,normal,R030,10.785559,106.649755
incident,NO_R030_I041,normal,R030,10.824148,106.683729
incident,NO_R030_I042,normal,R030,10.765495,106.686066
incident,NO_R030_I043,normal,R030,10.813153,106.685846
incident,NO_R030_I044,normal,R030,10.76215,106.740343
incident,NO_R030_I045,normal,R030,10.783789,106.719827
incident,NO_R030_I046,normal,R030,10.755791,106.67146
incident,NO_R030_I047,normal,R030,10.80894,106.642404
incident,NO_R030_I048,normal,R030,10.754143,106.660898
incident,NO_R030_I049,normal,R030,10.768883,106.707731
incident,NO_R030_I050,normal,R030,10.761164,106.706913
incident,NO_R030_I051,normal,R030,10.732356,106.697728
incident,NO_R030_I052,normal,R030,10.750095,106.740234
incident,NO_R030_I053,normal,R030,10.753564,106.685727
incident,NO_R030_I054,normal,R030,10.8211,106.72546
incident,NO_R030_I055,normal,R030,10.799561,106.65874
incident,NO_R030_I056,normal,R030,10.799652,106.64257
incident,NO_R030_I057,normal,R030,10.789736,106.697872
incident,NO_R030_I058,normal,R030,10.798698,106.645638
incident,NO_R030_I059,normal,R030,10.758818,106.711968
incident,NO_R030_I060,normal,R030,10.766512,106.763592
incident,NO_R030_I061,normal,R030,10.728876,106.7452
incident,NO_R030_I062,normal,R030,10.801229,106.652456
incident,NO_R030_I063,normal,R030,10.772883,106.759999
incident,NO_R030_I064,normal,R030,10.791862,106.568921
incident,NO_R030_I065,normal,R030,10.722925,106.77874
incident,NO_R030_I066,normal,R030,10.779877,106.677237
incident,NO_R030_I067,normal,R030,10.785341,106.688791
incident,NO_R030_I068,normal,R030,10.806891,106.741397
incident,NO_R030_I069,normal,R030,10.776795,106.777781
incident,NO_R030_I070,normal,R030,10.795811,106.691799
incident,NO_R030_I071,normal,R030,10.768072,106.709123
incident,NO_R030_I072,normal,R030,10.75826,106.683633
incident,NO_R030_I073,normal,R030,10.751655,106.662373
incident,NO_R030_I074,normal,R030,10.758828,106.673427
incident,NO_R030_I075,normal,R030,10.778045,106.671986
incident,NO_R030_I076,normal,R030,10.775126,106.662093
incident,NO_R030_I077,normal,R030,10.747038,106.633829
incident,NO_R030_I078,normal,R030,10.770175,106.649281
incident,NO_R030_I079,normal,R030,10.74023,106.670318
incident,NO_R030_I080,normal,R030,10.770872,106.722921
incident,NO_R030_I081,normal,R030,10.789777,106.672643
incident,NO_R030_I082,normal,R030,10.791411,106.698776
incident,NO_R030_I083,normal,R030,10.770332,106.67678
incident,NO_R030_I084,normal,R030,10.767679,106.729226
incident,NO_R030_I085,normal,R030,10.714103,106.63288
incident,NO_R030_I086,normal,R030,10.715015,106.745093
incident,NO_R030_I087,normal,R030,10.776799,106.634054
incident,NO_R030_I088,normal,R030,10.807055,106.717733
incident,NO_R030_I089,normal,R030,10.728394,106.652547
incident,NO_R030_I090,normal,R030,10.783333,106.693461
incident,NO_R030_I091,normal,R030,10.809745,106.673392
incident,NO_R030_I092,normal,R030,10.799717,106.663108
incident,NO_R030_I093,normal,R030,10.752873,106.723033
incident,NO_R030_I094,normal,R030,10.772282,106.633204
incident,NO_R030_I095,normal,R030,10.797181,106.668088
incident,NO_R030_I096,normal,R030,10.779878,106.715405
incident,NO_R030_I097,normal,R030,10.792024,106.713613
incident,NO_R030_I098,normal,R030,10.756022,106.654833
incident,NO_R030_I099,normal,R030,10.731068,106.68429
incident,NO_R030_I100,normal,R030,10.788661,106.66837
incident,PE_R001_I001,peak,R001,10.790506,106.676215
incident,PE_R001_I002,peak,R001,10.773986,106.664264
incident,PE_R001_I003,peak,R001,10.762717,106.677727
incident,PE_R001_I004,peak,R001,10.805549,106.699227
incident,PE_R001_I005,peak,R001,10.796032,106.673454
incident,PE_R001_I006,peak,R001,10.758039,106.727756
incident,PE_R001_I007,peak,R001,10.749777,106.66188
incident,PE_R001_I008,peak,R001,10.756219,106.640925
incident,PE_R001_I009,peak,R001,10.778258,106.682373
incident,PE_R001_I010,peak,R001,10.756411,106.665476
incident,PE_R001_I011,peak,R001,10.772137,106.761552
incident,PE_R001_I012,peak,R001,10.776618,106.65274
incident,PE_R001_I013,peak,R001,10.787356,106.710962
incident,PE_R001_I014,peak,R001,10.750765,106.695307
incident,PE_R001_I015,peak,R001,10.788248,106.648461
incident,PE_R001_I016,peak,R001,10.769246,106.710251
incident,PE_R001_I017,peak,R001,10.730955,106.638798
incident,PE_R001_I018,peak,R001,10.819495,106.640505
incident,PE_R001_I019,peak,R001,10.742671,106.635214
incident,PE_R001_I020,peak,R001,10.801856,106.625698
incident,PE_R001_I021,peak,R001,10.79386,106.731021
incident,PE_R001_I022,peak,R001,10.75319,106.616022
incident,PE_R001_I023,peak,R001,10.780825,106.659328
incident,PE_R001_I024,peak,R001,10.75329,106.629363
incident,PE_R001_I025,peak,R001,10.831956,106.743532
incident,PE_R001_I026,peak,R001,10.759287,106.693699
incident,PE_R001_I027,peak,R001,10.757927,106.681416
incident,PE_R001_I028,peak,R001,10.739863,106.69791
incident,PE_R001_I029,peak,R001,10.786314,106.66398
incident,PE_R001_I030,peak,R001,10.776041,106.762163
incident,PE_R001_I031,peak,R001,10.759264,106.646391
incident,PE_R001_I032,peak,R001,10.799198,106.619007
incident,PE_R001_I033,peak,R001,10.812745,106.635475
incident,PE_R001_I034,peak,R001,10.747188,106.707065
incident,PE_R001_I035,peak,R001,10.748747,106.696775
incident,PE_R001_I036,peak,R001,10.831988,106.714579
incident,PE_R001_I037,peak,R001,10.728859,106.657032
incident,PE_R001_I038,peak,R001,10.785102,106.656596
incident,PE_R001_I039,peak,R001,10.750904,106.637941
incident,PE_R001_I040,peak,R001,10.778138,106.800774
incident,PE_R001_I041,peak,R001,10.787887,106.662245
incident,PE_R001_I042,peak,R001,10.782839,106.62823
incident,PE_R001_I043,peak,R001,10.788639,106.675239
incident,PE_R001_I044,peak,R001,10.783156,106.638632
incident,PE_R001_I045,peak,R001,10.7511,106.709421
incident,PE_R001_I046,peak,R001,10.734364,106.65119
incident,PE_R001_I047,peak,R001,10.765101,106.705161
incident,PE_R001_I048,peak,R001,10.742657,106.685437
incident,PE_R001_I049,peak,R001,10.839645,106.665574
incident,PE_R001_I050,peak,R001,10.755869,106.702557
incident,PE_R001_I051,peak,R001,10.795942,106.722069
incident,PE_R001_I052,peak,R001,10.768504,106.58348
incident,PE_R001_I053,peak,R001,10.760727,106.652384
incident,PE_R001_I054,peak,R001,10.78546,106.714924
incident,PE_R001_I055,peak,R001,10.791418,106.6489
incident,PE_R001_I056,peak,R001,10.79566,106.626656
incident,PE_R001_I057,peak,R001,10.787088,106.672481
incident,PE_R001_I058,peak,R001,10.792301,106.702429
incident,PE_R001_I059,peak,R001,10.730035,106.667242
incident,PE_R001_I060,peak,R001,10.788865,106.615202
incident,PE_R001_I061,peak,R001,10.785419,106.622934
incident,PE_R001_I062,peak,R001,10.763221,106.728364
incident,PE_R001_I063,peak,R001,10.765495,106.677819
incident,PE_R001_I064,peak,R001,10.787827,106.723328
incident,PE_R001_I065,peak,R001,10.774983,106.675279
incident,PE_R001_I066,peak,R001,10.725796,106.703719
incident,PE_R001_I067,peak,R001,10.792102,106.635006
incident,PE_R001_I068,peak,R001,10.776972,106.649177
incident,PE_R001_I069,peak,R001,10.758777,106.645493
incident,PE_R001_I070,peak,R001,10.761804,106.674732
incident,PE_R001_I071,peak,R001,10.724688,106.679562
incident,PE_R001_I072,peak,R001,10.768473,106.731576
incident,PE_R001_I073,peak,R001,10.733409,106.638446
incident,PE_R001_I074,peak,R001,10.741783,106.707055
incident,PE_R001_I075,peak,R001,10.730304,106.708096
incident,PE_R001_I076,peak,R001,10.771832,106.66782
incident,PE_R001_I077,peak,R001,10.782663,106.650988
incident,PE_R001_I078,peak,R001,10.741599,106.663598
incident,PE_R001_I079,peak,R001,10.819021,106.642013
incident,PE_R001_I080,peak,R001,10.846284,106.714947
incident,PE_R001_I081,peak,R001,10.762225,106.697509
incident,PE_R001_I082,peak,R001,10.762483,106.692269
incident,PE_R001_I083,peak,R001,10.775742,106.700881
incident,PE_R001_I084,peak,R001,10.751542,106.705907
incident,PE_R001_I085,peak,R001,10.75051,106.747099
incident,PE_R001_I086,peak,R001,10.736052,106.703867
incident,PE_R001_I087,peak,R001,10.711927,106.701071
incident,PE_R001_I088,peak,R001,10.784974,106.663836
incident,PE_R001_I089,peak,R001,10.747271,106.65913
incident,PE_R001_I090,peak,R001,10.778084,106.5803
incident,PE_R001_I091,peak,R001,10.796942,106.689328
incident,PE_R001_I092,peak,R001,10.738417,106.65649
incident,PE_R001_I093,peak,R001,10.769747,106.666179
incident,PE_R001_I094,peak,R001,10.790746,106.652458
incident,PE_R001_I095,peak,R001,10.775629,106.664194
incident,PE_R001_I096,peak,R001,10.752201,106.688946
incident,PE_R001_I097,peak,R001,10.75307,106.658905
incident,PE_R001_I098,peak,R001,10.750859,106.662369
incident,PE_R001_I099,peak,R001,10.762385,106.717784
incident,PE_R001_I100,peak,R001,10.72854,106.629888
incident,PE_R002_I001,peak,R002,10.771857,106.723396
incident,PE_R002_I002,peak,R002,10.826256,106.648701
incident,PE_R002_I003,peak,R002,10.751055,106.718193
incident,PE_R002_I004,peak,R002,10.768011,106.710626
incident,PE_R002_I005,peak,R002,10.806987,106.67813
incident,PE_R002_I006,peak,R002,10.818836,106.679086
incident,PE_R002_I007,peak,R002,10.736113,106.665425
incident,PE_R002_I008,peak,R002,10.750559,106.689799
incident,PE_R002_I009,peak,R002,10.822188,106.599266
incident,PE_R002_I010,peak,R002,10.767514,106.688544
incident,PE_R002_I011,peak,R002,10.805211,106.673866
incident,PE_R002_I012,peak,R002,10.788896,106.686035
incident,PE_R002_I013,peak,R002,10.774478,106.62225
incident,PE_R002_I014,peak,R002,10.784489,106.723781
incident,PE_R002_I015,peak,R002,10.771178,106.697799
incident,PE_R002_I016,peak,R002,10.795841,106.707792
incident,PE_R002_I017,peak,R002,10.777314,106.590811
incident,PE_R002_I018,peak,R002,10.755165,106.707141
incident,PE_R002_I019,peak,R002,10.792752,106.698885
incident,PE_R002_I020,peak,R002,10.755448,106.725165
incident,PE_R002_I021,peak,R002,10.753988,106.620898
incident,PE_R002_I022,peak,R002,10.765003,106.683784
incident,PE_R002_I023,peak,R002,10.794756,106.622044
incident,PE_R002_I024,peak,R002,10.722767,106.706942
incident,PE_R002_I025,peak,R002,10.738012,106.704336
incident,PE_R002_I026,peak,R002,10.796151,106.645353
incident,PE_R002_I027,peak,R002,10.752038,106.676896
incident,PE_R002_I028,peak,R002,10.785548,106.690575
incident,PE_R002_I029,peak,R002,10.801804,106.642743
incident,PE_R002_I030,peak,R002,10.757462,106.766904
incident,PE_R002_I031,peak,R002,10.716708,106.654992
incident,PE_R002_I032,peak,R002,10.726004,106.690007
incident,PE_R002_I033,peak,R002,10.748886,106.723118
incident,PE_R002_I034,peak,R002,10.761804,106.633282
incident,PE_R002_I035,peak,R002,10.737768,106.678987
incident,PE_R002_I036,peak,R002,10.780789,106.622957
incident,PE_R002_I037,peak,R002,10.798985,106.638511
incident,PE_R002_I038,peak,R002,10.709696,106.6609
incident,PE_R002_I039,peak,R002,10.73996,106.718228
incident,PE_R002_I040,peak,R002,10.734421,106.651104
incident,PE_R002_I041,peak,R002,10.743722,106.628681
incident,PE_R002_I042,peak,R002,10.749594,106.633978
incident,PE_R002_I043,peak,R002,10.768639,106.667062
incident,PE_R002_I044,peak,R002,10.738158,106.665648
incident,PE_R002_I045,peak,R002,10.768073,106.650557
incident,PE_R002_I046,peak,R002,10.749447,106.691057
incident,PE_R002_I047,peak,R002,10.794339,106.68902
incident,PE_R002_I048,peak,R002,10.774944,106.686677
incident,PE_R002_I049,peak,R002,10.749453,106.622857
incident,PE_R002_I050,peak,R002,10.735277,106.747716
incident,PE_R002_I051,peak,R002,10.773964,106.723336
incident,PE_R002_I052,peak,R002,10.827591,106.757503
incident,PE_R002_I053,peak,R002,10.761644,106.706108
incident,PE_R002_I054,peak,R002,10.751953,106.728552
incident,PE_R002_I055,peak,R002,10.77506,106.664916
incident,PE_R002_I056,peak,R002,10.787423,106.676848
incident,PE_R002_I057,peak,R002,10.677924,106.742957
incident,PE_R002_I058,peak,R002,10.80324,106.707581
incident,PE_R002_I059,peak,R002,10.783487,106.676787
incident,PE_R002_I060,peak,R002,10.756136,106.701665
incident,PE_R002_I061,peak,R002,10.781494,106.689189
incident,PE_R002_I062,peak,R002,10.793106,106.620405
incident,PE_R002_I063,peak,R002,10.764518,106.732973
incident,PE_R002_I064,peak,R002,10.755835,106.72397
incident,PE_R002_I065,peak,R002,10.721074,106.662642
incident,PE_R002_I066,peak,R002,10.781036,106.652726
incident,PE_R002_I067,peak,R002,10.782517,106.680251
incident,PE_R002_I068,peak,R002,10.73533,106.632308
incident,PE_R002_I069,peak,R002,10.815847,106.639075
incident,PE_R002_I070,peak,R002,10.761085,106.662749
incident,PE_R002_I071,peak,R002,10.750904,106.676381
incident,PE_R002_I072,peak,R002,10.748702,106.688815
incident,PE_R002_I073,peak,R002,10.751494,106.673623
incident,PE_R002_I074,peak,R002,10.763966,106.638967
incident,PE_R002_I075,peak,R002,10.759118,106.722787
incident,PE_R002_I076,peak,R002,10.768193,106.677363
incident,PE_R002_I077,peak,R002,10.756784,106.716513
incident,PE_R002_I078,peak,R002,10.748085,106.704518
incident,PE_R002_I079,peak,R002,10.71295,106.640897
incident,PE_R002_I080,peak,R002,10.780686,106.616949
incident,PE_R002_I081,peak,R002,10.778415,106.703993
incident,PE_R002_I082,peak,R002,10.771142,106.68877
incident,PE_R002_I083,peak,R002,10.728114,106.674021
incident,PE_R002_I084,peak,R002,10.804107,106.629185
incident,PE_R002_I085,peak,R002,10.773967,106.725892
incident,PE_R002_I086,peak,R002,10.780863,106.667638
incident,PE_R002_I087,peak,R002,10.80225,106.704179
incident,PE_R002_I088,peak,R002,10.77225,106.741566
incident,PE_R002_I089,peak,R002,10.768337,106.684695
incident,PE_R002_I090,peak,R002,10.783156,106.677005
incident,PE_R002_I091,peak,R002,10.777516,106.684401
incident,PE_R002_I092,peak,R002,10.774008,106.70919
incident,PE_R002_I093,peak,R002,10.757351,106.682284
incident,PE_R002_I094,peak,R002,10.810722,106.639002
incident,PE_R002_I095,peak,R002,10.783569,106.684419
incident,PE_R002_I096,peak,R002,10.75466,106.589822
incident,PE_R002_I097,peak,R002,10.763064,106.6476
incident,PE_R002_I098,peak,R002,10.766221,106.606303
incident,PE_R002_I099,peak,R002,10.763881,106.713549
incident,PE_R002_I100,peak,R002,10.768375,106.717443
incident,PE_R003_I001,peak,R003,10.769861,106.689464
incident,PE_R003_I002,peak,R003,10.770498,106.670912
incident,PE_R003_I003,peak,R003,10.771846,106.6927
incident,PE_R003_I004,peak,R003,10.794726,106.676512
incident,PE_R003_I005,peak,R003,10.801473,106.64843
incident,PE_R003_I006,peak,R003,10.808659,106.722282
incident,PE_R003_I007,peak,R003,10.736557,106.714056
incident,PE_R003_I008,peak,R003,10.762945,106.691165
incident,PE_R003_I009,peak,R003,10.755033,106.705813
incident,PE_R003_I010,peak,R003,10.779475,106.71617
incident,PE_R003_I011,peak,R003,10.783547,106.641058
incident,PE_R003_I012,peak,R003,10.808218,106.667611
incident,PE_R003_I013,peak,R003,10.781794,106.749523
incident,PE_R003_I014,peak,R003,10.775776,106.733725
incident,PE_R003_I015,peak,R003,10.772993,106.737751
incident,PE_R003_I016,peak,R003,10.763385,106.662997
incident,PE_R003_I017,peak,R003,10.745373,106.659897
incident,PE_R003_I018,peak,R003,10.759646,106.669071
incident,PE_R003_I019,peak,R003,10.788625,106.63034
incident,PE_R003_I020,peak,R003,10.745357,106.632989
incident,PE_R003_I021,peak,R003,10.739566,106.686041
incident,PE_R003_I022,peak,R003,10.746422,106.60953
incident,PE_R003_I023,peak,R003,10.775402,106.694033
incident,PE_R003_I024,peak,R003,10.791697,106.69788
incident,PE_R003_I025,peak,R003,10.803441,106.663079
incident,PE_R003_I026,peak,R003,10.778022,106.763991
incident,PE_R003_I027,peak,R003,10.73307,106.689535
incident,PE_R003_I028,peak,R003,10.754097,106.6992
incident,PE_R003_I029,peak,R003,10.775883,106.695747
incident,PE_R003_I030,peak,R003,10.754278,106.70362
incident,PE_R003_I031,peak,R003,10.807376,106.674746
incident,PE_R003_I032,peak,R003,10.779781,106.625921
incident,PE_R003_I033,peak,R003,10.774762,106.648913
incident,PE_R003_I034,peak,R003,10.780159,106.684113
incident,PE_R003_I035,peak,R003,10.774024,106.746023
incident,PE_R003_I036,peak,R003,10.802188,106.646332
incident,PE_R003_I037,peak,R003,10.768125,106.688229
incident,PE_R003_I038,peak,R003,10.778551,106.603905
incident,PE_R003_I039,peak,R003,10.774071,106.724944
incident,PE_R003_I040,peak,R003,10.803522,106.735695
incident,PE_R003_I041,peak,R003,10.77299,106.683092
incident,PE_R003_I042,peak,R003,10.7702,106.691626
incident,PE_R003_I043,peak,R003,10.825197,106.713457
incident,PE_R003_I044,peak,R003,10.768921,106.712435
incident,PE_R003_I045,peak,R003,10.748825,106.655023
incident,PE_R003_I046,peak,R003,10.777893,106.726329
incident,PE_R003_I047,peak,R003,10.782581,106.657315
incident,PE_R003_I048,peak,R003,10.806925,106.67102
incident,PE_R003_I049,peak,R003,10.763181,106.655245
incident,PE_R003_I050,peak,R003,10.736725,106.721515
incident,PE_R003_I051,peak,R003,10.786868,106.68809
incident,PE_R003_I052,peak,R003,10.749432,106.704601
incident,PE_R003_I053,peak,R003,10.783396,106.633451
incident,PE_R003_I054,peak,R003,10.776318,106.74997
incident,PE_R003_I055,peak,R003,10.773281,106.70566
incident,PE_R003_I056,peak,R003,10.767803,106.631257
incident,PE_R003_I057,peak,R003,10.799367,106.643309
incident,PE_R003_I058,peak,R003,10.780988,106.655236
incident,PE_R003_I059,peak,R003,10.753358,106.762995
incident,PE_R003_I060,peak,R003,10.789373,106.612533
incident,PE_R003_I061,peak,R003,10.770981,106.643474
incident,PE_R003_I062,peak,R003,10.773284,106.661743
incident,PE_R003_I063,peak,R003,10.761347,106.739836
incident,PE_R003_I064,peak,R003,10.78345,106.687025
incident,PE_R003_I065,peak,R003,10.784875,106.706671
incident,PE_R003_I066,peak,R003,10.759416,106.650686
incident,PE_R003_I067,peak,R003,10.819422,106.69569
incident,PE_R003_I068,peak,R003,10.75921,106.635588
incident,PE_R003_I069,peak,R003,10.746222,106.7308
incident,PE_R003_I070,peak,R003,10.747258,106.71506
incident,PE_R003_I071,peak,R003,10.802911,106.681015
incident,PE_R003_I072,peak,R003,10.757988,106.664826
incident,PE_R003_I073,peak,R003,10.76061,106.679371
incident,PE_R003_I074,peak,R003,10.765973,106.712214
incident,PE_R003_I075,peak,R003,10.800533,106.729103
incident,PE_R003_I076,peak,R003,10.747542,106.654709
incident,PE_R003_I077,peak,R003,10.799422,106.722808
incident,PE_R003_I078,peak,R003,10.769432,106.711354
incident,PE_R003_I079,peak,R003,10.73747,106.619273
incident,PE_R003_I080,peak,R003,10.751218,106.695325
incident,PE_R003_I081,peak,R003,10.769325,106.684662
incident,PE_R003_I082,peak,R003,10.78925,106.652914
incident,PE_R003_I083,peak,R003,10.816337,106.673879
incident,PE_R003_I084,peak,R003,10.758944,106.689543
incident,PE_R003_I085,peak,R003,10.778738,106.724447
incident,PE_R003_I086,peak,R003,10.752586,106.688538
incident,PE_R003_I087,peak,R003,10.756802,106.732403
incident,PE_R003_I088,peak,R003,10.760239,106.6941
incident,PE_R003_I089,peak,R003,10.736115,106.697425
incident,PE_R003_I090,peak,R003,10.770793,106.67413
incident,PE_R003_I091,peak,R003,10.794103,106.695462
incident,PE_R003_I092,peak,R003,10.753385,106.716035
incident,PE_R003_I093,peak,R003,10.74919,106.730696
incident,PE_R003_I094,peak,R003,10.787229,106.690261
incident,PE_R003_I095,peak,R003,10.798483,106.720674
incident,PE_R003_I096,peak,R003,10.739241,106.713013
incident,PE_R003_I097,peak,R003,10.76479,106.662059
incident,PE_R003_I098,peak,R003,10.793674,106.616327
incident,PE_R003_I099,peak,R003,10.760106,106.638669
incident,PE_R003_I100,peak,R003,10.795639,106.695659
incident,PE_R004_I001,peak,R004,10.77059,106.661495
incident,PE_R004_I002,peak,R004,10.812156,106.650671
incident,PE_R004_I003,peak,R004,10.814087,106.663459
incident,PE_R004_I004,peak,R004,10.786422,106.642856
incident,PE_R004_I005,peak,R004,10.779728,106.646534
incident,PE_R004_I006,peak,R004,10.77668,106.751415
incident,PE_R004_I007,peak,R004,10.769475,106.756408
incident,PE_R004_I008,peak,R004,10.755708,106.683222
incident,PE_R004_I009,peak,R004,10.732187,106.658291
incident,PE_R004_I010,peak,R004,10.727262,106.648314
incident,PE_R004_I011,peak,R004,10.72427,106.743164
incident,PE_R004_I012,peak,R004,10.774652,106.640457
incident,PE_R004_I013,peak,R004,10.743206,106.656598
incident,PE_R004_I014,peak,R004,10.740935,106.650701
incident,PE_R004_I015,peak,R004,10.753848,106.737758
incident,PE_R004_I016,peak,R004,10.7792,106.674491
incident,PE_R004_I017,peak,R004,10.802951,106.701555
incident,PE_R004_I018,peak,R004,10.788172,106.686372
incident,PE_R004_I019,peak,R004,10.822152,106.720111
incident,PE_R004_I020,peak,R004,10.747994,106.665218
incident,PE_R004_I021,peak,R004,10.724733,106.748087
incident,PE_R004_I022,peak,R004,10.713678,106.632771
incident,PE_R004_I023,peak,R004,10.749969,106.679196
incident,PE_R004_I024,peak,R004,10.739779,106.675429
incident,PE_R004_I025,peak,R004,10.747787,106.67893
incident,PE_R004_I026,peak,R004,10.766256,106.61851
incident,PE_R004_I027,peak,R004,10.786073,106.684609
incident,PE_R004_I028,peak,R004,10.788251,106.715699
incident,PE_R004_I029,peak,R004,10.76224,106.620746
incident,PE_R004_I030,peak,R004,10.709712,106.68382
incident,PE_R004_I031,peak,R004,10.738692,106.65551
incident,PE_R004_I032,peak,R004,10.746029,106.628526
incident,PE_R004_I033,peak,R004,10.743332,106.720342
incident,PE_R004_I034,peak,R004,10.781251,106.706573
incident,PE_R004_I035,peak,R004,10.753776,106.639398
incident,PE_R004_I036,peak,R004,10.772549,106.690792
incident,PE_R004_I037,peak,R004,10.735859,106.703893
incident,PE_R004_I038,peak,R004,10.785997,106.753465
incident,PE_R004_I039,peak,R004,10.788621,106.686259
incident,PE_R004_I040,peak,R004,10.762399,106.708702
incident,PE_R004_I041,peak,R004,10.747148,106.688454
incident,PE_R004_I042,peak,R004,10.802013,106.704737
incident,PE_R004_I043,peak,R004,10.772116,106.750829
incident,PE_R004_I044,peak,R004,10.77753,106.628605
incident,PE_R004_I045,peak,R004,10.76402,106.644917
incident,PE_R004_I046,peak,R004,10.78789,106.705092
incident,PE_R004_I047,peak,R004,10.762647,106.708189
incident,PE_R004_I048,peak,R004,10.747973,106.708974
incident,PE_R004_I049,peak,R004,10.812869,106.657834
incident,PE_R004_I050,peak,R004,10.727606,106.662237
incident,PE_R004_I051,peak,R004,10.768626,106.702302
incident,PE_R004_I052,peak,R004,10.770372,106.710563
incident,PE_R004_I053,peak,R004,10.782203,106.603502
incident,PE_R004_I054,peak,R004,10.758556,106.735854
incident,PE_R004_I055,peak,R004,10.770138,106.741585
incident,PE_R004_I056,peak,R004,10.716304,106.650937
incident,PE_R004_I057,peak,R004,10.736209,106.733205
incident,PE_R004_I058,peak,R004,10.741265,106.634001
incident,PE_R004_I059,peak,R004,10.792518,106.717374
incident,PE_R004_I060,peak,R004,10.760188,106.717175
incident,PE_R004_I061,peak,R004,10.755658,106.662122
incident,PE_R004_I062,peak,R004,10.77146,106.680611
incident,PE_R004_I063,peak,R004,10.770229,106.638819
incident,PE_R004_I064,peak,R004,10.69412,106.722364
incident,PE_R004_I065,peak,R004,10.78849,106.663968
incident,PE_R004_I066,peak,R004,10.726472,106.688897
incident,PE_R004_I067,peak,R004,10.785683,106.623076
incident,PE_R004_I068,peak,R004,10.74771,106.62617
incident,PE_R004_I069,peak,R004,10.780039,106.659745
incident,PE_R004_I070,peak,R004,10.834415,106.570588
incident,PE_R004_I071,peak,R004,10.778567,106.67705
incident,PE_R004_I072,peak,R004,10.752455,106.674859
incident,PE_R004_I073,peak,R004,10.808885,106.742632
incident,PE_R004_I074,peak,R004,10.76127,106.618976
incident,PE_R004_I075,peak,R004,10.751885,106.60272
incident,PE_R004_I076,peak,R004,10.749563,106.732942
incident,PE_R004_I077,peak,R004,10.814232,106.708102
incident,PE_R004_I078,peak,R004,10.731613,106.667892
incident,PE_R004_I079,peak,R004,10.723746,106.699069
incident,PE_R004_I080,peak,R004,10.737057,106.713714
incident,PE_R004_I081,peak,R004,10.782529,106.644287
incident,PE_R004_I082,peak,R004,10.775436,106.636452
incident,PE_R004_I083,peak,R004,10.774899,106.666704
incident,PE_R004_I084,peak,R004,10.802317,106.656608
incident,PE_R004_I085,peak,R004,10.774165,106.68162
incident,PE_R004_I086,peak,R004,10.762691,106.608587
incident,PE_R004_I087,peak,R004,10.759862,106.766478
incident,PE_R004_I088,peak,R004,10.797681,106.706982
incident,PE_R004_I089,peak,R004,10.75289,106.656952
incident,PE_R004_I090,peak,R004,10.742587,106.640522
incident,PE_R004_I091,peak,R004,10.776766,106.643304
incident,PE_R004_I092,peak,R004,10.769388,106.682057
incident,PE_R004_I093,peak,R004,10.732311,106.660778
incident,PE_R004_I094,peak,R004,10.753952,106.684265
incident,PE_R004_I095,peak,R004,10.773286,106.66768
incident,PE_R004_I096,peak,R004,10.736234,106.638233
incident,PE_R004_I097,peak,R004,10.768505,106.670693
incident,PE_R004_I098,peak,R004,10.762802,106.738389
incident,PE_R004_I099,peak,R004,10.761527,106.689499
incident,PE_R004_I100,peak,R004,10.744352,106.721324
incident,PE_R005_I001,peak,R005,10.743676,106.708428
incident,PE_R005_I002,peak,R005,10.748938,106.73557
incident,PE_R005_I003,peak,R005,10.779406,106.61107
incident,PE_R005_I004,peak,R005,10.796624,106.686594
incident,PE_R005_I005,peak,R005,10.765875,106.665229
incident,PE_R005_I006,peak,R005,10.765428,106.720523
incident,PE_R005_I007,peak,R005,10.74969,106.669568
incident,PE_R005_I008,peak,R005,10.803526,106.67217
incident,PE_R005_I009,peak,R005,10.708267,106.618694
incident,PE_R005_I010,peak,R005,10.760242,106.573094
incident,PE_R005_I011,peak,R005,10.761611,106.694521
incident,PE_R005_I012,peak,R005,10.768143,106.674827
incident,PE_R005_I013,peak,R005,10.733819,106.712801
incident,PE_R005_I014,peak,R005,10.786256,106.656544
incident,PE_R005_I015,peak,R005,10.79571,106.69225
incident,PE_R005_I016,peak,R005,10.779009,106.692468
incident,PE_R005_I017,peak,R005,10.773071,106.709205
incident,PE_R005_I018,peak,R005,10.73412,106.686426
incident,PE_R005_I019,peak,R005,10.807135,106.591605
incident,PE_R005_I020,peak,R005,10.753838,106.700615
incident,PE_R005_I021,peak,R005,10.741929,106.689149
incident,PE_R005_I022,peak,R005,10.780352,106.684561
incident,PE_R005_I023,peak,R005,10.8083,106.661529
incident,PE_R005_I024,peak,R005,10.684148,106.627583
incident,PE_R005_I025,peak,R005,10.794494,106.66958
incident,PE_R005_I026,peak,R005,10.763676,106.621896
incident,PE_R005_I027,peak,R005,10.770248,106.664587
incident,PE_R005_I028,peak,R005,10.749921,106.686413
incident,PE_R005_I029,peak,R005,10.766657,106.724167
incident,PE_R005_I030,peak,R005,10.757721,106.683924
incident,PE_R005_I031,peak,R005,10.755078,106.661488
incident,PE_R005_I032,peak,R005,10.772545,106.68228
incident,PE_R005_I033,peak,R005,10.770952,106.676862
incident,PE_R005_I034,peak,R005,10.763136,106.668409
incident,PE_R005_I035,peak,R005,10.754309,106.636675
incident,PE_R005_I036,peak,R005,10.735101,106.639907
incident,PE_R005_I037,peak,R005,10.761421,106.645692
incident,PE_R005_I038,peak,R005,10.770808,106.705254
incident,PE_R005_I039,peak,R005,10.724117,106.647653
incident,PE_R005_I040,peak,R005,10.803842,106.586666
incident,PE_R005_I041,peak,R005,10.77512,106.695391
incident,PE_R005_I042,peak,R005,10.803517,106.718338
incident,PE_R005_I043,peak,R005,10.743783,106.6358
incident,PE_R005_I044,peak,R005,10.768203,106.664981
incident,PE_R005_I045,peak,R005,10.797768,106.641485
incident,PE_R005_I046,peak,R005,10.780277,106.607397
incident,PE_R005_I047,peak,R005,10.728276,106.620798
incident,PE_R005_I048,peak,R005,10.758334,106.644369
incident,PE_R005_I049,peak,R005,10.794221,106.69043
incident,PE_R005_I050,peak,R005,10.77835,106.607646
incident,PE_R005_I051,peak,R005,10.76878,106.685207
incident,PE_R005_I052,peak,R005,10.746354,106.640114
incident,PE_R005_I053,peak,R005,10.815695,106.640405
incident,PE_R005_I054,peak,R005,10.807614,106.696272
incident,PE_R005_I055,peak,R005,10.742165,106.661262
incident,PE_R005_I056,peak,R005,10.713909,106.697454
incident,PE_R005_I057,peak,R005,10.792512,106.65848
incident,PE_R005_I058,peak,R005,10.791578,106.740332
incident,PE_R005_I059,peak,R005,10.802272,106.62473
incident,PE_R005_I060,peak,R005,10.764982,106.653353
incident,PE_R005_I061,peak,R005,10.806761,106.656669
incident,PE_R005_I062,peak,R005,10.752411,106.669439
incident,PE_R005_I063,peak,R005,10.79515,106.711292
incident,PE_R005_I064,peak,R005,10.761993,106.687157
incident,PE_R005_I065,peak,R005,10.750524,106.715298
incident,PE_R005_I066,peak,R005,10.771079,106.704536
incident,PE_R005_I067,peak,R005,10.778314,106.653828
incident,PE_R005_I068,peak,R005,10.748002,106.673129
incident,PE_R005_I069,peak,R005,10.776781,106.673602
incident,PE_R005_I070,peak,R005,10.76936,106.644168
incident,PE_R005_I071,peak,R005,10.730013,106.681735
incident,PE_R005_I072,peak,R005,10.747381,106.720977
incident,PE_R005_I073,peak,R005,10.783728,106.704394
incident,PE_R005_I074,peak,R005,10.788745,106.683281
incident,PE_R005_I075,peak,R005,10.799819,106.704137
incident,PE_R005_I076,peak,R005,10.780865,106.661293
incident,PE_R005_I077,peak,R005,10.80201,106.639704
incident,PE_R005_I078,peak,R005,10.823629,106.757262
incident,PE_R005_I079,peak,R005,10.762903,106.741466
incident,PE_R005_I080,peak,R005,10.761848,106.601833
incident,PE_R005_I081,peak,R005,10.727214,106.709033
incident,PE_R005_I082,peak,R005,10.784563,106.722875
incident,PE_R005_I083,peak,R005,10.749134,106.66829
incident,PE_R005_I084,peak,R005,10.763184,106.72069
incident,PE_R005_I085,peak,R005,10.792342,106.649059
incident,PE_R005_I086,peak,R005,10.80071,106.676655
incident,PE_R005_I087,peak,R005,10.76823,106.639844
incident,PE_R005_I088,peak,R005,10.768198,106.667547
incident,PE_R005_I089,peak,R005,10.774623,106.690568
incident,PE_R005_I090,peak,R005,10.745038,106.643274
incident,PE_R005_I091,peak,R005,10.76539,106.677262
incident,PE_R005_I092,peak,R005,10.782008,106.686877
incident,PE_R005_I093,peak,R005,10.768296,106.673505
incident,PE_R005_I094,peak,R005,10.785387,106.72282
incident,PE_R005_I095,peak,R005,10.798557,106.693315
incident,PE_R005_I096,peak,R005,10.796991,106.693175
incident,PE_R005_I097,peak,R005,10.763699,106.730893
incident,PE_R005_I098,peak,R005,10.781926,106.738529
incident,PE_R005_I099,peak,R005,10.754123,106.660907
incident,PE_R005_I100,peak,R005,10.783573,106.67522
incident,PE_R006_I001,peak,R006,10.778649,106.787192
incident,PE_R006_I002,peak,R006,10.792119,106.694149
incident,PE_R006_I003,peak,R006,10.726956,106.676486
incident,PE_R006_I004,peak,R006,10.767033,106.732948
incident,PE_R006_I005,peak,R006,10.776602,106.715859
incident,PE_R006_I006,peak,R006,10.782808,106.588959
incident,PE_R006_I007,peak,R006,10.788348,106.650913
incident,PE_R006_I008,peak,R006,10.784685,106.678987
incident,PE_R006_I009,peak,R006,10.752183,106.709381
incident,PE_R006_I010,peak,R006,10.792399,106.673829
incident,PE_R006_I011,peak,R006,10.743994,106.612107
incident,PE_R006_I012,peak,R006,10.72044,106.683149
incident,PE_R006_I013,peak,R006,10.768817,106.63589
incident,PE_R006_I014,peak,R006,10.762063,106.667501
incident,PE_R006_I015,peak,R006,10.748808,106.706947
incident,PE_R006_I016,peak,R006,10.716002,106.687971
incident,PE_R006_I017,peak,R006,10.80827,106.632785
incident,PE_R006_I018,peak,R006,10.790818,106.635771
incident,PE_R006_I019,peak,R006,10.810229,106.658617
incident,PE_R006_I020,peak,R006,10.754921,106.716069
incident,PE_R006_I021,peak,R006,10.757293,106.700386
incident,PE_R006_I022,peak,R006,10.747175,106.716617
incident,PE_R006_I023,peak,R006,10.754376,106.710515
incident,PE_R006_I024,peak,R006,10.743026,106.647889
incident,PE_R006_I025,peak,R006,10.807075,106.70615
incident,PE_R006_I026,peak,R006,10.713313,106.676057
incident,PE_R006_I027,peak,R006,10.771002,106.708152
incident,PE_R006_I028,peak,R006,10.762925,106.672882
incident,PE_R006_I029,peak,R006,10.761493,106.719592
incident,PE_R006_I030,peak,R006,10.823866,106.696054
incident,PE_R006_I031,peak,R006,10.780567,106.717182
incident,PE_R006_I032,peak,R006,10.797297,106.629611
incident,PE_R006_I033,peak,R006,10.764566,106.660887
incident,PE_R006_I034,peak,R006,10.767272,106.672981
incident,PE_R006_I035,peak,R006,10.801868,106.718643
incident,PE_R006_I036,peak,R006,10.758292,106.662458
incident,PE_R006_I037,peak,R006,10.787274,106.669569
incident,PE_R006_I038,peak,R006,10.805294,106.682469
incident,PE_R006_I039,peak,R006,10.74593,106.631031
incident,PE_R006_I040,peak,R006,10.789871,106.707604
incident,PE_R006_I041,peak,R006,10.768404,106.708807
incident,PE_R006_I042,peak,R006,10.78771,106.684566
incident,PE_R006_I043,peak,R006,10.770622,106.663367
incident,PE_R006_I044,peak,R006,10.776029,106.738352
incident,PE_R006_I045,peak,R006,10.761899,106.666426
incident,PE_R006_I046,peak,R006,10.786281,106.662389
incident,PE_R006_I047,peak,R006,10.785179,106.652958
incident,PE_R006_I048,peak,R006,10.755185,106.747416
incident,PE_R006_I049,peak,R006,10.81294,106.626142
incident,PE_R006_I050,peak,R006,10.800683,106.688619
incident,PE_R006_I051,peak,R006,10.769941,106.686513
incident,PE_R006_I052,peak,R006,10.727335,106.697492
incident,PE_R006_I053,peak,R006,10.730391,106.625722
incident,PE_R006_I054,peak,R006,10.770909,106.676565
incident,PE_R006_I055,peak,R006,10.769562,106.717693
incident,PE_R006_I056,peak,R006,10.771107,106.65725
incident,PE_R006_I057,peak,R006,10.763796,106.636202
incident,PE_R006_I058,peak,R006,10.792001,106.695312
incident,PE_R006_I059,peak,R006,10.80175,106.802642
incident,PE_R006_I060,peak,R006,10.771855,106.659783
incident,PE_R006_I061,peak,R006,10.761158,106.708697
incident,PE_R006_I062,peak,R006,10.73286,106.661661
incident,PE_R006_I063,peak,R006,10.766569,106.725403
incident,PE_R006_I064,peak,R006,10.753239,106.676399
incident,PE_R006_I065,peak,R006,10.794387,106.698527
incident,PE_R006_I066,peak,R006,10.767248,106.657286
incident,PE_R006_I067,peak,R006,10.758115,106.690932
incident,PE_R006_I068,peak,R006,10.759575,106.673492
incident,PE_R006_I069,peak,R006,10.827679,106.664431
incident,PE_R006_I070,peak,R006,10.761679,106.651609
incident,PE_R006_I071,peak,R006,10.7509,106.656463
incident,PE_R006_I072,peak,R006,10.802226,106.702425
incident,PE_R006_I073,peak,R006,10.808769,106.679951
incident,PE_R006_I074,peak,R006,10.784731,106.70196
incident,PE_R006_I075,peak,R006,10.789909,106.634187
incident,PE_R006_I076,peak,R006,10.742671,106.623868
incident,PE_R006_I077,peak,R006,10.731554,106.631505
incident,PE_R006_I078,peak,R006,10.706132,106.671495
incident,PE_R006_I079,peak,R006,10.773687,106.618247
incident,PE_R006_I080,peak,R006,10.813861,106.671192
incident,PE_R006_I081,peak,R006,10.74976,106.675448
incident,PE_R006_I082,peak,R006,10.771518,106.685426
incident,PE_R006_I083,peak,R006,10.745488,106.668204
incident,PE_R006_I084,peak,R006,10.785052,106.637571
incident,PE_R006_I085,peak,R006,10.803879,106.69928
incident,PE_R006_I086,peak,R006,10.786305,106.624323
incident,PE_R006_I087,peak,R006,10.774004,106.705287
incident,PE_R006_I088,peak,R006,10.788381,106.662295
incident,PE_R006_I089,peak,R006,10.750083,106.715396
incident,PE_R006_I090,peak,R006,10.762356,106.622061
incident,PE_R006_I091,peak,R006,10.749143,106.663568
incident,PE_R006_I092,peak,R006,10.760757,106.696527
incident,PE_R006_I093,peak,R006,10.814568,106.720602
incident,PE_R006_I094,peak,R006,10.732242,106.68493
incident,PE_R006_I095,peak,R006,10.72048,106.710299
incident,PE_R006_I096,peak,R006,10.727072,106.687976
incident,PE_R006_I097,peak,R006,10.764582,106.675738
incident,PE_R006_I098,peak,R006,10.713779,106.719405
incident,PE_R006_I099,peak,R006,10.740149,106.715759
incident,PE_R006_I100,peak,R006,10.779492,106.697214
incident,PE_R007_I001,peak,R007,10.757614,106.65003
incident,PE_R007_I002,peak,R007,10.769913,106.74028
incident,PE_R007_I003,peak,R007,10.766189,106.733976
incident,PE_R007_I004,peak,R007,10.779239,106.646093
incident,PE_R007_I005,peak,R007,10.756253,106.726264
incident,PE_R007_I006,peak,R007,10.806598,106.738097
incident,PE_R007_I007,peak,R007,10.760738,106.688782
incident,PE_R007_I008,peak,R007,10.774858,106.752087
incident,PE_R007_I009,peak,R007,10.799633,106.714219
incident,PE_R007_I010,peak,R007,10.758128,106.680781
incident,PE_R007_I011,peak,R007,10.74029,106.636112
incident,PE_R007_I012,peak,R007,10.7588,106.662136
incident,PE_R007_I013,peak,R007,10.744154,106.676008
incident,PE_R007_I014,peak,R007,10.752963,106.678679
incident,PE_R007_I015,peak,R007,10.766454,106.650066
incident,PE_R007_I016,peak,R007,10.765833,106.678434
incident,PE_R007_I017,peak,R007,10.75356,106.717548
incident,PE_R007_I018,peak,R007,10.713679,106.693365
incident,PE_R007_I019,peak,R007,10.747804,106.699227
incident,PE_R007_I020,peak,R007,10.81681,106.691092
incident,PE_R007_I021,peak,R007,10.766616,106.640293
incident,PE_R007_I022,peak,R007,10.794819,106.687974
incident,PE_R007_I023,peak,R007,10.797973,106.658381
incident,PE_R007_I024,peak,R007,10.771759,106.705441
incident,PE_R007_I025,peak,R007,10.798664,106.721387
incident,PE_R007_I026,peak,R007,10.755368,106.634479
incident,PE_R007_I027,peak,R007,10.81664,106.643543
incident,PE_R007_I028,peak,R007,10.718208,106.597065
incident,PE_R007_I029,peak,R007,10.759738,106.676061
incident,PE_R007_I030,peak,R007,10.779731,106.638826
incident,PE_R007_I031,peak,R007,10.796872,106.666449
incident,PE_R007_I032,peak,R007,10.742658,106.651301
incident,PE_R007_I033,peak,R007,10.818642,106.684882
incident,PE_R007_I034,peak,R007,10.730104,106.646764
incident,PE_R007_I035,peak,R007,10.760286,106.721621
incident,PE_R007_I036,peak,R007,10.786701,106.695333
incident,PE_R007_I037,peak,R007,10.754027,106.702366
incident,PE_R007_I038,peak,R007,10.8225,106.669819
incident,PE_R007_I039,peak,R007,10.806205,106.674756
incident,PE_R007_I040,peak,R007,10.754695,106.714257
incident,PE_R007_I041,peak,R007,10.769606,106.657573
incident,PE_R007_I042,peak,R007,10.731449,106.687529
incident,PE_R007_I043,peak,R007,10.793675,106.696601
incident,PE_R007_I044,peak,R007,10.826742,106.671087
incident,PE_R007_I045,peak,R007,10.748415,106.651418
incident,PE_R007_I046,peak,R007,10.729442,106.631932
incident,PE_R007_I047,peak,R007,10.807723,106.69841
incident,PE_R007_I048,peak,R007,10.776217,106.67355
incident,PE_R007_I049,peak,R007,10.78266,106.749663
incident,PE_R007_I050,peak,R007,10.777329,106.698849
incident,PE_R007_I051,peak,R007,10.783211,106.674521
incident,PE_R007_I052,peak,R007,10.737034,106.700256
incident,PE_R007_I053,peak,R007,10.748766,106.646056
incident,PE_R007_I054,peak,R007,10.755803,106.665194
incident,PE_R007_I055,peak,R007,10.802271,106.702095
incident,PE_R007_I056,peak,R007,10.797811,106.646055
incident,PE_R007_I057,peak,R007,10.743475,106.682718
incident,PE_R007_I058,peak,R007,10.780172,106.651304
incident,PE_R007_I059,peak,R007,10.798974,106.723105
incident,PE_R007_I060,peak,R007,10.788139,106.650665
incident,PE_R007_I061,peak,R007,10.779321,106.711095
incident,PE_R007_I062,peak,R007,10.797443,106.664878
incident,PE_R007_I063,peak,R007,10.765151,106.615188
incident,PE_R007_I064,peak,R007,10.741838,106.618714
incident,PE_R007_I065,peak,R007,10.786717,106.669912
incident,PE_R007_I066,peak,R007,10.812559,106.662913
incident,PE_R007_I067,peak,R007,10.7587,106.687003
incident,PE_R007_I068,peak,R007,10.774128,106.710441
incident,PE_R007_I069,peak,R007,10.765732,106.734086
incident,PE_R007_I070,peak,R007,10.784425,106.701183
incident,PE_R007_I071,peak,R007,10.743217,106.649642
incident,PE_R007_I072,peak,R007,10.809998,106.648389
incident,PE_R007_I073,peak,R007,10.817433,106.6312
incident,PE_R007_I074,peak,R007,10.753374,106.716931
incident,PE_R007_I075,peak,R007,10.798395,106.638113
incident,PE_R007_I076,peak,R007,10.771166,106.645668
incident,PE_R007_I077,peak,R007,10.821208,106.727042
incident,PE_R007_I078,peak,R007,10.760953,106.686303
incident,PE_R007_I079,peak,R007,10.780206,106.717364
incident,PE_R007_I080,peak,R007,10.777419,106.654075
incident,PE_R007_I081,peak,R007,10.780094,106.681105
incident,PE_R007_I082,peak,R007,10.778326,106.620506
incident,PE_R007_I083,peak,R007,10.794018,106.700458
incident,PE_R007_I084,peak,R007,10.76953,106.663638
incident,PE_R007_I085,peak,R007,10.783968,106.675169
incident,PE_R007_I086,peak,R007,10.771331,106.681308
incident,PE_R007_I087,peak,R007,10.780858,106.672664
incident,PE_R007_I088,peak,R007,10.757329,106.748488
incident,PE_R007_I089,peak,R007,10.806975,106.7056
incident,PE_R007_I090,peak,R007,10.804177,106.664846
incident,PE_R007_I091,peak,R007,10.70622,106.686263
incident,PE_R007_I092,peak,R007,10.770066,106.662588
incident,PE_R007_I093,peak,R007,10.755922,106.659231
incident,PE_R007_I094,peak,R007,10.773634,106.653821
incident,PE_R007_I095,peak,R007,10.785743,106.624363
incident,PE_R007_I096,peak,R007,10.732053,106.636426
incident,PE_R007_I097,peak,R007,10.74326,106.696488
incident,PE_R007_I098,peak,R007,10.720979,106.700696
incident,PE_R007_I099,peak,R007,10.763276,106.656279
incident,PE_R007_I100,peak,R007,10.768638,106.660375
incident,PE_R008_I001,peak,R008,10.780638,106.73446
incident,PE_R008_I002,peak,R008,10.760734,106.720641
incident,PE_R008_I003,peak,R008,10.778893,106.656543
incident,PE_R008_I004,peak,R008,10.750383,106.73111
incident,PE_R008_I005,peak,R008,10.760174,106.712416
incident,PE_R008_I006,peak,R008,10.805923,106.711123
incident,PE_R008_I007,peak,R008,10.783611,106.643069
incident,PE_R008_I008,peak,R008,10.766772,106.68454
incident,PE_R008_I009,peak,R008,10.775133,106.620446
incident,PE_R008_I010,peak,R008,10.74853,106.697069
incident,PE_R008_I011,peak,R008,10.77511,106.690907
incident,PE_R008_I012,peak,R008,10.798603,106.594799
incident,PE_R008_I013,peak,R008,10.78198,106.645391
incident,PE_R008_I014,peak,R008,10.829471,106.629875
incident,PE_R008_I015,peak,R008,10.742179,106.679064
incident,PE_R008_I016,peak,R008,10.79432,106.683973
incident,PE_R008_I017,peak,R008,10.789249,106.668506
incident,PE_R008_I018,peak,R008,10.782907,106.675535
incident,PE_R008_I019,peak,R008,10.741267,106.678587
incident,PE_R008_I020,peak,R008,10.816556,106.577314
incident,PE_R008_I021,peak,R008,10.739358,106.711709
incident,PE_R008_I022,peak,R008,10.796157,106.698228
incident,PE_R008_I023,peak,R008,10.756487,106.646084
incident,PE_R008_I024,peak,R008,10.757985,106.710688
incident,PE_R008_I025,peak,R008,10.818469,106.644237
incident,PE_R008_I026,peak,R008,10.713528,106.614341
incident,PE_R008_I027,peak,R008,10.773691,106.671294
incident,PE_R008_I028,peak,R008,10.777526,106.601353
incident,PE_R008_I029,peak,R008,10.751262,106.684297
incident,PE_R008_I030,peak,R008,10.784774,106.664096
incident,PE_R008_I031,peak,R008,10.787368,106.680703
incident,PE_R008_I032,peak,R008,10.78455,106.708239
incident,PE_R008_I033,peak,R008,10.786207,106.676968
incident,PE_R008_I034,peak,R008,10.760618,106.700318
incident,PE_R008_I035,peak,R008,10.769665,106.717593
incident,PE_R008_I036,peak,R008,10.808656,106.744738
incident,PE_R008_I037,peak,R008,10.806728,106.639153
incident,PE_R008_I038,peak,R008,10.734184,106.692677
incident,PE_R008_I039,peak,R008,10.786873,106.697179
incident,PE_R008_I040,peak,R008,10.820201,106.709003
incident,PE_R008_I041,peak,R008,10.775871,106.723153
incident,PE_R008_I042,peak,R008,10.749775,106.707492
incident,PE_R008_I043,peak,R008,10.776089,106.651764
incident,PE_R008_I044,peak,R008,10.77224,106.637146
incident,PE_R008_I045,peak,R008,10.797699,106.68483
incident,PE_R008_I046,peak,R008,10.779301,106.66605
incident,PE_R008_I047,peak,R008,10.794258,106.729099
incident,PE_R008_I048,peak,R008,10.737291,106.625399
incident,PE_R008_I049,peak,R008,10.812665,106.652358
incident,PE_R008_I050,peak,R008,10.777112,106.701638
incident,PE_R008_I051,peak,R008,10.819337,106.690487
incident,PE_R008_I052,peak,R008,10.790989,106.652548
incident,PE_R008_I053,peak,R008,10.767329,106.757933
incident,PE_R008_I054,peak,R008,10.759056,106.653845
incident,PE_R008_I055,peak,R008,10.786884,106.727506
incident,PE_R008_I056,peak,R008,10.76962,106.733098
incident,PE_R008_I057,peak,R008,10.733207,106.63282
incident,PE_R008_I058,peak,R008,10.781816,106.713342
incident,PE_R008_I059,peak,R008,10.764537,106.65254
incident,PE_R008_I060,peak,R008,10.730893,106.665979
incident,PE_R008_I061,peak,R008,10.764367,106.712422
incident,PE_R008_I062,peak,R008,10.761064,106.707601
incident,PE_R008_I063,peak,R008,10.716714,106.688428
incident,PE_R008_I064,peak,R008,10.77439,106.712796
incident,PE_R008_I065,peak,R008,10.74399,106.639751
incident,PE_R008_I066,peak,R008,10.825503,106.653379
incident,PE_R008_I067,peak,R008,10.808527,106.686572
incident,PE_R008_I068,peak,R008,10.769119,106.698716
incident,PE_R008_I069,peak,R008,10.821685,106.680343
incident,PE_R008_I070,peak,R008,10.762064,106.734803
incident,PE_R008_I071,peak,R008,10.818777,106.662451
incident,PE_R008_I072,peak,R008,10.775284,106.685485
incident,PE_R008_I073,peak,R008,10.802537,106.678682
incident,PE_R008_I074,peak,R008,10.784458,106.677076
incident,PE_R008_I075,peak,R008,10.75597,106.689647
incident,PE_R008_I076,peak,R008,10.798158,106.675058
incident,PE_R008_I077,peak,R008,10.789515,106.747452
incident,PE_R008_I078,peak,R008,10.781829,106.716518
incident,PE_R008_I079,peak,R008,10.766399,106.661004
incident,PE_R008_I080,peak,R008,10.783024,106.687379
incident,PE_R008_I081,peak,R008,10.775615,106.683352
incident,PE_R008_I082,peak,R008,10.781344,106.678843
incident,PE_R008_I083,peak,R008,10.787733,106.689666
incident,PE_R008_I084,peak,R008,10.715529,106.690289
incident,PE_R008_I085,peak,R008,10.822712,106.678131
incident,PE_R008_I086,peak,R008,10.77097,106.643206
incident,PE_R008_I087,peak,R008,10.777613,106.697901
incident,PE_R008_I088,peak,R008,10.741839,106.703546
incident,PE_R008_I089,peak,R008,10.772236,106.732248
incident,PE_R008_I090,peak,R008,10.771424,106.727801
incident,PE_R008_I091,peak,R008,10.812724,106.671157
incident,PE_R008_I092,peak,R008,10.762733,106.717317
incident,PE_R008_I093,peak,R008,10.715448,106.68437
incident,PE_R008_I094,peak,R008,10.784038,106.690754
incident,PE_R008_I095,peak,R008,10.794208,106.651376
incident,PE_R008_I096,peak,R008,10.794186,106.722781
incident,PE_R008_I097,peak,R008,10.751134,106.673759
incident,PE_R008_I098,peak,R008,10.827808,106.693953
incident,PE_R008_I099,peak,R008,10.799513,106.707348
incident,PE_R008_I100,peak,R008,10.770762,106.650672
incident,PE_R009_I001,peak,R009,10.790675,106.655602
incident,PE_R009_I002,peak,R009,10.797054,106.703932
incident,PE_R009_I003,peak,R009,10.817528,106.669495
incident,PE_R009_I004,peak,R009,10.725312,106.658096
incident,PE_R009_I005,peak,R009,10.771168,106.705191
incident,PE_R009_I006,peak,R009,10.764146,106.750919
incident,PE_R009_I007,peak,R009,10.812393,106.676053
incident,PE_R009_I008,peak,R009,10.740465,106.650424
incident,PE_R009_I009,peak,R009,10.71092,106.746847
incident,PE_R009_I010,peak,R009,10.769822,106.646995
incident,PE_R009_I011,peak,R009,10.747921,106.661147
incident,PE_R009_I012,peak,R009,10.800046,106.660744
incident,PE_R009_I013,peak,R009,10.734094,106.722761
incident,PE_R009_I014,peak,R009,10.786209,106.753341
incident,PE_R009_I015,peak,R009,10.740715,106.738073
incident,PE_R009_I016,peak,R009,10.760666,106.603793
incident,PE_R009_I017,peak,R009,10.801858,106.673574
incident,PE_R009_I018,peak,R009,10.779658,106.644511
incident,PE_R009_I019,peak,R009,10.736941,106.649816
incident,PE_R009_I020,peak,R009,10.740773,106.698424
incident,PE_R009_I021,peak,R009,10.79823,106.673422
incident,PE_R009_I022,peak,R009,10.796518,106.694278
incident,PE_R009_I023,peak,R009,10.755462,106.700692
incident,PE_R009_I024,peak,R009,10.720258,106.684535
incident,PE_R009_I025,peak,R009,10.733619,106.675148
incident,PE_R009_I026,peak,R009,10.788554,106.721414
incident,PE_R009_I027,peak,R009,10.791392,106.617358
incident,PE_R009_I028,peak,R009,10.750011,106.71015
incident,PE_R009_I029,peak,R009,10.790404,106.645072
incident,PE_R009_I030,peak,R009,10.797086,106.726898
incident,PE_R009_I031,peak,R009,10.819071,106.693096
incident,PE_R009_I032,peak,R009,10.76794,106.704141
incident,PE_R009_I033,peak,R009,10.775678,106.647486
incident,PE_R009_I034,peak,R009,10.806907,106.651321
incident,PE_R009_I035,peak,R009,10.816558,106.660603
incident,PE_R009_I036,peak,R009,10.797479,106.670671
incident,PE_R009_I037,peak,R009,10.783348,106.623159
incident,PE_R009_I038,peak,R009,10.719698,106.684654
incident,PE_R009_I039,peak,R009,10.787308,106.696315
incident,PE_R009_I040,peak,R009,10.787277,106.712857
incident,PE_R009_I041,peak,R009,10.767211,106.691244
incident,PE_R009_I042,peak,R009,10.799855,106.69184
incident,PE_R009_I043,peak,R009,10.807131,106.699317
incident,PE_R009_I044,peak,R009,10.781061,106.64375
incident,PE_R009_I045,peak,R009,10.787257,106.722719
incident,PE_R009_I046,peak,R009,10.801769,106.690915
incident,PE_R009_I047,peak,R009,10.786702,106.729091
incident,PE_R009_I048,peak,R009,10.78155,106.632864
incident,PE_R009_I049,peak,R009,10.742302,106.680762
incident,PE_R009_I050,peak,R009,10.767315,106.660519
incident,PE_R009_I051,peak,R009,10.77445,106.731702
incident,PE_R009_I052,peak,R009,10.744282,106.673177
incident,PE_R009_I053,peak,R009,10.78083,106.698814
incident,PE_R009_I054,peak,R009,10.753826,106.673417
incident,PE_R009_I055,peak,R009,10.790366,106.7571
incident,PE_R009_I056,peak,R009,10.779246,106.689142
incident,PE_R009_I057,peak,R009,10.77761,106.69481
incident,PE_R009_I058,peak,R009,10.769775,106.686598
incident,PE_R009_I059,peak,R009,10.814666,106.680652
incident,PE_R009_I060,peak,R009,10.796128,106.734704
incident,PE_R009_I061,peak,R009,10.782929,106.664725
incident,PE_R009_I062,peak,R009,10.743766,106.744937
incident,PE_R009_I063,peak,R009,10.741725,106.672667
incident,PE_R009_I064,peak,R009,10.812117,106.664828
incident,PE_R009_I065,peak,R009,10.766896,106.685207
incident,PE_R009_I066,peak,R009,10.768255,106.750841
incident,PE_R009_I067,peak,R009,10.775038,106.657166
incident,PE_R009_I068,peak,R009,10.802663,106.668817
incident,PE_R009_I069,peak,R009,10.758814,106.695933
incident,PE_R009_I070,peak,R009,10.782194,106.648894
incident,PE_R009_I071,peak,R009,10.780471,106.695441
incident,PE_R009_I072,peak,R009,10.79783,106.64385
incident,PE_R009_I073,peak,R009,10.78329,106.701152
incident,PE_R009_I074,peak,R009,10.773384,106.685395
incident,PE_R009_I075,peak,R009,10.752184,106.665538
incident,PE_R009_I076,peak,R009,10.772239,106.665365
incident,PE_R009_I077,peak,R009,10.782442,106.751359
incident,PE_R009_I078,peak,R009,10.809433,106.67013
incident,PE_R009_I079,peak,R009,10.772852,106.658491
incident,PE_R009_I080,peak,R009,10.750281,106.70392
incident,PE_R009_I081,peak,R009,10.745344,106.756264
incident,PE_R009_I082,peak,R009,10.809705,106.715867
incident,PE_R009_I083,peak,R009,10.727555,106.65375
incident,PE_R009_I084,peak,R009,10.751102,106.676121
incident,PE_R009_I085,peak,R009,10.771803,106.685478
incident,PE_R009_I086,peak,R009,10.747251,106.673732
incident,PE_R009_I087,peak,R009,10.737854,106.665996
incident,PE_R009_I088,peak,R009,10.787989,106.698066
incident,PE_R009_I089,peak,R009,10.766147,106.714058
incident,PE_R009_I090,peak,R009,10.762372,106.708133
incident,PE_R009_I091,peak,R009,10.793469,106.633247
incident,PE_R009_I092,peak,R009,10.820762,106.670474
incident,PE_R009_I093,peak,R009,10.810011,106.715036
incident,PE_R009_I094,peak,R009,10.737047,106.637219
incident,PE_R009_I095,peak,R009,10.771027,106.666085
incident,PE_R009_I096,peak,R009,10.755667,106.706362
incident,PE_R009_I097,peak,R009,10.812557,106.68554
incident,PE_R009_I098,peak,R009,10.77967,106.685602
incident,PE_R009_I099,peak,R009,10.756819,106.654761
incident,PE_R009_I100,peak,R009,10.734189,106.634447
incident,PE_R010_I001,peak,R010,10.770518,106.690676
incident,PE_R010_I002,peak,R010,10.751429,106.644007
incident,PE_R010_I003,peak,R010,10.795519,106.736782
incident,PE_R010_I004,peak,R010,10.756475,106.646345
incident,PE_R010_I005,peak,R010,10.794766,106.715754
incident,PE_R010_I006,peak,R010,10.778308,106.677998
incident,PE_R010_I007,peak,R010,10.744989,106.692556
incident,PE_R010_I008,peak,R010,10.776633,106.587863
incident,PE_R010_I009,peak,R010,10.745793,106.689164
incident,PE_R010_I010,peak,R010,10.77871,106.646632
incident,PE_R010_I011,peak,R010,10.77256,106.627375
incident,PE_R010_I012,peak,R010,10.734477,106.678606
incident,PE_R010_I013,peak,R010,10.758348,106.663284
incident,PE_R010_I014,peak,R010,10.795023,106.70239
incident,PE_R010_I015,peak,R010,10.790965,106.652189
incident,PE_R010_I016,peak,R010,10.774548,106.677397
incident,PE_R010_I017,peak,R010,10.751725,106.72147
incident,PE_R010_I018,peak,R010,10.77618,106.672949
incident,PE_R010_I019,peak,R010,10.80424,106.704958
incident,PE_R010_I020,peak,R010,10.76189,106.733412
incident,PE_R010_I021,peak,R010,10.763708,106.635695
incident,PE_R010_I022,peak,R010,10.773949,106.688885
incident,PE_R010_I023,peak,R010,10.786664,106.660141
incident,PE_R010_I024,peak,R010,10.798149,106.725883
incident,PE_R010_I025,peak,R010,10.726307,106.725575
incident,PE_R010_I026,peak,R010,10.7454,106.704981
incident,PE_R010_I027,peak,R010,10.733249,106.659571
incident,PE_R010_I028,peak,R010,10.745676,106.671415
incident,PE_R010_I029,peak,R010,10.787011,106.660655
incident,PE_R010_I030,peak,R010,10.755551,106.713421
incident,PE_R010_I031,peak,R010,10.756173,106.741435
incident,PE_R010_I032,peak,R010,10.797938,106.719583
incident,PE_R010_I033,peak,R010,10.793032,106.634592
incident,PE_R010_I034,peak,R010,10.772801,106.674355
incident,PE_R010_I035,peak,R010,10.753187,106.643443
incident,PE_R010_I036,peak,R010,10.759957,106.725144
incident,PE_R010_I037,peak,R010,10.786524,106.624627
incident,PE_R010_I038,peak,R010,10.753333,106.630297
incident,PE_R010_I039,peak,R010,10.794871,106.707294
incident,PE_R010_I040,peak,R010,10.781347,106.691235
incident,PE_R010_I041,peak,R010,10.759885,106.642901
incident,PE_R010_I042,peak,R010,10.745443,106.687936
incident,PE_R010_I043,peak,R010,10.750051,106.670161
incident,PE_R010_I044,peak,R010,10.724514,106.71106
incident,PE_R010_I045,peak,R010,10.749749,106.726638
incident,PE_R010_I046,peak,R010,10.792227,106.683057
incident,PE_R010_I047,peak,R010,10.763781,106.647203
incident,PE_R010_I048,peak,R010,10.818189,106.664362
incident,PE_R010_I049,peak,R010,10.737672,106.672578
incident,PE_R010_I050,peak,R010,10.808085,106.652983
incident,PE_R010_I051,peak,R010,10.727761,106.653144
incident,PE_R010_I052,peak,R010,10.801432,106.718571
incident,PE_R010_I053,peak,R010,10.74695,106.643869
incident,PE_R010_I054,peak,R010,10.801705,106.662548
incident,PE_R010_I055,peak,R010,10.730353,106.734674
incident,PE_R010_I056,peak,R010,10.795267,106.656582
incident,PE_R010_I057,peak,R010,10.759556,106.649492
incident,PE_R010_I058,peak,R010,10.821587,106.614658
incident,PE_R010_I059,peak,R010,10.772015,106.657223
incident,PE_R010_I060,peak,R010,10.796597,106.709637
incident,PE_R010_I061,peak,R010,10.806181,106.674055
incident,PE_R010_I062,peak,R010,10.745908,106.623429
incident,PE_R010_I063,peak,R010,10.826811,106.700242
incident,PE_R010_I064,peak,R010,10.743455,106.714262
incident,PE_R010_I065,peak,R010,10.802596,106.698543
incident,PE_R010_I066,peak,R010,10.751758,106.706255
incident,PE_R010_I067,peak,R010,10.803499,106.657361
incident,PE_R010_I068,peak,R010,10.751267,106.705226
incident,PE_R010_I069,peak,R010,10.808029,106.651548
incident,PE_R010_I070,peak,R010,10.765134,106.654443
incident,PE_R010_I071,peak,R010,10.741972,106.608531
incident,PE_R010_I072,peak,R010,10.763568,106.714268
incident,PE_R010_I073,peak,R010,10.801688,106.710316
incident,PE_R010_I074,peak,R010,10.742054,106.672823
incident,PE_R010_I075,peak,R010,10.73344,106.708009
incident,PE_R010_I076,peak,R010,10.796252,106.641125
incident,PE_R010_I077,peak,R010,10.830018,106.702673
incident,PE_R010_I078,peak,R010,10.780923,106.644384
incident,PE_R010_I079,peak,R010,10.772967,106.67904
incident,PE_R010_I080,peak,R010,10.80335,106.677515
incident,PE_R010_I081,peak,R010,10.806443,106.711123
incident,PE_R010_I082,peak,R010,10.766393,106.621211
incident,PE_R010_I083,peak,R010,10.808803,106.67081
incident,PE_R010_I084,peak,R010,10.732026,106.631125
incident,PE_R010_I085,peak,R010,10.777428,106.695091
incident,PE_R010_I086,peak,R010,10.771165,106.675484
incident,PE_R010_I087,peak,R010,10.718633,106.703014
incident,PE_R010_I088,peak,R010,10.766255,106.682452
incident,PE_R010_I089,peak,R010,10.780887,106.641721
incident,PE_R010_I090,peak,R010,10.824659,106.652167
incident,PE_R010_I091,peak,R010,10.756352,106.675691
incident,PE_R010_I092,peak,R010,10.74821,106.646655
incident,PE_R010_I093,peak,R010,10.753738,106.657138
incident,PE_R010_I094,peak,R010,10.781119,106.71096
incident,PE_R010_I095,peak,R010,10.761183,106.709118
incident,PE_R010_I096,peak,R010,10.726761,106.615258
incident,PE_R010_I097,peak,R010,10.794604,106.729607
incident,PE_R010_I098,peak,R010,10.766285,106.707345
incident,PE_R010_I099,peak,R010,10.763381,106.645606
incident,PE_R010_I100,peak,R010,10.743777,106.632685
incident,PE_R011_I001,peak,R011,10.754728,106.681039
incident,PE_R011_I002,peak,R011,10.731476,106.698514
incident,PE_R011_I003,peak,R011,10.730593,106.717906
incident,PE_R011_I004,peak,R011,10.769627,106.684525
incident,PE_R011_I005,peak,R011,10.777433,106.666933
incident,PE_R011_I006,peak,R011,10.83024,106.658472
incident,PE_R011_I007,peak,R011,10.780807,106.732845
incident,PE_R011_I008,peak,R011,10.757743,106.673047
incident,PE_R011_I009,peak,R011,10.743579,106.64824
incident,PE_R011_I010,peak,R011,10.760191,106.70092
incident,PE_R011_I011,peak,R011,10.800192,106.700919
incident,PE_R011_I012,peak,R011,10.731212,106.670791
incident,PE_R011_I013,peak,R011,10.79977,106.705724
incident,PE_R011_I014,peak,R011,10.806857,106.723042
incident,PE_R011_I015,peak,R011,10.748781,106.658779
incident,PE_R011_I016,peak,R011,10.7964,106.625756
incident,PE_R011_I017,peak,R011,10.758999,106.722118
incident,PE_R011_I018,peak,R011,10.772694,106.638105
incident,PE_R011_I019,peak,R011,10.778911,106.673549
incident,PE_R011_I020,peak,R011,10.7722,106.655977
incident,PE_R011_I021,peak,R011,10.773547,106.718615
incident,PE_R011_I022,peak,R011,10.777656,106.687809
incident,PE_R011_I023,peak,R011,10.800321,106.639418
incident,PE_R011_I024,peak,R011,10.796926,106.636661
incident,PE_R011_I025,peak,R011,10.760581,106.717131
incident,PE_R011_I026,peak,R011,10.769979,106.604163
incident,PE_R011_I027,peak,R011,10.756192,106.664878
incident,PE_R011_I028,peak,R011,10.782703,106.676996
incident,PE_R011_I029,peak,R011,10.764261,106.662167
incident,PE_R011_I030,peak,R011,10.826628,106.692623
incident,PE_R011_I031,peak,R011,10.763504,106.668008
incident,PE_R011_I032,peak,R011,10.794732,106.71211
incident,PE_R011_I033,peak,R011,10.785717,106.723854
incident,PE_R011_I034,peak,R011,10.741634,106.656748
incident,PE_R011_I035,peak,R011,10.784677,106.710328
incident,PE_R011_I036,peak,R011,10.793989,106.721114
incident,PE_R011_I037,peak,R011,10.753306,106.595857
incident,PE_R011_I038,peak,R011,10.759438,106.652338
incident,PE_R011_I039,peak,R011,10.771317,106.695538
incident,PE_R011_I040,peak,R011,10.758854,106.675055
incident,PE_R011_I041,peak,R011,10.776568,106.640875
incident,PE_R011_I042,peak,R011,10.794859,106.607912
incident,PE_R011_I043,peak,R011,10.783304,106.622406
incident,PE_R011_I044,peak,R011,10.707063,106.677075
incident,PE_R011_I045,peak,R011,10.739755,106.719752
incident,PE_R011_I046,peak,R011,10.808054,106.696311
incident,PE_R011_I047,peak,R011,10.802564,106.6742
incident,PE_R011_I048,peak,R011,10.74848,106.694382
incident,PE_R011_I049,peak,R011,10.741941,106.678819
incident,PE_R011_I050,peak,R011,10.796352,106.728735
incident,PE_R011_I051,peak,R011,10.777975,106.630378
incident,PE_R011_I052,peak,R011,10.745062,106.760155
incident,PE_R011_I053,peak,R011,10.813208,106.671347
incident,PE_R011_I054,peak,R011,10.773112,106.656944
incident,PE_R011_I055,peak,R011,10.795099,106.674843
incident,PE_R011_I056,peak,R011,10.726937,106.64188
incident,PE_R011_I057,peak,R011,10.737504,106.683379
incident,PE_R011_I058,peak,R011,10.768129,106.696523
incident,PE_R011_I059,peak,R011,10.769043,106.652328
incident,PE_R011_I060,peak,R011,10.756616,106.664591
incident,PE_R011_I061,peak,R011,10.754291,106.70503
incident,PE_R011_I062,peak,R011,10.7596,106.656953
incident,PE_R011_I063,peak,R011,10.73699,106.64449
incident,PE_R011_I064,peak,R011,10.817322,106.664746
incident,PE_R011_I065,peak,R011,10.770578,106.688299
incident,PE_R011_I066,peak,R011,10.788009,106.648664
incident,PE_R011_I067,peak,R011,10.758264,106.658976
incident,PE_R011_I068,peak,R011,10.760903,106.72404
incident,PE_R011_I069,peak,R011,10.745306,106.673266
incident,PE_R011_I070,peak,R011,10.770536,106.655264
incident,PE_R011_I071,peak,R011,10.821874,106.663861
incident,PE_R011_I072,peak,R011,10.734735,106.668061
incident,PE_R011_I073,peak,R011,10.749314,106.708021
incident,PE_R011_I074,peak,R011,10.789486,106.674001
incident,PE_R011_I075,peak,R011,10.772062,106.653019
incident,PE_R011_I076,peak,R011,10.729033,106.697051
incident,PE_R011_I077,peak,R011,10.758756,106.649706
incident,PE_R011_I078,peak,R011,10.743204,106.720852
incident,PE_R011_I079,peak,R011,10.70484,106.66744
incident,PE_R011_I080,peak,R011,10.764939,106.662549
incident,PE_R011_I081,peak,R011,10.768592,106.642678
incident,PE_R011_I082,peak,R011,10.755843,106.680368
incident,PE_R011_I083,peak,R011,10.799089,106.704817
incident,PE_R011_I084,peak,R011,10.732663,106.644505
incident,PE_R011_I085,peak,R011,10.738188,106.72731
incident,PE_R011_I086,peak,R011,10.71948,106.66044
incident,PE_R011_I087,peak,R011,10.763674,106.694987
incident,PE_R011_I088,peak,R011,10.771704,106.665246
incident,PE_R011_I089,peak,R011,10.74946,106.669282
incident,PE_R011_I090,peak,R011,10.80807,106.611802
incident,PE_R011_I091,peak,R011,10.753757,106.69724
incident,PE_R011_I092,peak,R011,10.799724,106.721152
incident,PE_R011_I093,peak,R011,10.779568,106.667325
incident,PE_R011_I094,peak,R011,10.731332,106.679053
incident,PE_R011_I095,peak,R011,10.79604,106.59077
incident,PE_R011_I096,peak,R011,10.771056,106.696392
incident,PE_R011_I097,peak,R011,10.782495,106.703443
incident,PE_R011_I098,peak,R011,10.750751,106.712739
incident,PE_R011_I099,peak,R011,10.810313,106.685991
incident,PE_R011_I100,peak,R011,10.723677,106.594461
incident,PE_R012_I001,peak,R012,10.774663,106.690644
incident,PE_R012_I002,peak,R012,10.777869,106.688933
incident,PE_R012_I003,peak,R012,10.841662,106.685075
incident,PE_R012_I004,peak,R012,10.76895,106.688861
incident,PE_R012_I005,peak,R012,10.753711,106.640007
incident,PE_R012_I006,peak,R012,10.768074,106.739423
incident,PE_R012_I007,peak,R012,10.812513,106.702526
incident,PE_R012_I008,peak,R012,10.744327,106.695339
incident,PE_R012_I009,peak,R012,10.74746,106.700484
incident,PE_R012_I010,peak,R012,10.756544,106.668052
incident,PE_R012_I011,peak,R012,10.728286,106.690656
incident,PE_R012_I012,peak,R012,10.763597,106.666329
incident,PE_R012_I013,peak,R012,10.800144,106.689427
incident,PE_R012_I014,peak,R012,10.756965,106.662652
incident,PE_R012_I015,peak,R012,10.768466,106.718416
incident,PE_R012_I016,peak,R012,10.786634,106.687551
incident,PE_R012_I017,peak,R012,10.771186,106.657542
incident,PE_R012_I018,peak,R012,10.812578,106.623308
incident,PE_R012_I019,peak,R012,10.76772,106.680027
incident,PE_R012_I020,peak,R012,10.748838,106.665969
incident,PE_R012_I021,peak,R012,10.778054,106.652313
incident,PE_R012_I022,peak,R012,10.796071,106.679428
incident,PE_R012_I023,peak,R012,10.780647,106.637608
incident,PE_R012_I024,peak,R012,10.775445,106.705863
incident,PE_R012_I025,peak,R012,10.747173,106.653605
incident,PE_R012_I026,peak,R012,10.785038,106.625016
incident,PE_R012_I027,peak,R012,10.779871,106.654111
incident,PE_R012_I028,peak,R012,10.763151,106.666679
incident,PE_R012_I029,peak,R012,10.769059,106.694865
incident,PE_R012_I030,peak,R012,10.782556,106.699024
incident,PE_R012_I031,peak,R012,10.782452,106.670005
incident,PE_R012_I032,peak,R012,10.73822,106.646659
incident,PE_R012_I033,peak,R012,10.766968,106.757207
incident,PE_R012_I034,peak,R012,10.741378,106.65366
incident,PE_R012_I035,peak,R012,10.780872,106.70418
incident,PE_R012_I036,peak,R012,10.79193,106.705135
incident,PE_R012_I037,peak,R012,10.747018,106.629984
incident,PE_R012_I038,peak,R012,10.729455,106.701705
incident,PE_R012_I039,peak,R012,10.730718,106.67479
incident,PE_R012_I040,peak,R012,10.75717,106.610698
incident,PE_R012_I041,peak,R012,10.757108,106.716266
incident,PE_R012_I042,peak,R012,10.758748,106.628918
incident,PE_R012_I043,peak,R012,10.774773,106.641656
incident,PE_R012_I044,peak,R012,10.756211,106.689017
incident,PE_R012_I045,peak,R012,10.795233,106.704107
incident,PE_R012_I046,peak,R012,10.818604,106.707909
incident,PE_R012_I047,peak,R012,10.824579,106.685074
incident,PE_R012_I048,peak,R012,10.760887,106.695554
incident,PE_R012_I049,peak,R012,10.746651,106.702559
incident,PE_R012_I050,peak,R012,10.775588,106.698234
incident,PE_R012_I051,peak,R012,10.728981,106.665104
incident,PE_R012_I052,peak,R012,10.765024,106.661411
incident,PE_R012_I053,peak,R012,10.760187,106.666195
incident,PE_R012_I054,peak,R012,10.775329,106.722017
incident,PE_R012_I055,peak,R012,10.700695,106.694615
incident,PE_R012_I056,peak,R012,10.744588,106.674357
incident,PE_R012_I057,peak,R012,10.77837,106.697201
incident,PE_R012_I058,peak,R012,10.791876,106.707334
incident,PE_R012_I059,peak,R012,10.775049,106.661451
incident,PE_R012_I060,peak,R012,10.737469,106.650892
incident,PE_R012_I061,peak,R012,10.747221,106.649044
incident,PE_R012_I062,peak,R012,10.789682,106.679006
incident,PE_R012_I063,peak,R012,10.803637,106.649651
incident,PE_R012_I064,peak,R012,10.725435,106.683716
incident,PE_R012_I065,peak,R012,10.762718,106.65174
incident,PE_R012_I066,peak,R012,10.764947,106.678557
incident,PE_R012_I067,peak,R012,10.766388,106.717884
incident,PE_R012_I068,peak,R012,10.74535,106.60801
incident,PE_R012_I069,peak,R012,10.777043,106.656506
incident,PE_R012_I070,peak,R012,10.768728,106.637391
incident,PE_R012_I071,peak,R012,10.843184,106.711792
incident,PE_R012_I072,peak,R012,10.760854,106.660204
incident,PE_R012_I073,peak,R012,10.797565,106.631596
incident,PE_R012_I074,peak,R012,10.791527,106.661186
incident,PE_R012_I075,peak,R012,10.734925,106.697747
incident,PE_R012_I076,peak,R012,10.77101,106.725264
incident,PE_R012_I077,peak,R012,10.784553,106.659489
incident,PE_R012_I078,peak,R012,10.789485,106.66851
incident,PE_R012_I079,peak,R012,10.791828,106.646093
incident,PE_R012_I080,peak,R012,10.722231,106.702756
incident,PE_R012_I081,peak,R012,10.744505,106.679397
incident,PE_R012_I082,peak,R012,10.750883,106.719481
incident,PE_R012_I083,peak,R012,10.787443,106.734217
incident,PE_R012_I084,peak,R012,10.752595,106.741879
incident,PE_R012_I085,peak,R012,10.795334,106.664811
incident,PE_R012_I086,peak,R012,10.804928,106.689437
incident,PE_R012_I087,peak,R012,10.781534,106.639311
incident,PE_R012_I088,peak,R012,10.818795,106.705743
incident,PE_R012_I089,peak,R012,10.741857,106.686729
incident,PE_R012_I090,peak,R012,10.819556,106.712138
incident,PE_R012_I091,peak,R012,10.76952,106.62241
incident,PE_R012_I092,peak,R012,10.740764,106.705202
incident,PE_R012_I093,peak,R012,10.76464,106.6662
incident,PE_R012_I094,peak,R012,10.781315,106.686066
incident,PE_R012_I095,peak,R012,10.756753,106.618438
incident,PE_R012_I096,peak,R012,10.756317,106.661224
incident,PE_R012_I097,peak,R012,10.760489,106.70635
incident,PE_R012_I098,peak,R012,10.775029,106.734184
incident,PE_R012_I099,peak,R012,10.766886,106.71298
incident,PE_R012_I100,peak,R012,10.754726,106.69764
incident,PE_R013_I001,peak,R013,10.724134,106.64871
incident,PE_R013_I002,peak,R013,10.745998,106.692231
incident,PE_R013_I003,peak,R013,10.775275,106.712512
incident,PE_R013_I004,peak,R013,10.79912,106.702529
incident,PE_R013_I005,peak,R013,10.768931,106.63412
incident,PE_R013_I006,peak,R013,10.826754,106.66229
incident,PE_R013_I007,peak,R013,10.797908,106.664624
incident,PE_R013_I008,peak,R013,10.770252,106.67412
incident,PE_R013_I009,peak,R013,10.785939,106.672508
incident,PE_R013_I010,peak,R013,10.807627,106.712827
incident,PE_R013_I011,peak,R013,10.773086,106.62302
incident,PE_R013_I012,peak,R013,10.772533,106.664332
incident,PE_R013_I013,peak,R013,10.75812,106.686025
incident,PE_R013_I014,peak,R013,10.745786,106.67564
incident,PE_R013_I015,peak,R013,10.797362,106.710754
incident,PE_R013_I016,peak,R013,10.795318,106.683588
incident,PE_R013_I017,peak,R013,10.773986,106.653451
incident,PE_R013_I018,peak,R013,10.794032,106.665727
incident,PE_R013_I019,peak,R013,10.769516,106.746299
incident,PE_R013_I020,peak,R013,10.748689,106.722343
incident,PE_R013_I021,peak,R013,10.749607,106.677051
incident,PE_R013_I022,peak,R013,10.76569,106.663656
incident,PE_R013_I023,peak,R013,10.740454,106.661812
incident,PE_R013_I024,peak,R013,10.822003,106.665075
incident,PE_R013_I025,peak,R013,10.790673,106.694005
incident,PE_R013_I026,peak,R013,10.74179,106.686913
incident,PE_R013_I027,peak,R013,10.774846,106.661592
incident,PE_R013_I028,peak,R013,10.785405,106.730285
incident,PE_R013_I029,peak,R013,10.769715,106.699415
incident,PE_R013_I030,peak,R013,10.780304,106.658708
incident,PE_R013_I031,peak,R013,10.757931,106.723594
incident,PE_R013_I032,peak,R013,10.768259,106.678642
incident,PE_R013_I033,peak,R013,10.830747,106.694728
incident,PE_R013_I034,peak,R013,10.807688,106.702633
incident,PE_R013_I035,peak,R013,10.782507,106.671019
incident,PE_R013_I036,peak,R013,10.77483,106.631349
incident,PE_R013_I037,peak,R013,10.749178,106.68279
incident,PE_R013_I038,peak,R013,10.751623,106.631571
incident,PE_R013_I039,peak,R013,10.767778,106.696655
incident,PE_R013_I040,peak,R013,10.778114,106.674113
incident,PE_R013_I041,peak,R013,10.756444,106.650431
incident,PE_R013_I042,peak,R013,10.749522,106.658052
incident,PE_R013_I043,peak,R013,10.762398,106.689413
incident,PE_R013_I044,peak,R013,10.770441,106.688209
incident,PE_R013_I045,peak,R013,10.781762,106.598347
incident,PE_R013_I046,peak,R013,10.759602,106.70845
incident,PE_R013_I047,peak,R013,10.754534,106.673661
incident,PE_R013_I048,peak,R013,10.809657,106.688197
incident,PE_R013_I049,peak,R013,10.743222,106.705005
incident,PE_R013_I050,peak,R013,10.767789,106.658281
incident,PE_R013_I051,peak,R013,10.788121,106.718123
incident,PE_R013_I052,peak,R013,10.721692,106.719494
incident,PE_R013_I053,peak,R013,10.781505,106.692216
incident,PE_R013_I054,peak,R013,10.77751,106.640553
incident,PE_R013_I055,peak,R013,10.783683,106.735263
incident,PE_R013_I056,peak,R013,10.760122,106.68638
incident,PE_R013_I057,peak,R013,10.785772,106.708243
incident,PE_R013_I058,peak,R013,10.799401,106.710407
incident,PE_R013_I059,peak,R013,10.778993,106.613349
incident,PE_R013_I060,peak,R013,10.754712,106.751291
incident,PE_R013_I061,peak,R013,10.772552,106.680852
incident,PE_R013_I062,peak,R013,10.772736,106.678223
incident,PE_R013_I063,peak,R013,10.715568,106.663019
incident,PE_R013_I064,peak,R013,10.757606,106.727985
incident,PE_R013_I065,peak,R013,10.769702,106.725819
incident,PE_R013_I066,peak,R013,10.761579,106.676621
incident,PE_R013_I067,peak,R013,10.765162,106.664153
incident,PE_R013_I068,peak,R013,10.771496,106.723463
incident,PE_R013_I069,peak,R013,10.760937,106.660445
incident,PE_R013_I070,peak,R013,10.733859,106.708337
incident,PE_R013_I071,peak,R013,10.772734,106.651773
incident,PE_R013_I072,peak,R013,10.748923,106.705318
incident,PE_R013_I073,peak,R013,10.738809,106.723882
incident,PE_R013_I074,peak,R013,10.780856,106.678122
incident,PE_R013_I075,peak,R013,10.759594,106.699483
incident,PE_R013_I076,peak,R013,10.756824,106.668828
incident,PE_R013_I077,peak,R013,10.774426,106.623522
incident,PE_R013_I078,peak,R013,10.758205,106.651954
incident,PE_R013_I079,peak,R013,10.793952,106.753955
incident,PE_R013_I080,peak,R013,10.764877,106.667557
incident,PE_R013_I081,peak,R013,10.754416,106.680099
incident,PE_R013_I082,peak,R013,10.7471,106.64121
incident,PE_R013_I083,peak,R013,10.761293,106.70697
incident,PE_R013_I084,peak,R013,10.836214,106.731751
incident,PE_R013_I085,peak,R013,10.772266,106.644545
incident,PE_R013_I086,peak,R013,10.760439,106.66204
incident,PE_R013_I087,peak,R013,10.788011,106.641419
incident,PE_R013_I088,peak,R013,10.775943,106.707855
incident,PE_R013_I089,peak,R013,10.792218,106.697158
incident,PE_R013_I090,peak,R013,10.800483,106.648289
incident,PE_R013_I091,peak,R013,10.751652,106.659256
incident,PE_R013_I092,peak,R013,10.738452,106.640097
incident,PE_R013_I093,peak,R013,10.799261,106.723821
incident,PE_R013_I094,peak,R013,10.775574,106.723973
incident,PE_R013_I095,peak,R013,10.777435,106.733714
incident,PE_R013_I096,peak,R013,10.836257,106.639072
incident,PE_R013_I097,peak,R013,10.720063,106.599476
incident,PE_R013_I098,peak,R013,10.804171,106.710993
incident,PE_R013_I099,peak,R013,10.766239,106.666794
incident,PE_R013_I100,peak,R013,10.836064,106.673925
incident,PE_R014_I001,peak,R014,10.775653,106.665418
incident,PE_R014_I002,peak,R014,10.733781,106.664552
incident,PE_R014_I003,peak,R014,10.736131,106.675216
incident,PE_R014_I004,peak,R014,10.773901,106.638623
incident,PE_R014_I005,peak,R014,10.779556,106.698053
incident,PE_R014_I006,peak,R014,10.786488,106.668523
incident,PE_R014_I007,peak,R014,10.804145,106.706205
incident,PE_R014_I008,peak,R014,10.766432,106.72641
incident,PE_R014_I009,peak,R014,10.74001,106.712144
incident,PE_R014_I010,peak,R014,10.822734,106.663708
incident,PE_R014_I011,peak,R014,10.759197,106.669013
incident,PE_R014_I012,peak,R014,10.781789,106.684966
incident,PE_R014_I013,peak,R014,10.779308,106.681088
incident,PE_R014_I014,peak,R014,10.762442,106.67096
incident,PE_R014_I015,peak,R014,10.76487,106.630036
incident,PE_R014_I016,peak,R014,10.795077,106.754108
incident,PE_R014_I017,peak,R014,10.793896,106.65831
incident,PE_R014_I018,peak,R014,10.790066,106.675953
incident,PE_R014_I019,peak,R014,10.793334,106.701761
incident,PE_R014_I020,peak,R014,10.766559,106.696752
incident,PE_R014_I021,peak,R014,10.795229,106.714918
incident,PE_R014_I022,peak,R014,10.744168,106.633389
incident,PE_R014_I023,peak,R014,10.746118,106.655036
incident,PE_R014_I024,peak,R014,10.808162,106.695601
incident,PE_R014_I025,peak,R014,10.775342,106.658638
incident,PE_R014_I026,peak,R014,10.770567,106.622467
incident,PE_R014_I027,peak,R014,10.796906,106.633778
incident,PE_R014_I028,peak,R014,10.762894,106.619709
incident,PE_R014_I029,peak,R014,10.7671,106.705928
incident,PE_R014_I030,peak,R014,10.75668,106.618816
incident,PE_R014_I031,peak,R014,10.780329,106.678643
incident,PE_R014_I032,peak,R014,10.755994,106.66109
incident,PE_R014_I033,peak,R014,10.788798,106.673532
incident,PE_R014_I034,peak,R014,10.771027,106.669524
incident,PE_R014_I035,peak,R014,10.82501,106.693489
incident,PE_R014_I036,peak,R014,10.773584,106.61061
incident,PE_R014_I037,peak,R014,10.781606,106.635706
incident,PE_R014_I038,peak,R014,10.737161,106.714854
incident,PE_R014_I039,peak,R014,10.771244,106.626141
incident,PE_R014_I040,peak,R014,10.735673,106.685532
incident,PE_R014_I041,peak,R014,10.759725,106.674036
incident,PE_R014_I042,peak,R014,10.739787,106.736499
incident,PE_R014_I043,peak,R014,10.830783,106.643567
incident,PE_R014_I044,peak,R014,10.822379,106.596109
incident,PE_R014_I045,peak,R014,10.774385,106.618346
incident,PE_R014_I046,peak,R014,10.785007,106.626305
incident,PE_R014_I047,peak,R014,10.750783,106.628744
incident,PE_R014_I048,peak,R014,10.765192,106.674331
incident,PE_R014_I049,peak,R014,10.798474,106.686157
incident,PE_R014_I050,peak,R014,10.792543,106.705795
incident,PE_R014_I051,peak,R014,10.781607,106.653961
incident,PE_R014_I052,peak,R014,10.753778,106.65583
incident,PE_R014_I053,peak,R014,10.761633,106.670809
incident,PE_R014_I054,peak,R014,10.778233,106.705885
incident,PE_R014_I055,peak,R014,10.753362,106.727812
incident,PE_R014_I056,peak,R014,10.782921,106.704358
incident,PE_R014_I057,peak,R014,10.805551,106.690329
incident,PE_R014_I058,peak,R014,10.739865,106.642773
incident,PE_R014_I059,peak,R014,10.723297,106.712968
incident,PE_R014_I060,peak,R014,10.793506,106.652899
incident,PE_R014_I061,peak,R014,10.777954,106.749246
incident,PE_R014_I062,peak,R014,10.796556,106.677045
incident,PE_R014_I063,peak,R014,10.760013,106.730585
incident,PE_R014_I064,peak,R014,10.791621,106.66755
incident,PE_R014_I065,peak,R014,10.774259,106.662502
incident,PE_R014_I066,peak,R014,10.784677,106.687323
incident,PE_R014_I067,peak,R014,10.763926,106.795369
incident,PE_R014_I068,peak,R014,10.777161,106.714897
incident,PE_R014_I069,peak,R014,10.779031,106.719168
incident,PE_R014_I070,peak,R014,10.736412,106.603837
incident,PE_R014_I071,peak,R014,10.76962,106.693578
incident,PE_R014_I072,peak,R014,10.801494,106.684447
incident,PE_R014_I073,peak,R014,10.772294,106.677242
incident,PE_R014_I074,peak,R014,10.796337,106.678235
incident,PE_R014_I075,peak,R014,10.763504,106.706763
incident,PE_R014_I076,peak,R014,10.797153,106.701101
incident,PE_R014_I077,peak,R014,10.798668,106.697662
incident,PE_R014_I078,peak,R014,10.806364,106.692572
incident,PE_R014_I079,peak,R014,10.771438,106.70485
incident,PE_R014_I080,peak,R014,10.789021,106.693421
incident,PE_R014_I081,peak,R014,10.762575,106.689839
incident,PE_R014_I082,peak,R014,10.746326,106.668006
incident,PE_R014_I083,peak,R014,10.782763,106.727019
incident,PE_R014_I084,peak,R014,10.701626,106.661821
incident,PE_R014_I085,peak,R014,10.770685,106.631448
incident,PE_R014_I086,peak,R014,10.746251,106.672017
incident,PE_R014_I087,peak,R014,10.706525,106.704135
incident,PE_R014_I088,peak,R014,10.756497,106.661966
incident,PE_R014_I089,peak,R014,10.780001,106.767268
incident,PE_R014_I090,peak,R014,10.77962,106.695181
incident,PE_R014_I091,peak,R014,10.718584,106.70687
incident,PE_R014_I092,peak,R014,10.769059,106.682493
incident,PE_R014_I093,peak,R014,10.783357,106.635357
incident,PE_R014_I094,peak,R014,10.799584,106.670346
incident,PE_R014_I095,peak,R014,10.800079,106.651171
incident,PE_R014_I096,peak,R014,10.775727,106.644713
incident,PE_R014_I097,peak,R014,10.74885,106.705328
incident,PE_R014_I098,peak,R014,10.770464,106.719756
incident,PE_R014_I099,peak,R014,10.77983,106.703376
incident,PE_R014_I100,peak,R014,10.7387,106.655324
incident,PE_R015_I001,peak,R015,10.741867,106.65966
incident,PE_R015_I002,peak,R015,10.790435,106.69302
incident,PE_R015_I003,peak,R015,10.744988,106.692759
incident,PE_R015_I004,peak,R015,10.737306,106.644744
incident,PE_R015_I005,peak,R015,10.740475,106.640113
incident,PE_R015_I006,peak,R015,10.768254,106.642458
incident,PE_R015_I007,peak,R015,10.818175,106.638912
incident,PE_R015_I008,peak,R015,10.745733,106.679708
incident,PE_R015_I009,peak,R015,10.75451,106.612678
incident,PE_R015_I010,peak,R015,10.76022,106.632705
incident,PE_R015_I011,peak,R015,10.78618,106.662727
incident,PE_R015_I012,peak,R015,10.780281,106.64196
incident,PE_R015_I013,peak,R015,10.772456,106.714935
incident,PE_R015_I014,peak,R015,10.78418,106.611334
incident,PE_R015_I015,peak,R015,10.804907,106.679756
incident,PE_R015_I016,peak,R015,10.778976,106.707353
incident,PE_R015_I017,peak,R015,10.770947,106.755402
incident,PE_R015_I018,peak,R015,10.777487,106.637436
incident,PE_R015_I019,peak,R015,10.760323,106.709723
incident,PE_R015_I020,peak,R015,10.710832,106.692958
incident,PE_R015_I021,peak,R015,10.708151,106.697638
incident,PE_R015_I022,peak,R015,10.784862,106.712673
incident,PE_R015_I023,peak,R015,10.826001,106.723154
incident,PE_R015_I024,peak,R015,10.772021,106.689087
incident,PE_R015_I025,peak,R015,10.763825,106.623809
incident,PE_R015_I026,peak,R015,10.784519,106.702401
incident,PE_R015_I027,peak,R015,10.769124,106.633254
incident,PE_R015_I028,peak,R015,10.782318,106.713266
incident,PE_R015_I029,peak,R015,10.745104,106.691793
incident,PE_R015_I030,peak,R015,10.750692,106.729113
incident,PE_R015_I031,peak,R015,10.744439,106.702049
incident,PE_R015_I032,peak,R015,10.745242,106.685076
incident,PE_R015_I033,peak,R015,10.785171,106.664826
incident,PE_R015_I034,peak,R015,10.801984,106.631427
incident,PE_R015_I035,peak,R015,10.818279,106.669671
incident,PE_R015_I036,peak,R015,10.745869,106.693456
incident,PE_R015_I037,peak,R015,10.767468,106.677552
incident,PE_R015_I038,peak,R015,10.779452,106.658083
incident,PE_R015_I039,peak,R015,10.716328,106.682719
incident,PE_R015_I040,peak,R015,10.788967,106.723144
incident,PE_R015_I041,peak,R015,10.715242,106.665845
incident,PE_R015_I042,peak,R015,10.767393,106.643245
incident,PE_R015_I043,peak,R015,10.754352,106.703681
incident,PE_R015_I044,peak,R015,10.765757,106.695883
incident,PE_R015_I045,peak,R015,10.773683,106.607013
incident,PE_R015_I046,peak,R015,10.80478,106.668923
incident,PE_R015_I047,peak,R015,10.748233,106.64207
incident,PE_R015_I048,peak,R015,10.768285,106.632855
incident,PE_R015_I049,peak,R015,10.804477,106.673282
incident,PE_R015_I050,peak,R015,10.740775,106.721025
incident,PE_R015_I051,peak,R015,10.769058,106.703027
incident,PE_R015_I052,peak,R015,10.77388,106.629249
incident,PE_R015_I053,peak,R015,10.770902,106.618388
incident,PE_R015_I054,peak,R015,10.77839,106.651426
incident,PE_R015_I055,peak,R015,10.744199,106.628611
incident,PE_R015_I056,peak,R015,10.777118,106.708705
incident,PE_R015_I057,peak,R015,10.743221,106.638838
incident,PE_R015_I058,peak,R015,10.796854,106.691377
incident,PE_R015_I059,peak,R015,10.75614,106.752171
incident,PE_R015_I060,peak,R015,10.794013,106.64991
incident,PE_R015_I061,peak,R015,10.748609,106.702392
incident,PE_R015_I062,peak,R015,10.780163,106.751029
incident,PE_R015_I063,peak,R015,10.761424,106.723112
incident,PE_R015_I064,peak,R015,10.780108,106.712264
incident,PE_R015_I065,peak,R015,10.791042,106.676387
incident,PE_R015_I066,peak,R015,10.765553,106.675422
incident,PE_R015_I067,peak,R015,10.795975,106.641286
incident,PE_R015_I068,peak,R015,10.736783,106.670317
incident,PE_R015_I069,peak,R015,10.747659,106.679598
incident,PE_R015_I070,peak,R015,10.772501,106.720874
incident,PE_R015_I071,peak,R015,10.801267,106.667642
incident,PE_R015_I072,peak,R015,10.783175,106.753555
incident,PE_R015_I073,peak,R015,10.755832,106.657063
incident,PE_R015_I074,peak,R015,10.748647,106.663204
incident,PE_R015_I075,peak,R015,10.736109,106.706956
incident,PE_R015_I076,peak,R015,10.786085,106.686471
incident,PE_R015_I077,peak,R015,10.775397,106.661975
incident,PE_R015_I078,peak,R015,10.782882,106.715043
incident,PE_R015_I079,peak,R015,10.769434,106.642776
incident,PE_R015_I080,peak,R015,10.756193,106.703927
incident,PE_R015_I081,peak,R015,10.757779,106.614905
incident,PE_R015_I082,peak,R015,10.802768,106.710331
incident,PE_R015_I083,peak,R015,10.760668,106.69989
incident,PE_R015_I084,peak,R015,10.764167,106.697178
incident,PE_R015_I085,peak,R015,10.767373,106.682291
incident,PE_R015_I086,peak,R015,10.806011,106.716888
incident,PE_R015_I087,peak,R015,10.757381,106.726104
incident,PE_R015_I088,peak,R015,10.7519,106.689747
incident,PE_R015_I089,peak,R015,10.774233,106.67379
incident,PE_R015_I090,peak,R015,10.751618,106.661426
incident,PE_R015_I091,peak,R015,10.734113,106.753944
incident,PE_R015_I092,peak,R015,10.764893,106.701878
incident,PE_R015_I093,peak,R015,10.803851,106.603217
incident,PE_R015_I094,peak,R015,10.749885,106.70488
incident,PE_R015_I095,peak,R015,10.772925,106.67101
incident,PE_R015_I096,peak,R015,10.770129,106.640205
incident,PE_R015_I097,peak,R015,10.796153,106.669855
incident,PE_R015_I098,peak,R015,10.771066,106.747102
incident,PE_R015_I099,peak,R015,10.798311,106.66578
incident,PE_R015_I100,peak,R015,10.791733,106.66257
incident,PE_R016_I001,peak,R016,10.778476,106.616142
incident,PE_R016_I002,peak,R016,10.779198,106.736424
incident,PE_R016_I003,peak,R016,10.773617,106.710786
incident,PE_R016_I004,peak,R016,10.76108,106.666158
incident,PE_R016_I005,peak,R016,10.750885,106.637572
incident,PE_R016_I006,peak,R016,10.725225,106.670598
incident,PE_R016_I007,peak,R016,10.779932,106.698679
incident,PE_R016_I008,peak,R016,10.748299,106.66869
incident,PE_R016_I009,peak,R016,10.746958,106.708241
incident,PE_R016_I010,peak,R016,10.774174,106.648552
incident,PE_R016_I011,peak,R016,10.739777,106.71958
incident,PE_R016_I012,peak,R016,10.774523,106.704217
incident,PE_R016_I013,peak,R016,10.773338,106.698328
incident,PE_R016_I014,peak,R016,10.771599,106.615642
incident,PE_R016_I015,peak,R016,10.783436,106.687578
incident,PE_R016_I016,peak,R016,10.76219,106.711469
incident,PE_R016_I017,peak,R016,10.77077,106.705214
incident,PE_R016_I018,peak,R016,10.721562,106.689747
incident,PE_R016_I019,peak,R016,10.74929,106.69038
incident,PE_R016_I020,peak,R016,10.774001,106.669711
incident,PE_R016_I021,peak,R016,10.81991,106.656333
incident,PE_R016_I022,peak,R016,10.732997,106.705834
incident,PE_R016_I023,peak,R016,10.758685,106.65017
incident,PE_R016_I024,peak,R016,10.74153,106.639213
incident,PE_R016_I025,peak,R016,10.77103,106.634983
incident,PE_R016_I026,peak,R016,10.782322,106.68234
incident,PE_R016_I027,peak,R016,10.719859,106.738593
incident,PE_R016_I028,peak,R016,10.796196,106.621346
incident,PE_R016_I029,peak,R016,10.755419,106.682499
incident,PE_R016_I030,peak,R016,10.767294,106.634192
incident,PE_R016_I031,peak,R016,10.773387,106.682887
incident,PE_R016_I032,peak,R016,10.766143,106.720802
incident,PE_R016_I033,peak,R016,10.775283,106.679794
incident,PE_R016_I034,peak,R016,10.719402,106.628825
incident,PE_R016_I035,peak,R016,10.783761,106.636705
incident,PE_R016_I036,peak,R016,10.790562,106.659931
incident,PE_R016_I037,peak,R016,10.771976,106.640709
incident,PE_R016_I038,peak,R016,10.777295,106.669235
incident,PE_R016_I039,peak,R016,10.740052,106.61966
incident,PE_R016_I040,peak,R016,10.809936,106.697049
incident,PE_R016_I041,peak,R016,10.749839,106.639914
incident,PE_R016_I042,peak,R016,10.73956,106.758025
incident,PE_R016_I043,peak,R016,10.797874,106.655679
incident,PE_R016_I044,peak,R016,10.814879,106.617314
incident,PE_R016_I045,peak,R016,10.761263,106.631691
incident,PE_R016_I046,peak,R016,10.794702,106.712419
incident,PE_R016_I047,peak,R016,10.777468,106.697938
incident,PE_R016_I048,peak,R016,10.803092,106.714349
incident,PE_R016_I049,peak,R016,10.785911,106.626591
incident,PE_R016_I050,peak,R016,10.718845,106.637847
incident,PE_R016_I051,peak,R016,10.794174,106.720634
incident,PE_R016_I052,peak,R016,10.786,106.732726
incident,PE_R016_I053,peak,R016,10.7616,106.628096
incident,PE_R016_I054,peak,R016,10.80913,106.694472
incident,PE_R016_I055,peak,R016,10.787154,106.651283
incident,PE_R016_I056,peak,R016,10.778602,106.689365
incident,PE_R016_I057,peak,R016,10.740551,106.746856
incident,PE_R016_I058,peak,R016,10.753782,106.671734
incident,PE_R016_I059,peak,R016,10.786488,106.686892
incident,PE_R016_I060,peak,R016,10.769597,106.705178
incident,PE_R016_I061,peak,R016,10.752073,106.641534
incident,PE_R016_I062,peak,R016,10.794841,106.63186
incident,PE_R016_I063,peak,R016,10.789102,106.724462
incident,PE_R016_I064,peak,R016,10.747472,106.725446
incident,PE_R016_I065,peak,R016,10.791468,106.619451
incident,PE_R016_I066,peak,R016,10.804118,106.684796
incident,PE_R016_I067,peak,R016,10.775174,106.668491
incident,PE_R016_I068,peak,R016,10.740086,106.684481
incident,PE_R016_I069,peak,R016,10.755752,106.695208
incident,PE_R016_I070,peak,R016,10.788055,106.708965
incident,PE_R016_I071,peak,R016,10.779349,106.691382
incident,PE_R016_I072,peak,R016,10.736287,106.699432
incident,PE_R016_I073,peak,R016,10.762306,106.694261
incident,PE_R016_I074,peak,R016,10.750071,106.72602
incident,PE_R016_I075,peak,R016,10.769286,106.68196
incident,PE_R016_I076,peak,R016,10.806634,106.6472
incident,PE_R016_I077,peak,R016,10.78414,106.649928
incident,PE_R016_I078,peak,R016,10.754197,106.734714
incident,PE_R016_I079,peak,R016,10.767714,106.712318
incident,PE_R016_I080,peak,R016,10.791538,106.666617
incident,PE_R016_I081,peak,R016,10.769926,106.674997
incident,PE_R016_I082,peak,R016,10.758009,106.722133
incident,PE_R016_I083,peak,R016,10.772889,106.694531
incident,PE_R016_I084,peak,R016,10.732331,106.699026
incident,PE_R016_I085,peak,R016,10.716242,106.688913
incident,PE_R016_I086,peak,R016,10.79394,106.691597
incident,PE_R016_I087,peak,R016,10.746884,106.681364
incident,PE_R016_I088,peak,R016,10.764762,106.660714
incident,PE_R016_I089,peak,R016,10.836642,106.720028
incident,PE_R016_I090,peak,R016,10.728836,106.693339
incident,PE_R016_I091,peak,R016,10.798453,106.656908
incident,PE_R016_I092,peak,R016,10.770639,106.656283
incident,PE_R016_I093,peak,R016,10.83368,106.693177
incident,PE_R016_I094,peak,R016,10.770234,106.626688
incident,PE_R016_I095,peak,R016,10.749338,106.692051
incident,PE_R016_I096,peak,R016,10.757392,106.676675
incident,PE_R016_I097,peak,R016,10.775091,106.716443
incident,PE_R016_I098,peak,R016,10.741721,106.705564
incident,PE_R016_I099,peak,R016,10.769272,106.671216
incident,PE_R016_I100,peak,R016,10.805605,106.72583
incident,PE_R017_I001,peak,R017,10.745844,106.697287
incident,PE_R017_I002,peak,R017,10.778147,106.687677
incident,PE_R017_I003,peak,R017,10.765014,106.674467
incident,PE_R017_I004,peak,R017,10.725975,106.618124
incident,PE_R017_I005,peak,R017,10.7566,106.613713
incident,PE_R017_I006,peak,R017,10.801796,106.725886
incident,PE_R017_I007,peak,R017,10.743941,106.69142
incident,PE_R017_I008,peak,R017,10.728628,106.713559
incident,PE_R017_I009,peak,R017,10.754135,106.68195
incident,PE_R017_I010,peak,R017,10.767196,106.649517
incident,PE_R017_I011,peak,R017,10.69402,106.634269
incident,PE_R017_I012,peak,R017,10.799025,106.670885
incident,PE_R017_I013,peak,R017,10.78059,106.714142
incident,PE_R017_I014,peak,R017,10.770899,106.624783
incident,PE_R017_I015,peak,R017,10.747388,106.705871
incident,PE_R017_I016,peak,R017,10.76683,106.614656
incident,PE_R017_I017,peak,R017,10.763013,106.661883
incident,PE_R017_I018,peak,R017,10.705399,106.682964
incident,PE_R017_I019,peak,R017,10.748369,106.669053
incident,PE_R017_I020,peak,R017,10.794948,106.75027
incident,PE_R017_I021,peak,R017,10.737745,106.656855
incident,PE_R017_I022,peak,R017,10.735413,106.681942
incident,PE_R017_I023,peak,R017,10.731042,106.715833
incident,PE_R017_I024,peak,R017,10.769231,106.655839
incident,PE_R017_I025,peak,R017,10.825827,106.687134
incident,PE_R017_I026,peak,R017,10.751314,106.699426
incident,PE_R017_I027,peak,R017,10.720775,106.691282
incident,PE_R017_I028,peak,R017,10.769297,106.688463
incident,PE_R017_I029,peak,R017,10.792361,106.66335
incident,PE_R017_I030,peak,R017,10.814224,106.650971
incident,PE_R017_I031,peak,R017,10.780132,106.742462
incident,PE_R017_I032,peak,R017,10.769889,106.677387
incident,PE_R017_I033,peak,R017,10.771913,106.639291
incident,PE_R017_I034,peak,R017,10.793777,106.671356
incident,PE_R017_I035,peak,R017,10.798409,106.660369
incident,PE_R017_I036,peak,R017,10.776855,106.713339
incident,PE_R017_I037,peak,R017,10.777226,106.716365
incident,PE_R017_I038,peak,R017,10.771052,106.680711
incident,PE_R017_I039,peak,R017,10.737923,106.687052
incident,PE_R017_I040,peak,R017,10.801391,106.684256
incident,PE_R017_I041,peak,R017,10.754451,106.702062
incident,PE_R017_I042,peak,R017,10.783434,106.713208
incident,PE_R017_I043,peak,R017,10.773572,106.686947
incident,PE_R017_I044,peak,R017,10.774324,106.758376
incident,PE_R017_I045,peak,R017,10.765973,106.682467
incident,PE_R017_I046,peak,R017,10.815794,106.707843
incident,PE_R017_I047,peak,R017,10.781288,106.668371
incident,PE_R017_I048,peak,R017,10.756145,106.61985
incident,PE_R017_I049,peak,R017,10.72957,106.616473
incident,PE_R017_I050,peak,R017,10.794359,106.680241
incident,PE_R017_I051,peak,R017,10.813479,106.679213
incident,PE_R017_I052,peak,R017,10.755907,106.6257
incident,PE_R017_I053,peak,R017,10.76989,106.661849
incident,PE_R017_I054,peak,R017,10.760211,106.703648
incident,PE_R017_I055,peak,R017,10.759107,106.747795
incident,PE_R017_I056,peak,R017,10.79109,106.698548
incident,PE_R017_I057,peak,R017,10.726025,106.701354
incident,PE_R017_I058,peak,R017,10.761975,106.711135
incident,PE_R017_I059,peak,R017,10.772165,106.724482
incident,PE_R017_I060,peak,R017,10.814933,106.719362
incident,PE_R017_I061,peak,R017,10.76892,106.744354
incident,PE_R017_I062,peak,R017,10.735809,106.679361
incident,PE_R017_I063,peak,R017,10.741231,106.719994
incident,PE_R017_I064,peak,R017,10.764362,106.70064
incident,PE_R017_I065,peak,R017,10.772639,106.631178
incident,PE_R017_I066,peak,R017,10.745425,106.68083
incident,PE_R017_I067,peak,R017,10.756753,106.662482
incident,PE_R017_I068,peak,R017,10.77453,106.736103
incident,PE_R017_I069,peak,R017,10.796782,106.595406
incident,PE_R017_I070,peak,R017,10.76426,106.70162
incident,PE_R017_I071,peak,R017,10.759382,106.654812
incident,PE_R017_I072,peak,R017,10.737393,106.677951
incident,PE_R017_I073,peak,R017,10.75914,106.607268
incident,PE_R017_I074,peak,R017,10.797237,106.628073
incident,PE_R017_I075,peak,R017,10.736025,106.578092
incident,PE_R017_I076,peak,R017,10.721587,106.675897
incident,PE_R017_I077,peak,R017,10.754149,106.642344
incident,PE_R017_I078,peak,R017,10.765044,106.633376
incident,PE_R017_I079,peak,R017,10.771452,106.701889
incident,PE_R017_I080,peak,R017,10.728149,106.670772
incident,PE_R017_I081,peak,R017,10.759748,106.664468
incident,PE_R017_I082,peak,R017,10.764167,106.643181
incident,PE_R017_I083,peak,R017,10.782499,106.637286
incident,PE_R017_I084,peak,R017,10.737914,106.64516
incident,PE_R017_I085,peak,R017,10.76954,106.610991
incident,PE_R017_I086,peak,R017,10.796084,106.694264
incident,PE_R017_I087,peak,R017,10.77742,106.706603
incident,PE_R017_I088,peak,R017,10.7803,106.752116
incident,PE_R017_I089,peak,R017,10.786365,106.664997
incident,PE_R017_I090,peak,R017,10.77229,106.655107
incident,PE_R017_I091,peak,R017,10.771208,106.68378
incident,PE_R017_I092,peak,R017,10.782179,106.647133
incident,PE_R017_I093,peak,R017,10.811708,106.695508
incident,PE_R017_I094,peak,R017,10.810549,106.674439
incident,PE_R017_I095,peak,R017,10.795891,106.676667
incident,PE_R017_I096,peak,R017,10.739338,106.650827
incident,PE_R017_I097,peak,R017,10.772941,106.669119
incident,PE_R017_I098,peak,R017,10.79443,106.707463
incident,PE_R017_I099,peak,R017,10.810198,106.651692
incident,PE_R017_I100,peak,R017,10.771308,106.68506
incident,PE_R018_I001,peak,R018,10.809064,106.656651
incident,PE_R018_I002,peak,R018,10.791955,106.684904
incident,PE_R018_I003,peak,R018,10.78347,106.718684
incident,PE_R018_I004,peak,R018,10.740178,106.66865
incident,PE_R018_I005,peak,R018,10.750487,106.670969
incident,PE_R018_I006,peak,R018,10.761202,106.6375
incident,PE_R018_I007,peak,R018,10.751082,106.733761
incident,PE_R018_I008,peak,R018,10.764619,106.667802
incident,PE_R018_I009,peak,R018,10.743431,106.677505
incident,PE_R018_I010,peak,R018,10.819889,106.612938
incident,PE_R018_I011,peak,R018,10.732406,106.680583
incident,PE_R018_I012,peak,R018,10.735069,106.736877
incident,PE_R018_I013,peak,R018,10.730005,106.721656
incident,PE_R018_I014,peak,R018,10.743454,106.678482
incident,PE_R018_I015,peak,R018,10.787993,106.658884
incident,PE_R018_I016,peak,R018,10.783096,106.64717
incident,PE_R018_I017,peak,R018,10.754792,106.694144
incident,PE_R018_I018,peak,R018,10.773666,106.675972
incident,PE_R018_I019,peak,R018,10.804042,106.723236
incident,PE_R018_I020,peak,R018,10.769987,106.664243
incident,PE_R018_I021,peak,R018,10.798352,106.65977
incident,PE_R018_I022,peak,R018,10.755418,106.624489
incident,PE_R018_I023,peak,R018,10.735665,106.662287
incident,PE_R018_I024,peak,R018,10.763899,106.712099
incident,PE_R018_I025,peak,R018,10.76171,106.688644
incident,PE_R018_I026,peak,R018,10.775914,106.671724
incident,PE_R018_I027,peak,R018,10.768418,106.683077
incident,PE_R018_I028,peak,R018,10.79346,106.645499
incident,PE_R018_I029,peak,R018,10.749529,106.675785
incident,PE_R018_I030,peak,R018,10.781803,106.621569
incident,PE_R018_I031,peak,R018,10.773467,106.638984
incident,PE_R018_I032,peak,R018,10.783464,106.643476
incident,PE_R018_I033,peak,R018,10.739036,106.676131
incident,PE_R018_I034,peak,R018,10.742687,106.739728
incident,PE_R018_I035,peak,R018,10.772896,106.664777
incident,PE_R018_I036,peak,R018,10.784898,106.667712
incident,PE_R018_I037,peak,R018,10.775839,106.610163
incident,PE_R018_I038,peak,R018,10.740616,106.575997
incident,PE_R018_I039,peak,R018,10.794926,106.719727
incident,PE_R018_I040,peak,R018,10.762895,106.652966
incident,PE_R018_I041,peak,R018,10.750205,106.657212
incident,PE_R018_I042,peak,R018,10.705425,106.685369
incident,PE_R018_I043,peak,R018,10.818449,106.662846
incident,PE_R018_I044,peak,R018,10.749976,106.644001
incident,PE_R018_I045,peak,R018,10.747294,106.673004
incident,PE_R018_I046,peak,R018,10.823244,106.711627
incident,PE_R018_I047,peak,R018,10.743708,106.665442
incident,PE_R018_I048,peak,R018,10.79481,106.65707
incident,PE_R018_I049,peak,R018,10.718355,106.740049
incident,PE_R018_I050,peak,R018,10.778924,106.668929
incident,PE_R018_I051,peak,R018,10.808436,106.752486
incident,PE_R018_I052,peak,R018,10.751457,106.801378
incident,PE_R018_I053,peak,R018,10.801011,106.680929
incident,PE_R018_I054,peak,R018,10.782419,106.632732
incident,PE_R018_I055,peak,R018,10.769836,106.702859
incident,PE_R018_I056,peak,R018,10.770621,106.666002
incident,PE_R018_I057,peak,R018,10.786236,106.602158
incident,PE_R018_I058,peak,R018,10.776627,106.635784
incident,PE_R018_I059,peak,R018,10.791468,106.617238
incident,PE_R018_I060,peak,R018,10.779632,106.69413
incident,PE_R018_I061,peak,R018,10.775449,106.694038
incident,PE_R018_I062,peak,R018,10.796952,106.624651
incident,PE_R018_I063,peak,R018,10.774753,106.72403
incident,PE_R018_I064,peak,R018,10.75892,106.667448
incident,PE_R018_I065,peak,R018,10.741641,106.620932
incident,PE_R018_I066,peak,R018,10.790684,106.67041
incident,PE_R018_I067,peak,R018,10.747662,106.677803
incident,PE_R018_I068,peak,R018,10.751039,106.689856
incident,PE_R018_I069,peak,R018,10.772973,106.66169
incident,PE_R018_I070,peak,R018,10.812943,106.672358
incident,PE_R018_I071,peak,R018,10.773616,106.683901
incident,PE_R018_I072,peak,R018,10.763126,106.629421
incident,PE_R018_I073,peak,R018,10.76038,106.708998
incident,PE_R018_I074,peak,R018,10.754032,106.713905
incident,PE_R018_I075,peak,R018,10.742283,106.619827
incident,PE_R018_I076,peak,R018,10.782802,106.668825
incident,PE_R018_I077,peak,R018,10.774392,106.748625
incident,PE_R018_I078,peak,R018,10.800037,106.69512
incident,PE_R018_I079,peak,R018,10.79687,106.638462
incident,PE_R018_I080,peak,R018,10.74781,106.656033
incident,PE_R018_I081,peak,R018,10.792183,106.643457
incident,PE_R018_I082,peak,R018,10.766374,106.715159
incident,PE_R018_I083,peak,R018,10.788985,106.651804
incident,PE_R018_I084,peak,R018,10.762896,106.587058
incident,PE_R018_I085,peak,R018,10.783316,106.683822
incident,PE_R018_I086,peak,R018,10.751657,106.68666
incident,PE_R018_I087,peak,R018,10.780989,106.681414
incident,PE_R018_I088,peak,R018,10.76672,106.638657
incident,PE_R018_I089,peak,R018,10.778158,106.701844
incident,PE_R018_I090,peak,R018,10.803241,106.739687
incident,PE_R018_I091,peak,R018,10.758997,106.714255
incident,PE_R018_I092,peak,R018,10.781764,106.708146
incident,PE_R018_I093,peak,R018,10.765832,106.674185
incident,PE_R018_I094,peak,R018,10.712979,106.719079
incident,PE_R018_I095,peak,R018,10.781685,106.666135
incident,PE_R018_I096,peak,R018,10.777749,106.712161
incident,PE_R018_I097,peak,R018,10.801566,106.708876
incident,PE_R018_I098,peak,R018,10.782387,106.698991
incident,PE_R018_I099,peak,R018,10.76129,106.713123
incident,PE_R018_I100,peak,R018,10.794801,106.624337
incident,PE_R019_I001,peak,R019,10.7807,106.764735
incident,PE_R019_I002,peak,R019,10.753488,106.767605
incident,PE_R019_I003,peak,R019,10.773138,106.691162
incident,PE_R019_I004,peak,R019,10.732812,106.65232
incident,PE_R019_I005,peak,R019,10.759083,106.646981
incident,PE_R019_I006,peak,R019,10.752219,106.725347
incident,PE_R019_I007,peak,R019,10.732894,106.694944
incident,PE_R019_I008,peak,R019,10.78827,106.674615
incident,PE_R019_I009,peak,R019,10.728155,106.611165
incident,PE_R019_I010,peak,R019,10.767209,106.635741
incident,PE_R019_I011,peak,R019,10.772226,106.686103
incident,PE_R019_I012,peak,R019,10.771552,106.684861
incident,PE_R019_I013,peak,R019,10.74719,106.648349
incident,PE_R019_I014,peak,R019,10.797368,106.681526
incident,PE_R019_I015,peak,R019,10.768734,106.657653
incident,PE_R019_I016,peak,R019,10.774404,106.714273
incident,PE_R019_I017,peak,R019,10.770194,106.579841
incident,PE_R019_I018,peak,R019,10.746148,106.751266
incident,PE_R019_I019,peak,R019,10.752987,106.720284
incident,PE_R019_I020,peak,R019,10.736641,106.747054
incident,PE_R019_I021,peak,R019,10.771422,106.693841
incident,PE_R019_I022,peak,R019,10.754682,106.692099
incident,PE_R019_I023,peak,R019,10.802166,106.688197
incident,PE_R019_I024,peak,R019,10.760988,106.680314
incident,PE_R019_I025,peak,R019,10.75225,106.645548
incident,PE_R019_I026,peak,R019,10.815103,106.604193
incident,PE_R019_I027,peak,R019,10.81352,106.672432
incident,PE_R019_I028,peak,R019,10.745909,106.70269
incident,PE_R019_I029,peak,R019,10.780678,106.645373
incident,PE_R019_I030,peak,R019,10.71813,106.664781
incident,PE_R019_I031,peak,R019,10.78273,106.677008
incident,PE_R019_I032,peak,R019,10.828042,106.670497
incident,PE_R019_I033,peak,R019,10.781296,106.754327
incident,PE_R019_I034,peak,R019,10.718815,106.633457
incident,PE_R019_I035,peak,R019,10.790625,106.687661
incident,PE_R019_I036,peak,R019,10.760412,106.661539
incident,PE_R019_I037,peak,R019,10.740193,106.640332
incident,PE_R019_I038,peak,R019,10.731642,106.7037
incident,PE_R019_I039,peak,R019,10.770906,106.743049
incident,PE_R019_I040,peak,R019,10.743765,106.721344
incident,PE_R019_I041,peak,R019,10.745317,106.716669
incident,PE_R019_I042,peak,R019,10.762477,106.625141
incident,PE_R019_I043,peak,R019,10.756582,106.643011
incident,PE_R019_I044,peak,R019,10.751368,106.673103
incident,PE_R019_I045,peak,R019,10.689633,106.691142
incident,PE_R019_I046,peak,R019,10.750426,106.696762
incident,PE_R019_I047,peak,R019,10.743441,106.639018
incident,PE_R019_I048,peak,R019,10.773123,106.657081
incident,PE_R019_I049,peak,R019,10.782256,106.706059
incident,PE_R019_I050,peak,R019,10.774406,106.672252
incident,PE_R019_I051,peak,R019,10.778608,106.702286
incident,PE_R019_I052,peak,R019,10.776974,106.719742
incident,PE_R019_I053,peak,R019,10.774591,106.69004
incident,PE_R019_I054,peak,R019,10.775349,106.704299
incident,PE_R019_I055,peak,R019,10.787619,106.67833
incident,PE_R019_I056,peak,R019,10.79026,106.654861
incident,PE_R019_I057,peak,R019,10.802443,106.726905
incident,PE_R019_I058,peak,R019,10.820462,106.651963
incident,PE_R019_I059,peak,R019,10.759934,106.573025
incident,PE_R019_I060,peak,R019,10.764885,106.722098
incident,PE_R019_I061,peak,R019,10.777257,106.64443
incident,PE_R019_I062,peak,R019,10.760363,106.654354
incident,PE_R019_I063,peak,R019,10.752263,106.721114
incident,PE_R019_I064,peak,R019,10.80232,106.661965
incident,PE_R019_I065,peak,R019,10.71486,106.69999
incident,PE_R019_I066,peak,R019,10.759389,106.642626
incident,PE_R019_I067,peak,R019,10.758447,106.704715
incident,PE_R019_I068,peak,R019,10.775943,106.598387
incident,PE_R019_I069,peak,R019,10.745399,106.667302
incident,PE_R019_I070,peak,R019,10.795287,106.68533
incident,PE_R019_I071,peak,R019,10.756189,106.688568
incident,PE_R019_I072,peak,R019,10.788028,106.684101
incident,PE_R019_I073,peak,R019,10.803678,106.670588
incident,PE_R019_I074,peak,R019,10.796942,106.624029
incident,PE_R019_I075,peak,R019,10.740146,106.698459
incident,PE_R019_I076,peak,R019,10.760992,106.640395
incident,PE_R019_I077,peak,R019,10.776322,106.695246
incident,PE_R019_I078,peak,R019,10.778353,106.699281
incident,PE_R019_I079,peak,R019,10.783898,106.71153
incident,PE_R019_I080,peak,R019,10.848921,106.671704
incident,PE_R019_I081,peak,R019,10.811921,106.746134
incident,PE_R019_I082,peak,R019,10.779665,106.671419
incident,PE_R019_I083,peak,R019,10.754141,106.603864
incident,PE_R019_I084,peak,R019,10.781246,106.606459
incident,PE_R019_I085,peak,R019,10.780735,106.607166
incident,PE_R019_I086,peak,R019,10.784044,106.753898
incident,PE_R019_I087,peak,R019,10.790483,106.675589
incident,PE_R019_I088,peak,R019,10.75466,106.77266
incident,PE_R019_I089,peak,R019,10.821296,106.703107
incident,PE_R019_I090,peak,R019,10.765758,106.687505
incident,PE_R019_I091,peak,R019,10.744924,106.679828
incident,PE_R019_I092,peak,R019,10.76361,106.7097
incident,PE_R019_I093,peak,R019,10.749929,106.612444
incident,PE_R019_I094,peak,R019,10.746966,106.665796
incident,PE_R019_I095,peak,R019,10.74684,106.670271
incident,PE_R019_I096,peak,R019,10.763845,106.667723
incident,PE_R019_I097,peak,R019,10.778212,106.669752
incident,PE_R019_I098,peak,R019,10.787127,106.724765
incident,PE_R019_I099,peak,R019,10.792785,106.696209
incident,PE_R019_I100,peak,R019,10.788567,106.713413
incident,PE_R020_I001,peak,R020,10.771436,106.698656
incident,PE_R020_I002,peak,R020,10.803531,106.661267
incident,PE_R020_I003,peak,R020,10.734843,106.607323
incident,PE_R020_I004,peak,R020,10.800358,106.678181
incident,PE_R020_I005,peak,R020,10.761573,106.676025
incident,PE_R020_I006,peak,R020,10.789673,106.701904
incident,PE_R020_I007,peak,R020,10.788128,106.699357
incident,PE_R020_I008,peak,R020,10.760807,106.67026
incident,PE_R020_I009,peak,R020,10.767191,106.707973
incident,PE_R020_I010,peak,R020,10.799891,106.721606
incident,PE_R020_I011,peak,R020,10.727073,106.718077
incident,PE_R020_I012,peak,R020,10.741605,106.67766
incident,PE_R020_I013,peak,R020,10.773485,106.686516
incident,PE_R020_I014,peak,R020,10.756754,106.627166
incident,PE_R020_I015,peak,R020,10.723216,106.699023
incident,PE_R020_I016,peak,R020,10.79787,106.623429
incident,PE_R020_I017,peak,R020,10.744829,106.662115
incident,PE_R020_I018,peak,R020,10.767123,106.73191
incident,PE_R020_I019,peak,R020,10.759018,106.61193
incident,PE_R020_I020,peak,R020,10.758947,106.700362
incident,PE_R020_I021,peak,R020,10.739313,106.667813
incident,PE_R020_I022,peak,R020,10.797417,106.653465
incident,PE_R020_I023,peak,R020,10.712764,106.685575
incident,PE_R020_I024,peak,R020,10.765438,106.731936
incident,PE_R020_I025,peak,R020,10.780716,106.71021
incident,PE_R020_I026,peak,R020,10.764831,106.672997
incident,PE_R020_I027,peak,R020,10.749723,106.724268
incident,PE_R020_I028,peak,R020,10.763413,106.657405
incident,PE_R020_I029,peak,R020,10.766847,106.692285
incident,PE_R020_I030,peak,R020,10.76719,106.665149
incident,PE_R020_I031,peak,R020,10.733544,106.686049
incident,PE_R020_I032,peak,R020,10.740585,106.676021
incident,PE_R020_I033,peak,R020,10.774225,106.722542
incident,PE_R020_I034,peak,R020,10.784786,106.682121
incident,PE_R020_I035,peak,R020,10.768775,106.682191
incident,PE_R020_I036,peak,R020,10.752864,106.575838
incident,PE_R020_I037,peak,R020,10.785165,106.726597
incident,PE_R020_I038,peak,R020,10.819734,106.690158
incident,PE_R020_I039,peak,R020,10.769096,106.679667
incident,PE_R020_I040,peak,R020,10.766574,106.649645
incident,PE_R020_I041,peak,R020,10.810682,106.672672
incident,PE_R020_I042,peak,R020,10.770912,106.718154
incident,PE_R020_I043,peak,R020,10.768991,106.688827
incident,PE_R020_I044,peak,R020,10.806088,106.711029
incident,PE_R020_I045,peak,R020,10.792694,106.728981
incident,PE_R020_I046,peak,R020,10.750307,106.612827
incident,PE_R020_I047,peak,R020,10.753084,106.658293
incident,PE_R020_I048,peak,R020,10.758454,106.679979
incident,PE_R020_I049,peak,R020,10.73806,106.730814
incident,PE_R020_I050,peak,R020,10.79867,106.726631
incident,PE_R020_I051,peak,R020,10.786383,106.686945
incident,PE_R020_I052,peak,R020,10.761002,106.649473
incident,PE_R020_I053,peak,R020,10.791292,106.629326
incident,PE_R020_I054,peak,R020,10.763514,106.686458
incident,PE_R020_I055,peak,R020,10.763055,106.672876
incident,PE_R020_I056,peak,R020,10.797357,106.688395
incident,PE_R020_I057,peak,R020,10.778414,106.699449
incident,PE_R020_I058,peak,R020,10.806988,106.660189
incident,PE_R020_I059,peak,R020,10.76567,106.634871
incident,PE_R020_I060,peak,R020,10.774884,106.687266
incident,PE_R020_I061,peak,R020,10.755777,106.698547
incident,PE_R020_I062,peak,R020,10.779973,106.681186
incident,PE_R020_I063,peak,R020,10.79481,106.595228
incident,PE_R020_I064,peak,R020,10.735738,106.668179
incident,PE_R020_I065,peak,R020,10.781186,106.773464
incident,PE_R020_I066,peak,R020,10.74985,106.669186
incident,PE_R020_I067,peak,R020,10.782403,106.63332
incident,PE_R020_I068,peak,R020,10.731846,106.726621
incident,PE_R020_I069,peak,R020,10.755365,106.664507
incident,PE_R020_I070,peak,R020,10.776875,106.598662
incident,PE_R020_I071,peak,R020,10.762135,106.636656
incident,PE_R020_I072,peak,R020,10.808676,106.731188
incident,PE_R020_I073,peak,R020,10.765287,106.656947
incident,PE_R020_I074,peak,R020,10.797771,106.634764
incident,PE_R020_I075,peak,R020,10.75525,106.759183
incident,PE_R020_I076,peak,R020,10.754561,106.661284
incident,PE_R020_I077,peak,R020,10.752037,106.760523
incident,PE_R020_I078,peak,R020,10.795151,106.651585
incident,PE_R020_I079,peak,R020,10.752042,106.660135
incident,PE_R020_I080,peak,R020,10.757466,106.703302
incident,PE_R020_I081,peak,R020,10.784265,106.652207
incident,PE_R020_I082,peak,R020,10.75587,106.65412
incident,PE_R020_I083,peak,R020,10.782974,106.651168
incident,PE_R020_I084,peak,R020,10.762161,106.652801
incident,PE_R020_I085,peak,R020,10.786952,106.657514
incident,PE_R020_I086,peak,R020,10.788041,106.705391
incident,PE_R020_I087,peak,R020,10.781104,106.691512
incident,PE_R020_I088,peak,R020,10.744293,106.682469
incident,PE_R020_I089,peak,R020,10.758203,106.669194
incident,PE_R020_I090,peak,R020,10.765981,106.636731
incident,PE_R020_I091,peak,R020,10.808443,106.640348
incident,PE_R020_I092,peak,R020,10.781095,106.723993
incident,PE_R020_I093,peak,R020,10.770386,106.689145
incident,PE_R020_I094,peak,R020,10.752794,106.722982
incident,PE_R020_I095,peak,R020,10.73615,106.732268
incident,PE_R020_I096,peak,R020,10.818505,106.61375
incident,PE_R020_I097,peak,R020,10.780865,106.677036
incident,PE_R020_I098,peak,R020,10.784153,106.707488
incident,PE_R020_I099,peak,R020,10.810281,106.65717
incident,PE_R020_I100,peak,R020,10.789409,106.702502
incident,PE_R021_I001,peak,R021,10.766034,106.698098
incident,PE_R021_I002,peak,R021,10.77226,106.661775
incident,PE_R021_I003,peak,R021,10.796817,106.680589
incident,PE_R021_I004,peak,R021,10.763142,106.678011
incident,PE_R021_I005,peak,R021,10.786195,106.753784
incident,PE_R021_I006,peak,R021,10.823922,106.682953
incident,PE_R021_I007,peak,R021,10.816151,106.72087
incident,PE_R021_I008,peak,R021,10.774958,106.659874
incident,PE_R021_I009,peak,R021,10.76689,106.699451
incident,PE_R021_I010,peak,R021,10.790498,106.651258
incident,PE_R021_I011,peak,R021,10.766885,106.672906
incident,PE_R021_I012,peak,R021,10.770155,106.677574
incident,PE_R021_I013,peak,R021,10.757957,106.643383
incident,PE_R021_I014,peak,R021,10.788795,106.740039
incident,PE_R021_I015,peak,R021,10.776765,106.632116
incident,PE_R021_I016,peak,R021,10.767905,106.680075
incident,PE_R021_I017,peak,R021,10.785074,106.627655
incident,PE_R021_I018,peak,R021,10.725041,106.688493
incident,PE_R021_I019,peak,R021,10.766038,106.718923
incident,PE_R021_I020,peak,R021,10.791119,106.636661
incident,PE_R021_I021,peak,R021,10.795999,106.65524
incident,PE_R021_I022,peak,R021,10.775621,106.618357
incident,PE_R021_I023,peak,R021,10.756551,106.716891
incident,PE_R021_I024,peak,R021,10.774661,106.710322
incident,PE_R021_I025,peak,R021,10.779961,106.726843
incident,PE_R021_I026,peak,R021,10.777827,106.651673
incident,PE_R021_I027,peak,R021,10.7266,106.664546
incident,PE_R021_I028,peak,R021,10.780764,106.705401
incident,PE_R021_I029,peak,R021,10.748166,106.629982
incident,PE_R021_I030,peak,R021,10.778999,106.654769
incident,PE_R021_I031,peak,R021,10.743158,106.663532
incident,PE_R021_I032,peak,R021,10.769672,106.671568
incident,PE_R021_I033,peak,R021,10.740318,106.66576
incident,PE_R021_I034,peak,R021,10.787837,106.67403
incident,PE_R021_I035,peak,R021,10.761702,106.637809
incident,PE_R021_I036,peak,R021,10.757937,106.641991
incident,PE_R021_I037,peak,R021,10.774487,106.70193
incident,PE_R021_I038,peak,R021,10.764577,106.71317
incident,PE_R021_I039,peak,R021,10.764133,106.622284
incident,PE_R021_I040,peak,R021,10.772333,106.639263
incident,PE_R021_I041,peak,R021,10.777776,106.627401
incident,PE_R021_I042,peak,R021,10.725059,106.641646
incident,PE_R021_I043,peak,R021,10.776514,106.677459
incident,PE_R021_I044,peak,R021,10.771587,106.721229
incident,PE_R021_I045,peak,R021,10.785693,106.65439
incident,PE_R021_I046,peak,R021,10.832175,106.588592
incident,PE_R021_I047,peak,R021,10.78505,106.645571
incident,PE_R021_I048,peak,R021,10.778696,106.741663
incident,PE_R021_I049,peak,R021,10.819369,106.65885
incident,PE_R021_I050,peak,R021,10.766802,106.628827
incident,PE_R021_I051,peak,R021,10.771154,106.725124
incident,PE_R021_I052,peak,R021,10.747799,106.740057
incident,PE_R021_I053,peak,R021,10.773365,106.712265
incident,PE_R021_I054,peak,R021,10.732251,106.69298
incident,PE_R021_I055,peak,R021,10.764505,106.712867
incident,PE_R021_I056,peak,R021,10.782514,106.644996
incident,PE_R021_I057,peak,R021,10.755856,106.74337
incident,PE_R021_I058,peak,R021,10.826818,106.6657
incident,PE_R021_I059,peak,R021,10.794102,106.702076
incident,PE_R021_I060,peak,R021,10.785282,106.709249
incident,PE_R021_I061,peak,R021,10.78609,106.678447
incident,PE_R021_I062,peak,R021,10.76713,106.752488
incident,PE_R021_I063,peak,R021,10.759468,106.668211
incident,PE_R021_I064,peak,R021,10.78577,106.714955
incident,PE_R021_I065,peak,R021,10.764877,106.711568
incident,PE_R021_I066,peak,R021,10.76949,106.671379
incident,PE_R021_I067,peak,R021,10.801047,106.673625
incident,PE_R021_I068,peak,R021,10.773924,106.672702
incident,PE_R021_I069,peak,R021,10.787288,106.668489
incident,PE_R021_I070,peak,R021,10.755908,106.639355
incident,PE_R021_I071,peak,R021,10.733413,106.613976
incident,PE_R021_I072,peak,R021,10.771376,106.675373
incident,PE_R021_I073,peak,R021,10.831321,106.6968
incident,PE_R021_I074,peak,R021,10.692701,106.654527
incident,PE_R021_I075,peak,R021,10.786799,106.679964
incident,PE_R021_I076,peak,R021,10.791706,106.695001
incident,PE_R021_I077,peak,R021,10.708486,106.717604
incident,PE_R021_I078,peak,R021,10.747637,106.668316
incident,PE_R021_I079,peak,R021,10.776423,106.725248
incident,PE_R021_I080,peak,R021,10.731355,106.678307
incident,PE_R021_I081,peak,R021,10.76715,106.707223
incident,PE_R021_I082,peak,R021,10.799866,106.694774
incident,PE_R021_I083,peak,R021,10.781596,106.698692
incident,PE_R021_I084,peak,R021,10.798265,106.643881
incident,PE_R021_I085,peak,R021,10.789576,106.686761
incident,PE_R021_I086,peak,R021,10.764269,106.676574
incident,PE_R021_I087,peak,R021,10.758452,106.616255
incident,PE_R021_I088,peak,R021,10.779854,106.653032
incident,PE_R021_I089,peak,R021,10.769979,106.68018
incident,PE_R021_I090,peak,R021,10.738119,106.650093
incident,PE_R021_I091,peak,R021,10.766575,106.670173
incident,PE_R021_I092,peak,R021,10.772804,106.695986
incident,PE_R021_I093,peak,R021,10.760949,106.665359
incident,PE_R021_I094,peak,R021,10.76788,106.683986
incident,PE_R021_I095,peak,R021,10.736489,106.69897
incident,PE_R021_I096,peak,R021,10.748108,106.758863
incident,PE_R021_I097,peak,R021,10.794472,106.61268
incident,PE_R021_I098,peak,R021,10.714273,106.702349
incident,PE_R021_I099,peak,R021,10.744192,106.730692
incident,PE_R021_I100,peak,R021,10.741485,106.686779
incident,PE_R022_I001,peak,R022,10.731098,106.708501
incident,PE_R022_I002,peak,R022,10.782125,106.639615
incident,PE_R022_I003,peak,R022,10.804362,106.646473
incident,PE_R022_I004,peak,R022,10.764764,106.71195
incident,PE_R022_I005,peak,R022,10.776541,106.668884
incident,PE_R022_I006,peak,R022,10.75291,106.638027
incident,PE_R022_I007,peak,R022,10.775319,106.71324
incident,PE_R022_I008,peak,R022,10.761437,106.678459
incident,PE_R022_I009,peak,R022,10.778061,106.70131
incident,PE_R022_I010,peak,R022,10.806409,106.689287
incident,PE_R022_I011,peak,R022,10.775714,106.666856
incident,PE_R022_I012,peak,R022,10.782977,106.720375
incident,PE_R022_I013,peak,R022,10.736541,106.649227
incident,PE_R022_I014,peak,R022,10.852607,106.645919
incident,PE_R022_I015,peak,R022,10.804047,106.667829
incident,PE_R022_I016,peak,R022,10.790823,106.681032
incident,PE_R022_I017,peak,R022,10.774851,106.643245
incident,PE_R022_I018,peak,R022,10.765349,106.661805
incident,PE_R022_I019,peak,R022,10.75385,106.657149
incident,PE_R022_I020,peak,R022,10.768757,106.72829
incident,PE_R022_I021,peak,R022,10.751969,106.746183
incident,PE_R022_I022,peak,R022,10.757171,106.682817
incident,PE_R022_I023,peak,R022,10.835681,106.646322
incident,PE_R022_I024,peak,R022,10.766625,106.687156
incident,PE_R022_I025,peak,R022,10.770247,106.665665
incident,PE_R022_I026,peak,R022,10.842137,106.727688
incident,PE_R022_I027,peak,R022,10.833458,106.676409
incident,PE_R022_I028,peak,R022,10.731788,106.646227
incident,PE_R022_I029,peak,R022,10.771105,106.658041
incident,PE_R022_I030,peak,R022,10.778875,106.683782
incident,PE_R022_I031,peak,R022,10.783461,106.62463
incident,PE_R022_I032,peak,R022,10.803459,106.670148
incident,PE_R022_I033,peak,R022,10.801314,106.653664
incident,PE_R022_I034,peak,R022,10.792549,106.635929
incident,PE_R022_I035,peak,R022,10.756459,106.702264
incident,PE_R022_I036,peak,R022,10.715389,106.675327
incident,PE_R022_I037,peak,R022,10.753083,106.746001
incident,PE_R022_I038,peak,R022,10.791193,106.666379
incident,PE_R022_I039,peak,R022,10.766469,106.732129
incident,PE_R022_I040,peak,R022,10.792928,106.65779
incident,PE_R022_I041,peak,R022,10.798577,106.711643
incident,PE_R022_I042,peak,R022,10.703626,106.677264
incident,PE_R022_I043,peak,R022,10.764867,106.644894
incident,PE_R022_I044,peak,R022,10.727545,106.702359
incident,PE_R022_I045,peak,R022,10.782497,106.633354
incident,PE_R022_I046,peak,R022,10.783977,106.709073
incident,PE_R022_I047,peak,R022,10.802433,106.728115
incident,PE_R022_I048,peak,R022,10.760832,106.681981
incident,PE_R022_I049,peak,R022,10.745168,106.701496
incident,PE_R022_I050,peak,R022,10.764631,106.684033
incident,PE_R022_I051,peak,R022,10.801356,106.699824
incident,PE_R022_I052,peak,R022,10.776457,106.673919
incident,PE_R022_I053,peak,R022,10.773391,106.617121
incident,PE_R022_I054,peak,R022,10.786143,106.669182
incident,PE_R022_I055,peak,R022,10.759364,106.675053
incident,PE_R022_I056,peak,R022,10.792301,106.734693
incident,PE_R022_I057,peak,R022,10.760314,106.713193
incident,PE_R022_I058,peak,R022,10.785262,106.677323
incident,PE_R022_I059,peak,R022,10.783727,106.696658
incident,PE_R022_I060,peak,R022,10.731379,106.686481
incident,PE_R022_I061,peak,R022,10.78802,106.709895
incident,PE_R022_I062,peak,R022,10.782896,106.626877
incident,PE_R022_I063,peak,R022,10.788803,106.620864
incident,PE_R022_I064,peak,R022,10.758955,106.689644
incident,PE_R022_I065,peak,R022,10.739607,106.686014
incident,PE_R022_I066,peak,R022,10.768417,106.680735
incident,PE_R022_I067,peak,R022,10.775332,106.667786
incident,PE_R022_I068,peak,R022,10.764253,106.706362
incident,PE_R022_I069,peak,R022,10.798253,106.696522
incident,PE_R022_I070,peak,R022,10.821986,106.750096
incident,PE_R022_I071,peak,R022,10.765385,106.679187
incident,PE_R022_I072,peak,R022,10.788324,106.694434
incident,PE_R022_I073,peak,R022,10.745162,106.666377
incident,PE_R022_I074,peak,R022,10.782816,106.723752
incident,PE_R022_I075,peak,R022,10.793555,106.620895
incident,PE_R022_I076,peak,R022,10.743347,106.629693
incident,PE_R022_I077,peak,R022,10.785855,106.69203
incident,PE_R022_I078,peak,R022,10.784921,106.67445
incident,PE_R022_I079,peak,R022,10.811223,106.701372
incident,PE_R022_I080,peak,R022,10.772203,106.636799
incident,PE_R022_I081,peak,R022,10.748463,106.70803
incident,PE_R022_I082,peak,R022,10.792475,106.668502
incident,PE_R022_I083,peak,R022,10.75181,106.698662
incident,PE_R022_I084,peak,R022,10.772586,106.701362
incident,PE_R022_I085,peak,R022,10.783169,106.669268
incident,PE_R022_I086,peak,R022,10.743717,106.728061
incident,PE_R022_I087,peak,R022,10.834395,106.627297
incident,PE_R022_I088,peak,R022,10.79875,106.687811
incident,PE_R022_I089,peak,R022,10.7519,106.640821
incident,PE_R022_I090,peak,R022,10.834932,106.707169
incident,PE_R022_I091,peak,R022,10.715181,106.665391
incident,PE_R022_I092,peak,R022,10.784652,106.635465
incident,PE_R022_I093,peak,R022,10.75388,106.653549
incident,PE_R022_I094,peak,R022,10.768654,106.674418
incident,PE_R022_I095,peak,R022,10.777784,106.685638
incident,PE_R022_I096,peak,R022,10.731818,106.662548
incident,PE_R022_I097,peak,R022,10.804552,106.699822
incident,PE_R022_I098,peak,R022,10.757802,106.705
incident,PE_R022_I099,peak,R022,10.789807,106.670351
incident,PE_R022_I100,peak,R022,10.745646,106.657095
incident,PE_R023_I001,peak,R023,10.78843,106.698046
incident,PE_R023_I002,peak,R023,10.760975,106.730551
incident,PE_R023_I003,peak,R023,10.755024,106.693587
incident,PE_R023_I004,peak,R023,10.748627,106.732932
incident,PE_R023_I005,peak,R023,10.720291,106.665633
incident,PE_R023_I006,peak,R023,10.775719,106.627772
incident,PE_R023_I007,peak,R023,10.781244,106.633283
incident,PE_R023_I008,peak,R023,10.774884,106.739751
incident,PE_R023_I009,peak,R023,10.753809,106.675107
incident,PE_R023_I010,peak,R023,10.781382,106.705496
incident,PE_R023_I011,peak,R023,10.738197,106.689278
incident,PE_R023_I012,peak,R023,10.76564,106.671509
incident,PE_R023_I013,peak,R023,10.791969,106.646199
incident,PE_R023_I014,peak,R023,10.743957,106.640012
incident,PE_R023_I015,peak,R023,10.752701,106.656748
incident,PE_R023_I016,peak,R023,10.801029,106.660095
incident,PE_R023_I017,peak,R023,10.762986,106.659372
incident,PE_R023_I018,peak,R023,10.801459,106.741249
incident,PE_R023_I019,peak,R023,10.751196,106.666163
incident,PE_R023_I020,peak,R023,10.778035,106.793405
incident,PE_R023_I021,peak,R023,10.782262,106.66834
incident,PE_R023_I022,peak,R023,10.749563,106.771875
incident,PE_R023_I023,peak,R023,10.783871,106.696611
incident,PE_R023_I024,peak,R023,10.788597,106.647818
incident,PE_R023_I025,peak,R023,10.727455,106.682486
incident,PE_R023_I026,peak,R023,10.736642,106.673213
incident,PE_R023_I027,peak,R023,10.773607,106.639499
incident,PE_R023_I028,peak,R023,10.762539,106.641884
incident,PE_R023_I029,peak,R023,10.742422,106.705499
incident,PE_R023_I030,peak,R023,10.779214,106.644291
incident,PE_R023_I031,peak,R023,10.743142,106.663737
incident,PE_R023_I032,peak,R023,10.755185,106.732677
incident,PE_R023_I033,peak,R023,10.778098,106.674181
incident,PE_R023_I034,peak,R023,10.741574,106.663623
incident,PE_R023_I035,peak,R023,10.752553,106.650092
incident,PE_R023_I036,peak,R023,10.826042,106.704688
incident,PE_R023_I037,peak,R023,10.796625,106.628738
incident,PE_R023_I038,peak,R023,10.743013,106.691418
incident,PE_R023_I039,peak,R023,10.770843,106.72359
incident,PE_R023_I040,peak,R023,10.7991,106.639458
incident,PE_R023_I041,peak,R023,10.764522,106.636863
incident,PE_R023_I042,peak,R023,10.763476,106.672862
incident,PE_R023_I043,peak,R023,10.752648,106.70415
incident,PE_R023_I044,peak,R023,10.757894,106.629673
incident,PE_R023_I045,peak,R023,10.757644,106.614914
incident,PE_R023_I046,peak,R023,10.754909,106.697392
incident,PE_R023_I047,peak,R023,10.76952,106.717797
incident,PE_R023_I048,peak,R023,10.789852,106.730688
incident,PE_R023_I049,peak,R023,10.733179,106.602778
incident,PE_R023_I050,peak,R023,10.752233,106.625024
incident,PE_R023_I051,peak,R023,10.723553,106.679195
incident,PE_R023_I052,peak,R023,10.809389,106.678145
incident,PE_R023_I053,peak,R023,10.794107,106.693775
incident,PE_R023_I054,peak,R023,10.788722,106.678059
incident,PE_R023_I055,peak,R023,10.730749,106.627653
incident,PE_R023_I056,peak,R023,10.748036,106.667362
incident,PE_R023_I057,peak,R023,10.732242,106.709951
incident,PE_R023_I058,peak,R023,10.766643,106.656492
incident,PE_R023_I059,peak,R023,10.767052,106.667877
incident,PE_R023_I060,peak,R023,10.762564,106.669745
incident,PE_R023_I061,peak,R023,10.748976,106.70157
incident,PE_R023_I062,peak,R023,10.772665,106.68187
incident,PE_R023_I063,peak,R023,10.747143,106.688766
incident,PE_R023_I064,peak,R023,10.740817,106.696423
incident,PE_R023_I065,peak,R023,10.73058,106.670082
incident,PE_R023_I066,peak,R023,10.78335,106.655825
incident,PE_R023_I067,peak,R023,10.76724,106.66869
incident,PE_R023_I068,peak,R023,10.726897,106.660611
incident,PE_R023_I069,peak,R023,10.715213,106.700659
incident,PE_R023_I070,peak,R023,10.768879,106.613379
incident,PE_R023_I071,peak,R023,10.76284,106.73184
incident,PE_R023_I072,peak,R023,10.755053,106.677489
incident,PE_R023_I073,peak,R023,10.76006,106.687244
incident,PE_R023_I074,peak,R023,10.719796,106.723327
incident,PE_R023_I075,peak,R023,10.761982,106.6407
incident,PE_R023_I076,peak,R023,10.78359,106.66181
incident,PE_R023_I077,peak,R023,10.778107,106.662873
incident,PE_R023_I078,peak,R023,10.758116,106.696671
incident,PE_R023_I079,peak,R023,10.785813,106.693984
incident,PE_R023_I080,peak,R023,10.762809,106.673808
incident,PE_R023_I081,peak,R023,10.781855,106.678296
incident,PE_R023_I082,peak,R023,10.781292,106.686929
incident,PE_R023_I083,peak,R023,10.76781,106.690644
incident,PE_R023_I084,peak,R023,10.733887,106.652282
incident,PE_R023_I085,peak,R023,10.772598,106.636945
incident,PE_R023_I086,peak,R023,10.787523,106.578793
incident,PE_R023_I087,peak,R023,10.753047,106.60419
incident,PE_R023_I088,peak,R023,10.75011,106.68176
incident,PE_R023_I089,peak,R023,10.762113,106.692811
incident,PE_R023_I090,peak,R023,10.746677,106.636379
incident,PE_R023_I091,peak,R023,10.782164,106.686871
incident,PE_R023_I092,peak,R023,10.730809,106.683745
incident,PE_R023_I093,peak,R023,10.758796,106.717789
incident,PE_R023_I094,peak,R023,10.745661,106.644621
incident,PE_R023_I095,peak,R023,10.741004,106.650129
incident,PE_R023_I096,peak,R023,10.785548,106.652461
incident,PE_R023_I097,peak,R023,10.743367,106.673812
incident,PE_R023_I098,peak,R023,10.726687,106.687299
incident,PE_R023_I099,peak,R023,10.805754,106.618021
incident,PE_R023_I100,peak,R023,10.779897,106.657096
incident,PE_R024_I001,peak,R024,10.741304,106.663805
incident,PE_R024_I002,peak,R024,10.775296,106.606999
incident,PE_R024_I003,peak,R024,10.763173,106.678275
incident,PE_R024_I004,peak,R024,10.759633,106.636372
incident,PE_R024_I005,peak,R024,10.786462,106.693713
incident,PE_R024_I006,peak,R024,10.759061,106.717274
incident,PE_R024_I007,peak,R024,10.787475,106.656114
incident,PE_R024_I008,peak,R024,10.726086,106.70441
incident,PE_R024_I009,peak,R024,10.78836,106.66735
incident,PE_R024_I010,peak,R024,10.744397,106.658008
incident,PE_R024_I011,peak,R024,10.742455,106.672061
incident,PE_R024_I012,peak,R024,10.806342,106.669565
incident,PE_R024_I013,peak,R024,10.828831,106.691346
incident,PE_R024_I014,peak,R024,10.741579,106.694483
incident,PE_R024_I015,peak,R024,10.78369,106.599246
incident,PE_R024_I016,peak,R024,10.753479,106.717389
incident,PE_R024_I017,peak,R024,10.780934,106.671768
incident,PE_R024_I018,peak,R024,10.752211,106.710885
incident,PE_R024_I019,peak,R024,10.781974,106.735643
incident,PE_R024_I020,peak,R024,10.711347,106.708446
incident,PE_R024_I021,peak,R024,10.781405,106.664308
incident,PE_R024_I022,peak,R024,10.820207,106.682701
incident,PE_R024_I023,peak,R024,10.823398,106.755221
incident,PE_R024_I024,peak,R024,10.757439,106.637982
incident,PE_R024_I025,peak,R024,10.769558,106.645866
incident,PE_R024_I026,peak,R024,10.77676,106.735946
incident,PE_R024_I027,peak,R024,10.770585,106.690046
incident,PE_R024_I028,peak,R024,10.802284,106.629196
incident,PE_R024_I029,peak,R024,10.80018,106.708188
incident,PE_R024_I030,peak,R024,10.773642,106.666298
incident,PE_R024_I031,peak,R024,10.838296,106.687047
incident,PE_R024_I032,peak,R024,10.772836,106.7284
incident,PE_R024_I033,peak,R024,10.782332,106.676817
incident,PE_R024_I034,peak,R024,10.764897,106.664927
incident,PE_R024_I035,peak,R024,10.73831,106.659428
incident,PE_R024_I036,peak,R024,10.723841,106.690754
incident,PE_R024_I037,peak,R024,10.75773,106.700965
incident,PE_R024_I038,peak,R024,10.770078,106.686278
incident,PE_R024_I039,peak,R024,10.777841,106.67337
incident,PE_R024_I040,peak,R024,10.761487,106.63098
incident,PE_R024_I041,peak,R024,10.727627,106.687708
incident,PE_R024_I042,peak,R024,10.780835,106.697342
incident,PE_R024_I043,peak,R024,10.789834,106.659766
incident,PE_R024_I044,peak,R024,10.789135,106.658021
incident,PE_R024_I045,peak,R024,10.755916,106.644338
incident,PE_R024_I046,peak,R024,10.732503,106.620895
incident,PE_R024_I047,peak,R024,10.761578,106.685874
incident,PE_R024_I048,peak,R024,10.725378,106.666691
incident,PE_R024_I049,peak,R024,10.77329,106.702337
incident,PE_R024_I050,peak,R024,10.754638,106.724287
incident,PE_R024_I051,peak,R024,10.770082,106.710325
incident,PE_R024_I052,peak,R024,10.798281,106.677624
incident,PE_R024_I053,peak,R024,10.803977,106.645273
incident,PE_R024_I054,peak,R024,10.744605,106.681801
incident,PE_R024_I055,peak,R024,10.771557,106.651713
incident,PE_R024_I056,peak,R024,10.795471,106.638457
incident,PE_R024_I057,peak,R024,10.773161,106.706259
incident,PE_R024_I058,peak,R024,10.784152,106.643343
incident,PE_R024_I059,peak,R024,10.790967,106.675161
incident,PE_R024_I060,peak,R024,10.744158,106.673044
incident,PE_R024_I061,peak,R024,10.816767,106.672481
incident,PE_R024_I062,peak,R024,10.751146,106.645819
incident,PE_R024_I063,peak,R024,10.780181,106.694666
incident,PE_R024_I064,peak,R024,10.752251,106.665693
incident,PE_R024_I065,peak,R024,10.796042,106.70722
incident,PE_R024_I066,peak,R024,10.829528,106.721183
incident,PE_R024_I067,peak,R024,10.784135,106.646762
incident,PE_R024_I068,peak,R024,10.790178,106.711423
incident,PE_R024_I069,peak,R024,10.757864,106.630279
incident,PE_R024_I070,peak,R024,10.749961,106.724489
incident,PE_R024_I071,peak,R024,10.736456,106.643106
incident,PE_R024_I072,peak,R024,10.781353,106.65445
incident,PE_R024_I073,peak,R024,10.756139,106.617653
incident,PE_R024_I074,peak,R024,10.780282,106.747011
incident,PE_R024_I075,peak,R024,10.792261,106.681919
incident,PE_R024_I076,peak,R024,10.783303,106.707252
incident,PE_R024_I077,peak,R024,10.811115,106.726757
incident,PE_R024_I078,peak,R024,10.779914,106.647312
incident,PE_R024_I079,peak,R024,10.787707,106.646467
incident,PE_R024_I080,peak,R024,10.754633,106.712185
incident,PE_R024_I081,peak,R024,10.709309,106.660464
incident,PE_R024_I082,peak,R024,10.779487,106.752538
incident,PE_R024_I083,peak,R024,10.771099,106.656536
incident,PE_R024_I084,peak,R024,10.784587,106.647599
incident,PE_R024_I085,peak,R024,10.771266,106.733498
incident,PE_R024_I086,peak,R024,10.723834,106.674415
incident,PE_R024_I087,peak,R024,10.751955,106.655314
incident,PE_R024_I088,peak,R024,10.803386,106.712967
incident,PE_R024_I089,peak,R024,10.780905,106.691995
incident,PE_R024_I090,peak,R024,10.815058,106.665275
incident,PE_R024_I091,peak,R024,10.786641,106.654636
incident,PE_R024_I092,peak,R024,10.803342,106.665028
incident,PE_R024_I093,peak,R024,10.780684,106.696883
incident,PE_R024_I094,peak,R024,10.793827,106.68933
incident,PE_R024_I095,peak,R024,10.752648,106.684851
incident,PE_R024_I096,peak,R024,10.754658,106.590199
incident,PE_R024_I097,peak,R024,10.727364,106.728296
incident,PE_R024_I098,peak,R024,10.78011,106.703325
incident,PE_R024_I099,peak,R024,10.753767,106.682174
incident,PE_R024_I100,peak,R024,10.770804,106.622393
incident,PE_R025_I001,peak,R025,10.764431,106.666575
incident,PE_R025_I002,peak,R025,10.810743,106.665194
incident,PE_R025_I003,peak,R025,10.751854,106.631758
incident,PE_R025_I004,peak,R025,10.763392,106.676761
incident,PE_R025_I005,peak,R025,10.746088,106.736903
incident,PE_R025_I006,peak,R025,10.731912,106.63043
incident,PE_R025_I007,peak,R025,10.754517,106.680163
incident,PE_R025_I008,peak,R025,10.798883,106.716551
incident,PE_R025_I009,peak,R025,10.806339,106.625756
incident,PE_R025_I010,peak,R025,10.773723,106.668266
incident,PE_R025_I011,peak,R025,10.805674,106.693867
incident,PE_R025_I012,peak,R025,10.745334,106.683513
incident,PE_R025_I013,peak,R025,10.767886,106.6854
incident,PE_R025_I014,peak,R025,10.814539,106.69971
incident,PE_R025_I015,peak,R025,10.756202,106.692249
incident,PE_R025_I016,peak,R025,10.745315,106.662844
incident,PE_R025_I017,peak,R025,10.744062,106.620757
incident,PE_R025_I018,peak,R025,10.795976,106.677402
incident,PE_R025_I019,peak,R025,10.790603,106.635619
incident,PE_R025_I020,peak,R025,10.760244,106.680648
incident,PE_R025_I021,peak,R025,10.812614,106.74978
incident,PE_R025_I022,peak,R025,10.769808,106.651349
incident,PE_R025_I023,peak,R025,10.742768,106.692269
incident,PE_R025_I024,peak,R025,10.804267,106.648989
incident,PE_R025_I025,peak,R025,10.730084,106.669431
incident,PE_R025_I026,peak,R025,10.789889,106.782488
incident,PE_R025_I027,peak,R025,10.773171,106.616782
incident,PE_R025_I028,peak,R025,10.714103,106.669344
incident,PE_R025_I029,peak,R025,10.788173,106.683161
incident,PE_R025_I030,peak,R025,10.758467,106.656799
incident,PE_R025_I031,peak,R025,10.779527,106.659894
incident,PE_R025_I032,peak,R025,10.751572,106.701578
incident,PE_R025_I033,peak,R025,10.810063,106.619248
incident,PE_R025_I034,peak,R025,10.749831,106.672477
incident,PE_R025_I035,peak,R025,10.771049,106.70956
incident,PE_R025_I036,peak,R025,10.790516,106.711667
incident,PE_R025_I037,peak,R025,10.738223,106.647766
incident,PE_R025_I038,peak,R025,10.747191,106.710163
incident,PE_R025_I039,peak,R025,10.778395,106.611762
incident,PE_R025_I040,peak,R025,10.75682,106.734983
incident,PE_R025_I041,peak,R025,10.776079,106.653257
incident,PE_R025_I042,peak,R025,10.779283,106.666488
incident,PE_R025_I043,peak,R025,10.783307,106.724926
incident,PE_R025_I044,peak,R025,10.777237,106.659008
incident,PE_R025_I045,peak,R025,10.779277,106.685994
incident,PE_R025_I046,peak,R025,10.719122,106.667477
incident,PE_R025_I047,peak,R025,10.767017,106.613966
incident,PE_R025_I048,peak,R025,10.748218,106.73475
incident,PE_R025_I049,peak,R025,10.768738,106.675009
incident,PE_R025_I050,peak,R025,10.76784,106.708206
incident,PE_R025_I051,peak,R025,10.779658,106.697009
incident,PE_R025_I052,peak,R025,10.77473,106.702726
incident,PE_R025_I053,peak,R025,10.795707,106.725904
incident,PE_R025_I054,peak,R025,10.766139,106.673016
incident,PE_R025_I055,peak,R025,10.770633,106.71218
incident,PE_R025_I056,peak,R025,10.775764,106.70058
incident,PE_R025_I057,peak,R025,10.777522,106.630209
incident,PE_R025_I058,peak,R025,10.751423,106.643846
incident,PE_R025_I059,peak,R025,10.734103,106.720599
incident,PE_R025_I060,peak,R025,10.718046,106.678148
incident,PE_R025_I061,peak,R025,10.818658,106.624518
incident,PE_R025_I062,peak,R025,10.799481,106.680711
incident,PE_R025_I063,peak,R025,10.822939,106.639875
incident,PE_R025_I064,peak,R025,10.771846,106.643501
incident,PE_R025_I065,peak,R025,10.790912,106.624137
incident,PE_R025_I066,peak,R025,10.768808,106.631052
incident,PE_R025_I067,peak,R025,10.777184,106.70863
incident,PE_R025_I068,peak,R025,10.727883,106.634625
incident,PE_R025_I069,peak,R025,10.765153,106.728286
incident,PE_R025_I070,peak,R025,10.819635,106.626086
incident,PE_R025_I071,peak,R025,10.757089,106.718291
incident,PE_R025_I072,peak,R025,10.736325,106.734241
incident,PE_R025_I073,peak,R025,10.784704,106.64017
incident,PE_R025_I074,peak,R025,10.766305,106.659398
incident,PE_R025_I075,peak,R025,10.809659,106.660493
incident,PE_R025_I076,peak,R025,10.787514,106.639237
incident,PE_R025_I077,peak,R025,10.742675,106.659146
incident,PE_R025_I078,peak,R025,10.786019,106.724076
incident,PE_R025_I079,peak,R025,10.787092,106.703264
incident,PE_R025_I080,peak,R025,10.813605,106.679145
incident,PE_R025_I081,peak,R025,10.774761,106.623825
incident,PE_R025_I082,peak,R025,10.774791,106.659126
incident,PE_R025_I083,peak,R025,10.763196,106.647365
incident,PE_R025_I084,peak,R025,10.764977,106.690754
incident,PE_R025_I085,peak,R025,10.741865,106.621948
incident,PE_R025_I086,peak,R025,10.797201,106.691159
incident,PE_R025_I087,peak,R025,10.782978,106.699459
incident,PE_R025_I088,peak,R025,10.764352,106.663419
incident,PE_R025_I089,peak,R025,10.791802,106.626179
incident,PE_R025_I090,peak,R025,10.735004,106.652598
incident,PE_R025_I091,peak,R025,10.764293,106.649485
incident,PE_R025_I092,peak,R025,10.7202,106.669047
incident,PE_R025_I093,peak,R025,10.788178,106.682488
incident,PE_R025_I094,peak,R025,10.787428,106.678813
incident,PE_R025_I095,peak,R025,10.729995,106.685382
incident,PE_R025_I096,peak,R025,10.750449,106.667801
incident,PE_R025_I097,peak,R025,10.753316,106.688378
incident,PE_R025_I098,peak,R025,10.738318,106.691961
incident,PE_R025_I099,peak,R025,10.741551,106.635792
incident,PE_R025_I100,peak,R025,10.768874,106.68547
incident,PE_R026_I001,peak,R026,10.73933,106.712745
incident,PE_R026_I002,peak,R026,10.802511,106.711653
incident,PE_R026_I003,peak,R026,10.744602,106.678114
incident,PE_R026_I004,peak,R026,10.741777,106.659245
incident,PE_R026_I005,peak,R026,10.725491,106.657016
incident,PE_R026_I006,peak,R026,10.760964,106.66958
incident,PE_R026_I007,peak,R026,10.795762,106.665505
incident,PE_R026_I008,peak,R026,10.747231,106.617352
incident,PE_R026_I009,peak,R026,10.729236,106.670956
incident,PE_R026_I010,peak,R026,10.794563,106.706351
incident,PE_R026_I011,peak,R026,10.786082,106.731342
incident,PE_R026_I012,peak,R026,10.742428,106.707123
incident,PE_R026_I013,peak,R026,10.823584,106.589999
incident,PE_R026_I014,peak,R026,10.810486,106.695199
incident,PE_R026_I015,peak,R026,10.771568,106.684782
incident,PE_R026_I016,peak,R026,10.726006,106.704162
incident,PE_R026_I017,peak,R026,10.747437,106.672232
incident,PE_R026_I018,peak,R026,10.783062,106.67065
incident,PE_R026_I019,peak,R026,10.754089,106.71346
incident,PE_R026_I020,peak,R026,10.776073,106.661677
incident,PE_R026_I021,peak,R026,10.79241,106.68743
incident,PE_R026_I022,peak,R026,10.782228,106.67495
incident,PE_R026_I023,peak,R026,10.765186,106.716021
incident,PE_R026_I024,peak,R026,10.756995,106.695064
incident,PE_R026_I025,peak,R026,10.791839,106.739793
incident,PE_R026_I026,peak,R026,10.760288,106.646304
incident,PE_R026_I027,peak,R026,10.781388,106.67467
incident,PE_R026_I028,peak,R026,10.787049,106.660131
incident,PE_R026_I029,peak,R026,10.756504,106.69625
incident,PE_R026_I030,peak,R026,10.786627,106.761975
incident,PE_R026_I031,peak,R026,10.778052,106.687702
incident,PE_R026_I032,peak,R026,10.733085,106.671287
incident,PE_R026_I033,peak,R026,10.771304,106.630008
incident,PE_R026_I034,peak,R026,10.747995,106.70027
incident,PE_R026_I035,peak,R026,10.828425,106.664484
incident,PE_R026_I036,peak,R026,10.730394,106.674447
incident,PE_R026_I037,peak,R026,10.762507,106.669541
incident,PE_R026_I038,peak,R026,10.712814,106.68306
incident,PE_R026_I039,peak,R026,10.774615,106.690461
incident,PE_R026_I040,peak,R026,10.74884,106.700875
incident,PE_R026_I041,peak,R026,10.715967,106.676452
incident,PE_R026_I042,peak,R026,10.790791,106.646067
incident,PE_R026_I043,peak,R026,10.750896,106.696607
incident,PE_R026_I044,peak,R026,10.78364,106.741196
incident,PE_R026_I045,peak,R026,10.830316,106.701988
incident,PE_R026_I046,peak,R026,10.732352,106.708071
incident,PE_R026_I047,peak,R026,10.739376,106.676054
incident,PE_R026_I048,peak,R026,10.717024,106.69721
incident,PE_R026_I049,peak,R026,10.756203,106.728894
incident,PE_R026_I050,peak,R026,10.765665,106.691425
incident,PE_R026_I051,peak,R026,10.778643,106.642546
incident,PE_R026_I052,peak,R026,10.789219,106.744144
incident,PE_R026_I053,peak,R026,10.7512,106.690518
incident,PE_R026_I054,peak,R026,10.801623,106.66153
incident,PE_R026_I055,peak,R026,10.741707,106.672696
incident,PE_R026_I056,peak,R026,10.737731,106.669254
incident,PE_R026_I057,peak,R026,10.745475,106.643626
incident,PE_R026_I058,peak,R026,10.775139,106.70198
incident,PE_R026_I059,peak,R026,10.776956,106.689245
incident,PE_R026_I060,peak,R026,10.759318,106.661557
incident,PE_R026_I061,peak,R026,10.753995,106.665611
incident,PE_R026_I062,peak,R026,10.801611,106.640496
incident,PE_R026_I063,peak,R026,10.777204,106.668543
incident,PE_R026_I064,peak,R026,10.807581,106.642316
incident,PE_R026_I065,peak,R026,10.750573,106.726756
incident,PE_R026_I066,peak,R026,10.76788,106.583926
incident,PE_R026_I067,peak,R026,10.727329,106.633023
incident,PE_R026_I068,peak,R026,10.773807,106.688395
incident,PE_R026_I069,peak,R026,10.831558,106.702382
incident,PE_R026_I070,peak,R026,10.735904,106.678946
incident,PE_R026_I071,peak,R026,10.777917,106.716066
incident,PE_R026_I072,peak,R026,10.790859,106.649747
incident,PE_R026_I073,peak,R026,10.837611,106.721119
incident,PE_R026_I074,peak,R026,10.745363,106.695235
incident,PE_R026_I075,peak,R026,10.779315,106.678315
incident,PE_R026_I076,peak,R026,10.839985,106.659382
incident,PE_R026_I077,peak,R026,10.775477,106.653451
incident,PE_R026_I078,peak,R026,10.780325,106.592738
incident,PE_R026_I079,peak,R026,10.7434,106.654552
incident,PE_R026_I080,peak,R026,10.763591,106.714526
incident,PE_R026_I081,peak,R026,10.754012,106.717026
incident,PE_R026_I082,peak,R026,10.78146,106.661287
incident,PE_R026_I083,peak,R026,10.797486,106.66412
incident,PE_R026_I084,peak,R026,10.740124,106.651699
incident,PE_R026_I085,peak,R026,10.762524,106.709367
incident,PE_R026_I086,peak,R026,10.762143,106.694228
incident,PE_R026_I087,peak,R026,10.755733,106.662783
incident,PE_R026_I088,peak,R026,10.808364,106.65629
incident,PE_R026_I089,peak,R026,10.758597,106.681252
incident,PE_R026_I090,peak,R026,10.729814,106.701793
incident,PE_R026_I091,peak,R026,10.767822,106.635407
incident,PE_R026_I092,peak,R026,10.810993,106.6402
incident,PE_R026_I093,peak,R026,10.782206,106.637262
incident,PE_R026_I094,peak,R026,10.751826,106.679676
incident,PE_R026_I095,peak,R026,10.711263,106.653398
incident,PE_R026_I096,peak,R026,10.753129,106.682461
incident,PE_R026_I097,peak,R026,10.789628,106.716839
incident,PE_R026_I098,peak,R026,10.723163,106.698179
incident,PE_R026_I099,peak,R026,10.766258,106.646978
incident,PE_R026_I100,peak,R026,10.729257,106.723867
incident,PE_R027_I001,peak,R027,10.783054,106.691994
incident,PE_R027_I002,peak,R027,10.753906,106.709592
incident,PE_R027_I003,peak,R027,10.735764,106.746169
incident,PE_R027_I004,peak,R027,10.760617,106.617241
incident,PE_R027_I005,peak,R027,10.7931,106.719168
incident,PE_R027_I006,peak,R027,10.754217,106.653111
incident,PE_R027_I007,peak,R027,10.793341,106.69094
incident,PE_R027_I008,peak,R027,10.732389,106.698015
incident,PE_R027_I009,peak,R027,10.760964,106.643708
incident,PE_R027_I010,peak,R027,10.761695,106.611899
incident,PE_R027_I011,peak,R027,10.77866,106.660966
incident,PE_R027_I012,peak,R027,10.802388,106.711839
incident,PE_R027_I013,peak,R027,10.732714,106.688355
incident,PE_R027_I014,peak,R027,10.810308,106.710093
incident,PE_R027_I015,peak,R027,10.754009,106.716216
incident,PE_R027_I016,peak,R027,10.781662,106.675855
incident,PE_R027_I017,peak,R027,10.789007,106.710874
incident,PE_R027_I018,peak,R027,10.729961,106.720642
incident,PE_R027_I019,peak,R027,10.76599,106.723837
incident,PE_R027_I020,peak,R027,10.75927,106.664971
incident,PE_R027_I021,peak,R027,10.769398,106.684008
incident,PE_R027_I022,peak,R027,10.786495,106.712788
incident,PE_R027_I023,peak,R027,10.805233,106.700989
incident,PE_R027_I024,peak,R027,10.810692,106.607729
incident,PE_R027_I025,peak,R027,10.733769,106.689323
incident,PE_R027_I026,peak,R027,10.756576,106.744801
incident,PE_R027_I027,peak,R027,10.753567,106.63814
incident,PE_R027_I028,peak,R027,10.785584,106.696011
incident,PE_R027_I029,peak,R027,10.817442,106.64082
incident,PE_R027_I030,peak,R027,10.750335,106.670883
incident,PE_R027_I031,peak,R027,10.797884,106.688008
incident,PE_R027_I032,peak,R027,10.786567,106.681652
incident,PE_R027_I033,peak,R027,10.732058,106.704218
incident,PE_R027_I034,peak,R027,10.767203,106.68665
incident,PE_R027_I035,peak,R027,10.771803,106.675616
incident,PE_R027_I036,peak,R027,10.75213,106.682796
incident,PE_R027_I037,peak,R027,10.763831,106.663205
incident,PE_R027_I038,peak,R027,10.776636,106.63766
incident,PE_R027_I039,peak,R027,10.745399,106.70871
incident,PE_R027_I040,peak,R027,10.713708,106.6974
incident,PE_R027_I041,peak,R027,10.809916,106.675
incident,PE_R027_I042,peak,R027,10.754923,106.648657
incident,PE_R027_I043,peak,R027,10.752881,106.680565
incident,PE_R027_I044,peak,R027,10.771488,106.704878
incident,PE_R027_I045,peak,R027,10.778236,106.678823
incident,PE_R027_I046,peak,R027,10.794481,106.650768
incident,PE_R027_I047,peak,R027,10.76356,106.705374
incident,PE_R027_I048,peak,R027,10.788425,106.69602
incident,PE_R027_I049,peak,R027,10.800374,106.709221
incident,PE_R027_I050,peak,R027,10.781057,106.710548
incident,PE_R027_I051,peak,R027,10.749162,106.681058
incident,PE_R027_I052,peak,R027,10.768786,106.701372
incident,PE_R027_I053,peak,R027,10.805238,106.638502
incident,PE_R027_I054,peak,R027,10.802614,106.688164
incident,PE_R027_I055,peak,R027,10.728546,106.725322
incident,PE_R027_I056,peak,R027,10.764187,106.63534
incident,PE_R027_I057,peak,R027,10.754559,106.741895
incident,PE_R027_I058,peak,R027,10.819444,106.71479
incident,PE_R027_I059,peak,R027,10.763154,106.649757
incident,PE_R027_I060,peak,R027,10.774963,106.758768
incident,PE_R027_I061,peak,R027,10.751499,106.682015
incident,PE_R027_I062,peak,R027,10.788395,106.682625
incident,PE_R027_I063,peak,R027,10.771391,106.662734
incident,PE_R027_I064,peak,R027,10.759858,106.637028
incident,PE_R027_I065,peak,R027,10.755299,106.708509
incident,PE_R027_I066,peak,R027,10.768987,106.625979
incident,PE_R027_I067,peak,R027,10.736268,106.718418
incident,PE_R027_I068,peak,R027,10.784965,106.700689
incident,PE_R027_I069,peak,R027,10.7633,106.638866
incident,PE_R027_I070,peak,R027,10.775965,106.662505
incident,PE_R027_I071,peak,R027,10.748275,106.672769
incident,PE_R027_I072,peak,R027,10.75276,106.637385
incident,PE_R027_I073,peak,R027,10.765594,106.727881
incident,PE_R027_I074,peak,R027,10.712506,106.666741
incident,PE_R027_I075,peak,R027,10.716474,106.698834
incident,PE_R027_I076,peak,R027,10.77937,106.758102
incident,PE_R027_I077,peak,R027,10.794985,106.714266
incident,PE_R027_I078,peak,R027,10.794006,106.662527
incident,PE_R027_I079,peak,R027,10.81939,106.661463
incident,PE_R027_I080,peak,R027,10.769329,106.677538
incident,PE_R027_I081,peak,R027,10.772515,106.691276
incident,PE_R027_I082,peak,R027,10.742148,106.749732
incident,PE_R027_I083,peak,R027,10.775952,106.693026
incident,PE_R027_I084,peak,R027,10.727185,106.699605
incident,PE_R027_I085,peak,R027,10.772049,106.664407
incident,PE_R027_I086,peak,R027,10.777977,106.636216
incident,PE_R027_I087,peak,R027,10.799345,106.69236
incident,PE_R027_I088,peak,R027,10.802308,106.626818
incident,PE_R027_I089,peak,R027,10.80608,106.693842
incident,PE_R027_I090,peak,R027,10.716441,106.650316
incident,PE_R027_I091,peak,R027,10.73857,106.712848
incident,PE_R027_I092,peak,R027,10.726925,106.660568
incident,PE_R027_I093,peak,R027,10.765633,106.636742
incident,PE_R027_I094,peak,R027,10.74489,106.712511
incident,PE_R027_I095,peak,R027,10.744963,106.688106
incident,PE_R027_I096,peak,R027,10.758346,106.666448
incident,PE_R027_I097,peak,R027,10.744697,106.699824
incident,PE_R027_I098,peak,R027,10.801123,106.649933
incident,PE_R027_I099,peak,R027,10.784039,106.715296
incident,PE_R027_I100,peak,R027,10.772072,106.665666
incident,PE_R028_I001,peak,R028,10.748367,106.68178
incident,PE_R028_I002,peak,R028,10.78373,106.685667
incident,PE_R028_I003,peak,R028,10.746033,106.666382
incident,PE_R028_I004,peak,R028,10.764469,106.64022
incident,PE_R028_I005,peak,R028,10.738788,106.677965
incident,PE_R028_I006,peak,R028,10.793685,106.602266
incident,PE_R028_I007,peak,R028,10.811202,106.687575
incident,PE_R028_I008,peak,R028,10.786269,106.658156
incident,PE_R028_I009,peak,R028,10.816372,106.707698
incident,PE_R028_I010,peak,R028,10.771585,106.630119
incident,PE_R028_I011,peak,R028,10.766276,106.694917
incident,PE_R028_I012,peak,R028,10.798603,106.691229
incident,PE_R028_I013,peak,R028,10.780995,106.626104
incident,PE_R028_I014,peak,R028,10.746233,106.680983
incident,PE_R028_I015,peak,R028,10.783583,106.688695
incident,PE_R028_I016,peak,R028,10.764001,106.62589
incident,PE_R028_I017,peak,R028,10.810564,106.639247
incident,PE_R028_I018,peak,R028,10.782687,106.669951
incident,PE_R028_I019,peak,R028,10.750313,106.686647
incident,PE_R028_I020,peak,R028,10.778934,106.691729
incident,PE_R028_I021,peak,R028,10.796966,106.647823
incident,PE_R028_I022,peak,R028,10.781332,106.652975
incident,PE_R028_I023,peak,R028,10.783364,106.652258
incident,PE_R028_I024,peak,R028,10.783482,106.682992
incident,PE_R028_I025,peak,R028,10.780798,106.751479
incident,PE_R028_I026,peak,R028,10.781202,106.714562
incident,PE_R028_I027,peak,R028,10.805994,106.758428
incident,PE_R028_I028,peak,R028,10.782516,106.711481
incident,PE_R028_I029,peak,R028,10.797606,106.704867
incident,PE_R028_I030,peak,R028,10.766499,106.675967
incident,PE_R028_I031,peak,R028,10.7273,106.651403
incident,PE_R028_I032,peak,R028,10.791262,106.615673
incident,PE_R028_I033,peak,R028,10.744631,106.682351
incident,PE_R028_I034,peak,R028,10.759905,106.702985
incident,PE_R028_I035,peak,R028,10.778059,106.663639
incident,PE_R028_I036,peak,R028,10.786898,106.719801
incident,PE_R028_I037,peak,R028,10.73685,106.671513
incident,PE_R028_I038,peak,R028,10.740319,106.658957
incident,PE_R028_I039,peak,R028,10.803235,106.702194
incident,PE_R028_I040,peak,R028,10.750793,106.635895
incident,PE_R028_I041,peak,R028,10.778215,106.631012
incident,PE_R028_I042,peak,R028,10.831472,106.67245
incident,PE_R028_I043,peak,R028,10.79868,106.665018
incident,PE_R028_I044,peak,R028,10.769635,106.707074
incident,PE_R028_I045,peak,R028,10.764609,106.75521
incident,PE_R028_I046,peak,R028,10.714864,106.673935
incident,PE_R028_I047,peak,R028,10.800395,106.664027
incident,PE_R028_I048,peak,R028,10.808004,106.681435
incident,PE_R028_I049,peak,R028,10.724341,106.70469
incident,PE_R028_I050,peak,R028,10.815064,106.631416
incident,PE_R028_I051,peak,R028,10.744717,106.721756
incident,PE_R028_I052,peak,R028,10.803144,106.720765
incident,PE_R028_I053,peak,R028,10.757268,106.717385
incident,PE_R028_I054,peak,R028,10.800053,106.707414
incident,PE_R028_I055,peak,R028,10.770271,106.680675
incident,PE_R028_I056,peak,R028,10.753916,106.653262
incident,PE_R028_I057,peak,R028,10.740526,106.687391
incident,PE_R028_I058,peak,R028,10.719883,106.657069
incident,PE_R028_I059,peak,R028,10.798356,106.681243
incident,PE_R028_I060,peak,R028,10.761391,106.676884
incident,PE_R028_I061,peak,R028,10.807742,106.723892
incident,PE_R028_I062,peak,R028,10.77385,106.685252
incident,PE_R028_I063,peak,R028,10.810731,106.65488
incident,PE_R028_I064,peak,R028,10.777132,106.63156
incident,PE_R028_I065,peak,R028,10.719201,106.61674
incident,PE_R028_I066,peak,R028,10.762016,106.69435
incident,PE_R028_I067,peak,R028,10.778764,106.739723
incident,PE_R028_I068,peak,R028,10.741232,106.61953
incident,PE_R028_I069,peak,R028,10.78002,106.702037
incident,PE_R028_I070,peak,R028,10.780166,106.676901
incident,PE_R028_I071,peak,R028,10.743589,106.695488
incident,PE_R028_I072,peak,R028,10.727696,106.709993
incident,PE_R028_I073,peak,R028,10.75546,106.662144
incident,PE_R028_I074,peak,R028,10.768678,106.705368
incident,PE_R028_I075,peak,R028,10.80679,106.658218
incident,PE_R028_I076,peak,R028,10.812802,106.723798
incident,PE_R028_I077,peak,R028,10.761913,106.671631
incident,PE_R028_I078,peak,R028,10.810399,106.672095
incident,PE_R028_I079,peak,R028,10.744752,106.673031
incident,PE_R028_I080,peak,R028,10.789784,106.704152
incident,PE_R028_I081,peak,R028,10.757024,106.671592
incident,PE_R028_I082,peak,R028,10.727459,106.633228
incident,PE_R028_I083,peak,R028,10.73395,106.688417
incident,PE_R028_I084,peak,R028,10.771579,106.671048
incident,PE_R028_I085,peak,R028,10.741788,106.660991
incident,PE_R028_I086,peak,R028,10.803297,106.65402
incident,PE_R028_I087,peak,R028,10.792592,106.636464
incident,PE_R028_I088,peak,R028,10.794888,106.701009
incident,PE_R028_I089,peak,R028,10.786999,106.682525
incident,PE_R028_I090,peak,R028,10.74469,106.704759
incident,PE_R028_I091,peak,R028,10.748156,106.634527
incident,PE_R028_I092,peak,R028,10.767224,106.668833
incident,PE_R028_I093,peak,R028,10.783644,106.67757
incident,PE_R028_I094,peak,R028,10.72635,106.671228
incident,PE_R028_I095,peak,R028,10.793972,106.743193
incident,PE_R028_I096,peak,R028,10.793302,106.708221
incident,PE_R028_I097,peak,R028,10.736488,106.657853
incident,PE_R028_I098,peak,R028,10.735977,106.647754
incident,PE_R028_I099,peak,R028,10.775451,106.693151
incident,PE_R028_I100,peak,R028,10.786835,106.684775
incident,PE_R029_I001,peak,R029,10.797162,106.696059
incident,PE_R029_I002,peak,R029,10.805244,106.691466
incident,PE_R029_I003,peak,R029,10.770084,106.676978
incident,PE_R029_I004,peak,R029,10.773385,106.664912
incident,PE_R029_I005,peak,R029,10.748544,106.752965
incident,PE_R029_I006,peak,R029,10.774798,106.723386
incident,PE_R029_I007,peak,R029,10.735268,106.654208
incident,PE_R029_I008,peak,R029,10.726235,106.713247
incident,PE_R029_I009,peak,R029,10.768332,106.615444
incident,PE_R029_I010,peak,R029,10.732869,106.649632
incident,PE_R029_I011,peak,R029,10.746981,106.716321
incident,PE_R029_I012,peak,R029,10.743619,106.671431
incident,PE_R029_I013,peak,R029,10.782594,106.693536
incident,PE_R029_I014,peak,R029,10.748282,106.59704
incident,PE_R029_I015,peak,R029,10.766471,106.675486
incident,PE_R029_I016,peak,R029,10.811491,106.662371
incident,PE_R029_I017,peak,R029,10.797492,106.690442
incident,PE_R029_I018,peak,R029,10.740533,106.646415
incident,PE_R029_I019,peak,R029,10.751141,106.675209
incident,PE_R029_I020,peak,R029,10.755665,106.696539
incident,PE_R029_I021,peak,R029,10.788614,106.650251
incident,PE_R029_I022,peak,R029,10.738403,106.672719
incident,PE_R029_I023,peak,R029,10.791413,106.642568
incident,PE_R029_I024,peak,R029,10.772799,106.71777
incident,PE_R029_I025,peak,R029,10.749826,106.647573
incident,PE_R029_I026,peak,R029,10.788767,106.7609
incident,PE_R029_I027,peak,R029,10.786595,106.704051
incident,PE_R029_I028,peak,R029,10.767307,106.70517
incident,PE_R029_I029,peak,R029,10.755053,106.672574
incident,PE_R029_I030,peak,R029,10.740562,106.727618
incident,PE_R029_I031,peak,R029,10.769132,106.645199
incident,PE_R029_I032,peak,R029,10.76462,106.689977
incident,PE_R029_I033,peak,R029,10.804496,106.621948
incident,PE_R029_I034,peak,R029,10.770334,106.67467
incident,PE_R029_I035,peak,R029,10.816351,106.708935
incident,PE_R029_I036,peak,R029,10.728765,106.674016
incident,PE_R029_I037,peak,R029,10.791863,106.652166
incident,PE_R029_I038,peak,R029,10.816459,106.686184
incident,PE_R029_I039,peak,R029,10.743999,106.626227
incident,PE_R029_I040,peak,R029,10.789953,106.767964
incident,PE_R029_I041,peak,R029,10.78596,106.644778
incident,PE_R029_I042,peak,R029,10.770135,106.718376
incident,PE_R029_I043,peak,R029,10.794921,106.62301
incident,PE_R029_I044,peak,R029,10.768168,106.657141
incident,PE_R029_I045,peak,R029,10.817174,106.650878
incident,PE_R029_I046,peak,R029,10.756912,106.643669
incident,PE_R029_I047,peak,R029,10.723434,106.700343
incident,PE_R029_I048,peak,R029,10.789253,106.66618
incident,PE_R029_I049,peak,R029,10.787892,106.653034
incident,PE_R029_I050,peak,R029,10.743744,106.675132
incident,PE_R029_I051,peak,R029,10.774924,106.638828
incident,PE_R029_I052,peak,R029,10.775398,106.643006
incident,PE_R029_I053,peak,R029,10.725782,106.659434
incident,PE_R029_I054,peak,R029,10.758462,106.719026
incident,PE_R029_I055,peak,R029,10.742167,106.689418
incident,PE_R029_I056,peak,R029,10.74827,106.639886
incident,PE_R029_I057,peak,R029,10.768795,106.692904
incident,PE_R029_I058,peak,R029,10.761511,106.681789
incident,PE_R029_I059,peak,R029,10.758831,106.732642
incident,PE_R029_I060,peak,R029,10.776934,106.639486
incident,PE_R029_I061,peak,R029,10.743317,106.624672
incident,PE_R029_I062,peak,R029,10.774619,106.670325
incident,PE_R029_I063,peak,R029,10.741333,106.710739
incident,PE_R029_I064,peak,R029,10.784026,106.691937
incident,PE_R029_I065,peak,R029,10.762066,106.62986
incident,PE_R029_I066,peak,R029,10.758554,106.668267
incident,PE_R029_I067,peak,R029,10.747407,106.681471
incident,PE_R029_I068,peak,R029,10.819601,106.70092
incident,PE_R029_I069,peak,R029,10.782519,106.73619
incident,PE_R029_I070,peak,R029,10.732659,106.632635
incident,PE_R029_I071,peak,R029,10.774525,106.735296
incident,PE_R029_I072,peak,R029,10.741739,106.705587
incident,PE_R029_I073,peak,R029,10.729984,106.705951
incident,PE_R029_I074,peak,R029,10.775377,106.713388
incident,PE_R029_I075,peak,R029,10.779459,106.609667
incident,PE_R029_I076,peak,R029,10.771737,106.630574
incident,PE_R029_I077,peak,R029,10.785101,106.681321
incident,PE_R029_I078,peak,R029,10.767681,106.716978
incident,PE_R029_I079,peak,R029,10.820296,106.590647
incident,PE_R029_I080,peak,R029,10.774759,106.668679
incident,PE_R029_I081,peak,R029,10.72456,106.669449
incident,PE_R029_I082,peak,R029,10.772486,106.655051
incident,PE_R029_I083,peak,R029,10.771419,106.583802
incident,PE_R029_I084,peak,R029,10.796744,106.740789
incident,PE_R029_I085,peak,R029,10.781306,106.670424
incident,PE_R029_I086,peak,R029,10.839671,106.710001
incident,PE_R029_I087,peak,R029,10.782738,106.617124
incident,PE_R029_I088,peak,R029,10.789488,106.683087
incident,PE_R029_I089,peak,R029,10.748395,106.705816
incident,PE_R029_I090,peak,R029,10.75693,106.70929
incident,PE_R029_I091,peak,R029,10.79083,106.667265
incident,PE_R029_I092,peak,R029,10.756316,106.700986
incident,PE_R029_I093,peak,R029,10.789284,106.727576
incident,PE_R029_I094,peak,R029,10.779719,106.630248
incident,PE_R029_I095,peak,R029,10.767144,106.660516
incident,PE_R029_I096,peak,R029,10.782569,106.688184
incident,PE_R029_I097,peak,R029,10.813871,106.658019
incident,PE_R029_I098,peak,R029,10.790186,106.666885
incident,PE_R029_I099,peak,R029,10.709635,106.697901
incident,PE_R029_I100,peak,R029,10.759175,106.685226
incident,PE_R030_I001,peak,R030,10.748136,106.670101
incident,PE_R030_I002,peak,R030,10.785613,106.65073
incident,PE_R030_I003,peak,R030,10.818614,106.748018
incident,PE_R030_I004,peak,R030,10.790437,106.669892
incident,PE_R030_I005,peak,R030,10.749918,106.72761
incident,PE_R030_I006,peak,R030,10.720834,106.648507
incident,PE_R030_I007,peak,R030,10.754409,106.669676
incident,PE_R030_I008,peak,R030,10.75153,106.677083
incident,PE_R030_I009,peak,R030,10.777833,106.708085
incident,PE_R030_I010,peak,R030,10.77529,106.705225
incident,PE_R030_I011,peak,R030,10.816478,106.641852
incident,PE_R030_I012,peak,R030,10.744551,106.653272
incident,PE_R030_I013,peak,R030,10.790416,106.645368
incident,PE_R030_I014,peak,R030,10.775049,106.636977
incident,PE_R030_I015,peak,R030,10.745372,106.696693
incident,PE_R030_I016,peak,R030,10.764123,106.684299
incident,PE_R030_I017,peak,R030,10.731927,106.672874
incident,PE_R030_I018,peak,R030,10.781804,106.672968
incident,PE_R030_I019,peak,R030,10.773563,106.620177
incident,PE_R030_I020,peak,R030,10.838577,106.719855
incident,PE_R030_I021,peak,R030,10.789906,106.682252
incident,PE_R030_I022,peak,R030,10.783642,106.644171
incident,PE_R030_I023,peak,R030,10.77111,106.731123
incident,PE_R030_I024,peak,R030,10.740246,106.717865
incident,PE_R030_I025,peak,R030,10.812793,106.728461
incident,PE_R030_I026,peak,R030,10.748074,106.67426
incident,PE_R030_I027,peak,R030,10.785679,106.710183
incident,PE_R030_I028,peak,R030,10.775455,106.689035
incident,PE_R030_I029,peak,R030,10.73893,106.647016
incident,PE_R030_I030,peak,R030,10.788339,106.662742
incident,PE_R030_I031,peak,R030,10.804449,106.690222
incident,PE_R030_I032,peak,R030,10.811555,106.685274
incident,PE_R030_I033,peak,R030,10.719548,106.703295
incident,PE_R030_I034,peak,R030,10.764756,106.719122
incident,PE_R030_I035,peak,R030,10.776114,106.655555
incident,PE_R030_I036,peak,R030,10.814893,106.737584
incident,PE_R030_I037,peak,R030,10.756766,106.637879
incident,PE_R030_I038,peak,R030,10.751518,106.692956
incident,PE_R030_I039,peak,R030,10.778786,106.650689
incident,PE_R030_I040,peak,R030,10.752293,106.692476
incident,PE_R030_I041,peak,R030,10.765256,106.638816
incident,PE_R030_I042,peak,R030,10.72917,106.702488
incident,PE_R030_I043,peak,R030,10.757921,106.680245
incident,PE_R030_I044,peak,R030,10.758363,106.74974
incident,PE_R030_I045,peak,R030,10.789363,106.740559
incident,PE_R030_I046,peak,R030,10.750038,106.687989
incident,PE_R030_I047,peak,R030,10.749347,106.69371
incident,PE_R030_I048,peak,R030,10.7726,106.641401
incident,PE_R030_I049,peak,R030,10.769173,106.701787
incident,PE_R030_I050,peak,R030,10.700116,106.718224
incident,PE_R030_I051,peak,R030,10.776778,106.685402
incident,PE_R030_I052,peak,R030,10.748357,106.653994
incident,PE_R030_I053,peak,R030,10.730136,106.676218
incident,PE_R030_I054,peak,R030,10.729083,106.698649
incident,PE_R030_I055,peak,R030,10.781351,106.674016
incident,PE_R030_I056,peak,R030,10.743088,106.675754
incident,PE_R030_I057,peak,R030,10.754734,106.680501
incident,PE_R030_I058,peak,R030,10.759102,106.70966
incident,PE_R030_I059,peak,R030,10.740478,106.68556
incident,PE_R030_I060,peak,R030,10.788238,106.714535
incident,PE_R030_I061,peak,R030,10.739869,106.681537
incident,PE_R030_I062,peak,R030,10.80332,106.604504
incident,PE_R030_I063,peak,R030,10.752196,106.653092
incident,PE_R030_I064,peak,R030,10.739218,106.652136
incident,PE_R030_I065,peak,R030,10.740588,106.665851
incident,PE_R030_I066,peak,R030,10.747169,106.716546
incident,PE_R030_I067,peak,R030,10.756152,106.675865
incident,PE_R030_I068,peak,R030,10.811368,106.623535
incident,PE_R030_I069,peak,R030,10.749644,106.666392
incident,PE_R030_I070,peak,R030,10.786638,106.651532
incident,PE_R030_I071,peak,R030,10.800259,106.679381
incident,PE_R030_I072,peak,R030,10.758669,106.685168
incident,PE_R030_I073,peak,R030,10.729985,106.678293
incident,PE_R030_I074,peak,R030,10.787647,106.635885
incident,PE_R030_I075,peak,R030,10.825938,106.681453
incident,PE_R030_I076,peak,R030,10.801501,106.580896
incident,PE_R030_I077,peak,R030,10.823757,106.666315
incident,PE_R030_I078,peak,R030,10.802852,106.658016
incident,PE_R030_I079,peak,R030,10.834958,106.661816
incident,PE_R030_I080,peak,R030,10.777321,106.672566
incident,PE_R030_I081,peak,R030,10.731743,106.658169
incident,PE_R030_I082,peak,R030,10.777149,106.690378
incident,PE_R030_I083,peak,R030,10.78132,106.655252
incident,PE_R030_I084,peak,R030,10.789988,106.697436
incident,PE_R030_I085,peak,R030,10.8213,106.706246
incident,PE_R030_I086,peak,R030,10.773388,106.623292
incident,PE_R030_I087,peak,R030,10.74846,106.669085
incident,PE_R030_I088,peak,R030,10.768354,106.695825
incident,PE_R030_I089,peak,R030,10.718014,106.76139
incident,PE_R030_I090,peak,R030,10.763552,106.661409
incident,PE_R030_I091,peak,R030,10.745656,106.600576
incident,PE_R030_I092,peak,R030,10.786671,106.682485
incident,PE_R030_I093,peak,R030,10.783866,106.703059
incident,PE_R030_I094,peak,R030,10.783079,106.704054
incident,PE_R030_I095,peak,R030,10.771844,106.734457
incident,PE_R030_I096,peak,R030,10.768266,106.689191
incident,PE_R030_I097,peak,R030,10.781965,106.646993
incident,PE_R030_I098,peak,R030,10.737178,106.664135
incident,PE_R030_I099,peak,R030,10.815339,106.704677
incident,PE_R030_I100,peak,R030,10.804481,106.649275
incident,HI_R001_I001,high_demand,R001,10.743642,106.716952
incident,HI_R001_I002,high_demand,R001,10.764465,106.70733
incident,HI_R001_I003,high_demand,R001,10.766737,106.703692
incident,HI_R001_I004,high_demand,R001,10.783082,106.661913
incident,HI_R001_I005,high_demand,R001,10.77884,106.690454
incident,HI_R001_I006,high_demand,R001,10.807,106.663085
incident,HI_R001_I007,high_demand,R001,10.806592,106.655651
incident,HI_R001_I008,high_demand,R001,10.802873,106.664275
incident,HI_R001_I009,high_demand,R001,10.759766,106.692513
incident,HI_R001_I010,high_demand,R001,10.779441,106.6629
incident,HI_R001_I011,high_demand,R001,10.736331,106.651913
incident,HI_R001_I012,high_demand,R001,10.777396,106.729989
incident,HI_R001_I013,high_demand,R001,10.742712,106.689206
incident,HI_R001_I014,high_demand,R001,10.752487,106.64239
incident,HI_R001_I015,high_demand,R001,10.801964,106.659479
incident,HI_R001_I016,high_demand,R001,10.754863,106.655616
incident,HI_R001_I017,high_demand,R001,10.77192,106.644878
incident,HI_R001_I018,high_demand,R001,10.753134,106.694834
incident,HI_R001_I019,high_demand,R001,10.769944,106.667512
incident,HI_R001_I020,high_demand,R001,10.778817,106.676973
incident,HI_R001_I021,high_demand,R001,10.757471,106.673034
incident,HI_R001_I022,high_demand,R001,10.79866,106.704748
incident,HI_R001_I023,high_demand,R001,10.739595,106.648667
incident,HI_R001_I024,high_demand,R001,10.769792,106.670041
incident,HI_R001_I025,high_demand,R001,10.820719,106.70987
incident,HI_R001_I026,high_demand,R001,10.788269,106.641867
incident,HI_R001_I027,high_demand,R001,10.797461,106.626607
incident,HI_R001_I028,high_demand,R001,10.764493,106.689998
incident,HI_R001_I029,high_demand,R001,10.760707,106.71999
incident,HI_R001_I030,high_demand,R001,10.771012,106.690161
incident,HI_R001_I031,high_demand,R001,10.744995,106.713688
incident,HI_R001_I032,high_demand,R001,10.774596,106.664149
incident,HI_R001_I033,high_demand,R001,10.752381,106.585605
incident,HI_R001_I034,high_demand,R001,10.781407,106.689848
incident,HI_R001_I035,high_demand,R001,10.760205,106.692534
incident,HI_R001_I036,high_demand,R001,10.816737,106.654208
incident,HI_R001_I037,high_demand,R001,10.79211,106.719014
incident,HI_R001_I038,high_demand,R001,10.71749,106.672104
incident,HI_R001_I039,high_demand,R001,10.770025,106.63421
incident,HI_R001_I040,high_demand,R001,10.749531,106.742376
incident,HI_R001_I041,high_demand,R001,10.796508,106.687937
incident,HI_R001_I042,high_demand,R001,10.792047,106.674807
incident,HI_R001_I043,high_demand,R001,10.775176,106.723138
incident,HI_R001_I044,high_demand,R001,10.798542,106.65745
incident,HI_R001_I045,high_demand,R001,10.759931,106.711076
incident,HI_R001_I046,high_demand,R001,10.774973,106.688153
incident,HI_R001_I047,high_demand,R001,10.763284,106.66274
incident,HI_R001_I048,high_demand,R001,10.744729,106.596956
incident,HI_R001_I049,high_demand,R001,10.782544,106.678187
incident,HI_R001_I050,high_demand,R001,10.773282,106.676818
incident,HI_R001_I051,high_demand,R001,10.767718,106.623597
incident,HI_R001_I052,high_demand,R001,10.753477,106.686201
incident,HI_R001_I053,high_demand,R001,10.760623,106.698734
incident,HI_R001_I054,high_demand,R001,10.770584,106.654153
incident,HI_R001_I055,high_demand,R001,10.793992,106.679095
incident,HI_R001_I056,high_demand,R001,10.720837,106.740596
incident,HI_R001_I057,high_demand,R001,10.746769,106.671173
incident,HI_R001_I058,high_demand,R001,10.79036,106.695294
incident,HI_R001_I059,high_demand,R001,10.766891,106.662877
incident,HI_R001_I060,high_demand,R001,10.76882,106.667084
incident,HI_R001_I061,high_demand,R001,10.740798,106.662703
incident,HI_R001_I062,high_demand,R001,10.788534,106.697488
incident,HI_R001_I063,high_demand,R001,10.770774,106.695332
incident,HI_R001_I064,high_demand,R001,10.710516,106.700347
incident,HI_R001_I065,high_demand,R001,10.765387,106.708462
incident,HI_R001_I066,high_demand,R001,10.735075,106.674612
incident,HI_R001_I067,high_demand,R001,10.779899,106.766279
incident,HI_R001_I068,high_demand,R001,10.810088,106.705879
incident,HI_R001_I069,high_demand,R001,10.711839,106.690346
incident,HI_R001_I070,high_demand,R001,10.778062,106.755933
incident,HI_R001_I071,high_demand,R001,10.785849,106.677435
incident,HI_R001_I072,high_demand,R001,10.782774,106.670643
incident,HI_R001_I073,high_demand,R001,10.773178,106.734774
incident,HI_R001_I074,high_demand,R001,10.760551,106.639006
incident,HI_R001_I075,high_demand,R001,10.779768,106.665169
incident,HI_R001_I076,high_demand,R001,10.746008,106.773451
incident,HI_R001_I077,high_demand,R001,10.798636,106.720608
incident,HI_R001_I078,high_demand,R001,10.790747,106.668621
incident,HI_R001_I079,high_demand,R001,10.781305,106.765287
incident,HI_R001_I080,high_demand,R001,10.781026,106.65153
incident,HI_R001_I081,high_demand,R001,10.747505,106.684577
incident,HI_R001_I082,high_demand,R001,10.791912,106.677173
incident,HI_R001_I083,high_demand,R001,10.74888,106.650854
incident,HI_R001_I084,high_demand,R001,10.768663,106.736725
incident,HI_R001_I085,high_demand,R001,10.782418,106.66531
incident,HI_R001_I086,high_demand,R001,10.77107,106.668472
incident,HI_R001_I087,high_demand,R001,10.733475,106.668733
incident,HI_R001_I088,high_demand,R001,10.799638,106.702118
incident,HI_R001_I089,high_demand,R001,10.7955,106.659825
incident,HI_R001_I090,high_demand,R001,10.783968,106.693374
incident,HI_R001_I091,high_demand,R001,10.749079,106.687912
incident,HI_R001_I092,high_demand,R001,10.708581,106.660188
incident,HI_R001_I093,high_demand,R001,10.773057,106.640383
incident,HI_R001_I094,high_demand,R001,10.774639,106.64968
incident,HI_R001_I095,high_demand,R001,10.741258,106.676854
incident,HI_R001_I096,high_demand,R001,10.745326,106.637746
incident,HI_R001_I097,high_demand,R001,10.772945,106.656376
incident,HI_R001_I098,high_demand,R001,10.781238,106.689812
incident,HI_R001_I099,high_demand,R001,10.797173,106.697281
incident,HI_R001_I100,high_demand,R001,10.789646,106.707764
incident,HI_R002_I001,high_demand,R002,10.806104,106.664552
incident,HI_R002_I002,high_demand,R002,10.723994,106.651425
incident,HI_R002_I003,high_demand,R002,10.773945,106.726902
incident,HI_R002_I004,high_demand,R002,10.72809,106.684455
incident,HI_R002_I005,high_demand,R002,10.77143,106.72345
incident,HI_R002_I006,high_demand,R002,10.789652,106.682802
incident,HI_R002_I007,high_demand,R002,10.685504,106.68126
incident,HI_R002_I008,high_demand,R002,10.798443,106.726697
incident,HI_R002_I009,high_demand,R002,10.773296,106.680799
incident,HI_R002_I010,high_demand,R002,10.773102,106.7184
incident,HI_R002_I011,high_demand,R002,10.793025,106.703985
incident,HI_R002_I012,high_demand,R002,10.761406,106.663502
incident,HI_R002_I013,high_demand,R002,10.782044,106.681457
incident,HI_R002_I014,high_demand,R002,10.766131,106.673891
incident,HI_R002_I015,high_demand,R002,10.750569,106.689182
incident,HI_R002_I016,high_demand,R002,10.775446,106.720695
incident,HI_R002_I017,high_demand,R002,10.754075,106.679482
incident,HI_R002_I018,high_demand,R002,10.731256,106.694625
incident,HI_R002_I019,high_demand,R002,10.750763,106.697121
incident,HI_R002_I020,high_demand,R002,10.78621,106.690796
incident,HI_R002_I021,high_demand,R002,10.785686,106.640326
incident,HI_R002_I022,high_demand,R002,10.737928,106.630912
incident,HI_R002_I023,high_demand,R002,10.740065,106.703229
incident,HI_R002_I024,high_demand,R002,10.755173,106.643627
incident,HI_R002_I025,high_demand,R002,10.781064,106.697312
incident,HI_R002_I026,high_demand,R002,10.771334,106.701673
incident,HI_R002_I027,high_demand,R002,10.774562,106.696125
incident,HI_R002_I028,high_demand,R002,10.779117,106.725515
incident,HI_R002_I029,high_demand,R002,10.784995,106.663043
incident,HI_R002_I030,high_demand,R002,10.754158,106.636096
incident,HI_R002_I031,high_demand,R002,10.78179,106.721673
incident,HI_R002_I032,high_demand,R002,10.765609,106.667133
incident,HI_R002_I033,high_demand,R002,10.751485,106.696309
incident,HI_R002_I034,high_demand,R002,10.756259,106.672475
incident,HI_R002_I035,high_demand,R002,10.743043,106.666685
incident,HI_R002_I036,high_demand,R002,10.751822,106.67856
incident,HI_R002_I037,high_demand,R002,10.762256,106.75047
incident,HI_R002_I038,high_demand,R002,10.786388,106.695609
incident,HI_R002_I039,high_demand,R002,10.770379,106.642196
incident,HI_R002_I040,high_demand,R002,10.76152,106.714753
incident,HI_R002_I041,high_demand,R002,10.826298,106.66161
incident,HI_R002_I042,high_demand,R002,10.772662,106.675402
incident,HI_R002_I043,high_demand,R002,10.782564,106.745952
incident,HI_R002_I044,high_demand,R002,10.745347,106.678409
incident,HI_R002_I045,high_demand,R002,10.783029,106.632977
incident,HI_R002_I046,high_demand,R002,10.732982,106.715339
incident,HI_R002_I047,high_demand,R002,10.749531,106.653727
incident,HI_R002_I048,high_demand,R002,10.787172,106.705772
incident,HI_R002_I049,high_demand,R002,10.766517,106.652256
incident,HI_R002_I050,high_demand,R002,10.77174,106.661113
incident,HI_R002_I051,high_demand,R002,10.768914,106.691753
incident,HI_R002_I052,high_demand,R002,10.789338,106.689894
incident,HI_R002_I053,high_demand,R002,10.806494,106.643733
incident,HI_R002_I054,high_demand,R002,10.783745,106.675888
incident,HI_R002_I055,high_demand,R002,10.743608,106.66786
incident,HI_R002_I056,high_demand,R002,10.775248,106.689118
incident,HI_R002_I057,high_demand,R002,10.745668,106.655431
incident,HI_R002_I058,high_demand,R002,10.791143,106.657126
incident,HI_R002_I059,high_demand,R002,10.731345,106.690298
incident,HI_R002_I060,high_demand,R002,10.795967,106.678088
incident,HI_R002_I061,high_demand,R002,10.754884,106.661371
incident,HI_R002_I062,high_demand,R002,10.746965,106.674627
incident,HI_R002_I063,high_demand,R002,10.718947,106.707121
incident,HI_R002_I064,high_demand,R002,10.763886,106.643099
incident,HI_R002_I065,high_demand,R002,10.765376,106.713847
incident,HI_R002_I066,high_demand,R002,10.764551,106.721746
incident,HI_R002_I067,high_demand,R002,10.760552,106.650804
incident,HI_R002_I068,high_demand,R002,10.81858,106.679023
incident,HI_R002_I069,high_demand,R002,10.770162,106.713356
incident,HI_R002_I070,high_demand,R002,10.793178,106.75533
incident,HI_R002_I071,high_demand,R002,10.719072,106.6988
incident,HI_R002_I072,high_demand,R002,10.776338,106.642519
incident,HI_R002_I073,high_demand,R002,10.772014,106.686855
incident,HI_R002_I074,high_demand,R002,10.763081,106.637203
incident,HI_R002_I075,high_demand,R002,10.793477,106.66035
incident,HI_R002_I076,high_demand,R002,10.735528,106.667082
incident,HI_R002_I077,high_demand,R002,10.748569,106.683412
incident,HI_R002_I078,high_demand,R002,10.7833,106.681698
incident,HI_R002_I079,high_demand,R002,10.786612,106.631957
incident,HI_R002_I080,high_demand,R002,10.752065,106.651974
incident,HI_R002_I081,high_demand,R002,10.786573,106.678094
incident,HI_R002_I082,high_demand,R002,10.753249,106.661229
incident,HI_R002_I083,high_demand,R002,10.756669,106.697985
incident,HI_R002_I084,high_demand,R002,10.750227,106.660991
incident,HI_R002_I085,high_demand,R002,10.757263,106.68008
incident,HI_R002_I086,high_demand,R002,10.782403,106.642047
incident,HI_R002_I087,high_demand,R002,10.765943,106.657494
incident,HI_R002_I088,high_demand,R002,10.801194,106.676235
incident,HI_R002_I089,high_demand,R002,10.798192,106.605635
incident,HI_R002_I090,high_demand,R002,10.775615,106.705503
incident,HI_R002_I091,high_demand,R002,10.759127,106.660772
incident,HI_R002_I092,high_demand,R002,10.753732,106.644922
incident,HI_R002_I093,high_demand,R002,10.766344,106.648989
incident,HI_R002_I094,high_demand,R002,10.719157,106.674198
incident,HI_R002_I095,high_demand,R002,10.73878,106.682486
incident,HI_R002_I096,high_demand,R002,10.777851,106.648339
incident,HI_R002_I097,high_demand,R002,10.778577,106.67914
incident,HI_R002_I098,high_demand,R002,10.800558,106.743811
incident,HI_R002_I099,high_demand,R002,10.764066,106.728928
incident,HI_R002_I100,high_demand,R002,10.744042,106.75042
incident,HI_R003_I001,high_demand,R003,10.799595,106.696039
incident,HI_R003_I002,high_demand,R003,10.734382,106.6906
incident,HI_R003_I003,high_demand,R003,10.796256,106.683577
incident,HI_R003_I004,high_demand,R003,10.738633,106.645266
incident,HI_R003_I005,high_demand,R003,10.808197,106.706471
incident,HI_R003_I006,high_demand,R003,10.750201,106.661078
incident,HI_R003_I007,high_demand,R003,10.725688,106.66516
incident,HI_R003_I008,high_demand,R003,10.766203,106.731693
incident,HI_R003_I009,high_demand,R003,10.751356,106.627952
incident,HI_R003_I010,high_demand,R003,10.761944,106.657001
incident,HI_R003_I011,high_demand,R003,10.775086,106.704047
incident,HI_R003_I012,high_demand,R003,10.736922,106.630014
incident,HI_R003_I013,high_demand,R003,10.736353,106.683171
incident,HI_R003_I014,high_demand,R003,10.763629,106.633111
incident,HI_R003_I015,high_demand,R003,10.757672,106.711148
incident,HI_R003_I016,high_demand,R003,10.78284,106.666144
incident,HI_R003_I017,high_demand,R003,10.784295,106.623809
incident,HI_R003_I018,high_demand,R003,10.832776,106.71279
incident,HI_R003_I019,high_demand,R003,10.756311,106.697032
incident,HI_R003_I020,high_demand,R003,10.757537,106.670354
incident,HI_R003_I021,high_demand,R003,10.771139,106.650321
incident,HI_R003_I022,high_demand,R003,10.77072,106.693278
incident,HI_R003_I023,high_demand,R003,10.768032,106.639194
incident,HI_R003_I024,high_demand,R003,10.738539,106.624369
incident,HI_R003_I025,high_demand,R003,10.77922,106.676547
incident,HI_R003_I026,high_demand,R003,10.799465,106.7063
incident,HI_R003_I027,high_demand,R003,10.756079,106.727977
incident,HI_R003_I028,high_demand,R003,10.780588,106.727677
incident,HI_R003_I029,high_demand,R003,10.74654,106.748334
incident,HI_R003_I030,high_demand,R003,10.767224,106.679866
incident,HI_R003_I031,high_demand,R003,10.775319,106.665738
incident,HI_R003_I032,high_demand,R003,10.733973,106.681213
incident,HI_R003_I033,high_demand,R003,10.777703,106.724101
incident,HI_R003_I034,high_demand,R003,10.730899,106.646805
incident,HI_R003_I035,high_demand,R003,10.740375,106.649876
incident,HI_R003_I036,high_demand,R003,10.737849,106.646334
incident,HI_R003_I037,high_demand,R003,10.818875,106.668474
incident,HI_R003_I038,high_demand,R003,10.782042,106.692344
incident,HI_R003_I039,high_demand,R003,10.763164,106.714533
incident,HI_R003_I040,high_demand,R003,10.779083,106.682419
incident,HI_R003_I041,high_demand,R003,10.758882,106.694099
incident,HI_R003_I042,high_demand,R003,10.780715,106.684482
incident,HI_R003_I043,high_demand,R003,10.747822,106.6601
incident,HI_R003_I044,high_demand,R003,10.809184,106.699858
incident,HI_R003_I045,high_demand,R003,10.747369,106.685609
incident,HI_R003_I046,high_demand,R003,10.78019,106.656792
incident,HI_R003_I047,high_demand,R003,10.776151,106.639401
incident,HI_R003_I048,high_demand,R003,10.752043,106.677769
incident,HI_R003_I049,high_demand,R003,10.753042,106.675898
incident,HI_R003_I050,high_demand,R003,10.769129,106.710649
incident,HI_R003_I051,high_demand,R003,10.767585,106.633309
incident,HI_R003_I052,high_demand,R003,10.742802,106.723502
incident,HI_R003_I053,high_demand,R003,10.771034,106.626461
incident,HI_R003_I054,high_demand,R003,10.772856,106.657373
incident,HI_R003_I055,high_demand,R003,10.78199,106.630575
incident,HI_R003_I056,high_demand,R003,10.792372,106.678509
incident,HI_R003_I057,high_demand,R003,10.829472,106.638104
incident,HI_R003_I058,high_demand,R003,10.778107,106.663332
incident,HI_R003_I059,high_demand,R003,10.815063,106.674754
incident,HI_R003_I060,high_demand,R003,10.764741,106.711847
incident,HI_R003_I061,high_demand,R003,10.773094,106.715616
incident,HI_R003_I062,high_demand,R003,10.773602,106.635483
incident,HI_R003_I063,high_demand,R003,10.796907,106.707638
incident,HI_R003_I064,high_demand,R003,10.758783,106.646681
incident,HI_R003_I065,high_demand,R003,10.796831,106.711859
incident,HI_R003_I066,high_demand,R003,10.768477,106.718277
incident,HI_R003_I067,high_demand,R003,10.735017,106.624694
incident,HI_R003_I068,high_demand,R003,10.758112,106.683234
incident,HI_R003_I069,high_demand,R003,10.774407,106.672979
incident,HI_R003_I070,high_demand,R003,10.797135,106.652358
incident,HI_R003_I071,high_demand,R003,10.74998,106.696512
incident,HI_R003_I072,high_demand,R003,10.773697,106.604946
incident,HI_R003_I073,high_demand,R003,10.789665,106.668523
incident,HI_R003_I074,high_demand,R003,10.779128,106.682108
incident,HI_R003_I075,high_demand,R003,10.786951,106.731174
incident,HI_R003_I076,high_demand,R003,10.76824,106.710374
incident,HI_R003_I077,high_demand,R003,10.806417,106.705562
incident,HI_R003_I078,high_demand,R003,10.707554,106.683649
incident,HI_R003_I079,high_demand,R003,10.762655,106.678832
incident,HI_R003_I080,high_demand,R003,10.78623,106.741922
incident,HI_R003_I081,high_demand,R003,10.767133,106.70347
incident,HI_R003_I082,high_demand,R003,10.751916,106.696613
incident,HI_R003_I083,high_demand,R003,10.811712,106.680005
incident,HI_R003_I084,high_demand,R003,10.771506,106.649601
incident,HI_R003_I085,high_demand,R003,10.80391,106.679253
incident,HI_R003_I086,high_demand,R003,10.739688,106.72388
incident,HI_R003_I087,high_demand,R003,10.740137,106.685255
incident,HI_R003_I088,high_demand,R003,10.765227,106.645252
incident,HI_R003_I089,high_demand,R003,10.817531,106.642858
incident,HI_R003_I090,high_demand,R003,10.759589,106.659082
incident,HI_R003_I091,high_demand,R003,10.808091,106.62546
incident,HI_R003_I092,high_demand,R003,10.715028,106.592716
incident,HI_R003_I093,high_demand,R003,10.769392,106.66276
incident,HI_R003_I094,high_demand,R003,10.784757,106.676476
incident,HI_R003_I095,high_demand,R003,10.754111,106.680172
incident,HI_R003_I096,high_demand,R003,10.763122,106.639909
incident,HI_R003_I097,high_demand,R003,10.768476,106.647849
incident,HI_R003_I098,high_demand,R003,10.781996,106.73563
incident,HI_R003_I099,high_demand,R003,10.722429,106.694875
incident,HI_R003_I100,high_demand,R003,10.77921,106.717228
incident,HI_R004_I001,high_demand,R004,10.777724,106.683974
incident,HI_R004_I002,high_demand,R004,10.754144,106.625326
incident,HI_R004_I003,high_demand,R004,10.776989,106.645477
incident,HI_R004_I004,high_demand,R004,10.724795,106.73135
incident,HI_R004_I005,high_demand,R004,10.809933,106.717135
incident,HI_R004_I006,high_demand,R004,10.794538,106.633156
incident,HI_R004_I007,high_demand,R004,10.779288,106.714818
incident,HI_R004_I008,high_demand,R004,10.73636,106.697283
incident,HI_R004_I009,high_demand,R004,10.78636,106.681424
incident,HI_R004_I010,high_demand,R004,10.758342,106.694009
incident,HI_R004_I011,high_demand,R004,10.749538,106.651142
incident,HI_R004_I012,high_demand,R004,10.785814,106.657024
incident,HI_R004_I013,high_demand,R004,10.738584,106.649274
incident,HI_R004_I014,high_demand,R004,10.75034,106.658537
incident,HI_R004_I015,high_demand,R004,10.789537,106.666133
incident,HI_R004_I016,high_demand,R004,10.773277,106.683777
incident,HI_R004_I017,high_demand,R004,10.804286,106.721988
incident,HI_R004_I018,high_demand,R004,10.730908,106.687515
incident,HI_R004_I019,high_demand,R004,10.793405,106.692937
incident,HI_R004_I020,high_demand,R004,10.784034,106.726599
incident,HI_R004_I021,high_demand,R004,10.753891,106.684766
incident,HI_R004_I022,high_demand,R004,10.772568,106.722646
incident,HI_R004_I023,high_demand,R004,10.772894,106.694264
incident,HI_R004_I024,high_demand,R004,10.752968,106.676266
incident,HI_R004_I025,high_demand,R004,10.753658,106.692421
incident,HI_R004_I026,high_demand,R004,10.753488,106.684219
incident,HI_R004_I027,high_demand,R004,10.79671,106.701644
incident,HI_R004_I028,high_demand,R004,10.772417,106.686453
incident,HI_R004_I029,high_demand,R004,10.784405,106.651439
incident,HI_R004_I030,high_demand,R004,10.79754,106.713418
incident,HI_R004_I031,high_demand,R004,10.748488,106.69465
incident,HI_R004_I032,high_demand,R004,10.788463,106.738235
incident,HI_R004_I033,high_demand,R004,10.792447,106.697399
incident,HI_R004_I034,high_demand,R004,10.784211,106.714116
incident,HI_R004_I035,high_demand,R004,10.776418,106.696551
incident,HI_R004_I036,high_demand,R004,10.763173,106.681737
incident,HI_R004_I037,high_demand,R004,10.760287,106.681948
incident,HI_R004_I038,high_demand,R004,10.766631,106.623714
incident,HI_R004_I039,high_demand,R004,10.740461,106.650111
incident,HI_R004_I040,high_demand,R004,10.778777,106.700885
incident,HI_R004_I041,high_demand,R004,10.756788,106.728607
incident,HI_R004_I042,high_demand,R004,10.787517,106.683537
incident,HI_R004_I043,high_demand,R004,10.732629,106.694225
incident,HI_R004_I044,high_demand,R004,10.776608,106.639152
incident,HI_R004_I045,high_demand,R004,10.738458,106.644973
incident,HI_R004_I046,high_demand,R004,10.78686,106.691342
incident,HI_R004_I047,high_demand,R004,10.775233,106.633567
incident,HI_R004_I048,high_demand,R004,10.75464,106.658702
incident,HI_R004_I049,high_demand,R004,10.757449,106.706818
incident,HI_R004_I050,high_demand,R004,10.802356,106.679053
incident,HI_R004_I051,high_demand,R004,10.793612,106.658978
incident,HI_R004_I052,high_demand,R004,10.782576,106.657188
incident,HI_R004_I053,high_demand,R004,10.750436,106.706459
incident,HI_R004_I054,high_demand,R004,10.769891,106.660899
incident,HI_R004_I055,high_demand,R004,10.734047,106.673411
incident,HI_R004_I056,high_demand,R004,10.76616,106.669714
incident,HI_R004_I057,high_demand,R004,10.781633,106.688284
incident,HI_R004_I058,high_demand,R004,10.711684,106.682965
incident,HI_R004_I059,high_demand,R004,10.711916,106.66488
incident,HI_R004_I060,high_demand,R004,10.792211,106.654887
incident,HI_R004_I061,high_demand,R004,10.786202,106.615562
incident,HI_R004_I062,high_demand,R004,10.767032,106.635447
incident,HI_R004_I063,high_demand,R004,10.76814,106.673562
incident,HI_R004_I064,high_demand,R004,10.792868,106.646905
incident,HI_R004_I065,high_demand,R004,10.788663,106.685658
incident,HI_R004_I066,high_demand,R004,10.766661,106.658545
incident,HI_R004_I067,high_demand,R004,10.746809,106.674553
incident,HI_R004_I068,high_demand,R004,10.76814,106.65736
incident,HI_R004_I069,high_demand,R004,10.789233,106.70586
incident,HI_R004_I070,high_demand,R004,10.782647,106.67157
incident,HI_R004_I071,high_demand,R004,10.790923,106.725279
incident,HI_R004_I072,high_demand,R004,10.787418,106.667277
incident,HI_R004_I073,high_demand,R004,10.780427,106.706712
incident,HI_R004_I074,high_demand,R004,10.776371,106.66663
incident,HI_R004_I075,high_demand,R004,10.744041,106.651557
incident,HI_R004_I076,high_demand,R004,10.74891,106.71335
incident,HI_R004_I077,high_demand,R004,10.800295,106.6312
incident,HI_R004_I078,high_demand,R004,10.713738,106.676052
incident,HI_R004_I079,high_demand,R004,10.79511,106.743749
incident,HI_R004_I080,high_demand,R004,10.764544,106.720269
incident,HI_R004_I081,high_demand,R004,10.738921,106.736779
incident,HI_R004_I082,high_demand,R004,10.79056,106.667344
incident,HI_R004_I083,high_demand,R004,10.764368,106.718446
incident,HI_R004_I084,high_demand,R004,10.744632,106.68525
incident,HI_R004_I085,high_demand,R004,10.762495,106.620965
incident,HI_R004_I086,high_demand,R004,10.748128,106.698485
incident,HI_R004_I087,high_demand,R004,10.773914,106.668921
incident,HI_R004_I088,high_demand,R004,10.790892,106.713555
incident,HI_R004_I089,high_demand,R004,10.726204,106.678478
incident,HI_R004_I090,high_demand,R004,10.772642,106.67269
incident,HI_R004_I091,high_demand,R004,10.716209,106.69088
incident,HI_R004_I092,high_demand,R004,10.750894,106.621604
incident,HI_R004_I093,high_demand,R004,10.769223,106.714026
incident,HI_R004_I094,high_demand,R004,10.760121,106.720236
incident,HI_R004_I095,high_demand,R004,10.761324,106.725194
incident,HI_R004_I096,high_demand,R004,10.753844,106.660315
incident,HI_R004_I097,high_demand,R004,10.738738,106.719775
incident,HI_R004_I098,high_demand,R004,10.743091,106.645301
incident,HI_R004_I099,high_demand,R004,10.765996,106.660856
incident,HI_R004_I100,high_demand,R004,10.793282,106.649977
incident,HI_R005_I001,high_demand,R005,10.785421,106.682881
incident,HI_R005_I002,high_demand,R005,10.774236,106.720764
incident,HI_R005_I003,high_demand,R005,10.768813,106.589268
incident,HI_R005_I004,high_demand,R005,10.754705,106.673162
incident,HI_R005_I005,high_demand,R005,10.77801,106.694219
incident,HI_R005_I006,high_demand,R005,10.743715,106.629145
incident,HI_R005_I007,high_demand,R005,10.756707,106.644144
incident,HI_R005_I008,high_demand,R005,10.812094,106.732794
incident,HI_R005_I009,high_demand,R005,10.768437,106.697971
incident,HI_R005_I010,high_demand,R005,10.788024,106.693018
incident,HI_R005_I011,high_demand,R005,10.784217,106.709383
incident,HI_R005_I012,high_demand,R005,10.782404,106.674886
incident,HI_R005_I013,high_demand,R005,10.785048,106.654529
incident,HI_R005_I014,high_demand,R005,10.772658,106.683163
incident,HI_R005_I015,high_demand,R005,10.801787,106.663871
incident,HI_R005_I016,high_demand,R005,10.737122,106.746477
incident,HI_R005_I017,high_demand,R005,10.755643,106.665026
incident,HI_R005_I018,high_demand,R005,10.79771,106.732904
incident,HI_R005_I019,high_demand,R005,10.829576,106.697776
incident,HI_R005_I020,high_demand,R005,10.780008,106.711164
incident,HI_R005_I021,high_demand,R005,10.766287,106.677292
incident,HI_R005_I022,high_demand,R005,10.780692,106.685769
incident,HI_R005_I023,high_demand,R005,10.747257,106.623987
incident,HI_R005_I024,high_demand,R005,10.774035,106.701381
incident,HI_R005_I025,high_demand,R005,10.745657,106.634577
incident,HI_R005_I026,high_demand,R005,10.833527,106.738378
incident,HI_R005_I027,high_demand,R005,10.764679,106.718132
incident,HI_R005_I028,high_demand,R005,10.780463,106.659175
incident,HI_R005_I029,high_demand,R005,10.747057,106.736156
incident,HI_R005_I030,high_demand,R005,10.79991,106.707027
incident,HI_R005_I031,high_demand,R005,10.784953,106.702392
incident,HI_R005_I032,high_demand,R005,10.767989,106.677793
incident,HI_R005_I033,high_demand,R005,10.786543,106.708944
incident,HI_R005_I034,high_demand,R005,10.777784,106.700132
incident,HI_R005_I035,high_demand,R005,10.765126,106.674419
incident,HI_R005_I036,high_demand,R005,10.806247,106.61856
incident,HI_R005_I037,high_demand,R005,10.776513,106.667738
incident,HI_R005_I038,high_demand,R005,10.7878,106.644409
incident,HI_R005_I039,high_demand,R005,10.778668,106.618622
incident,HI_R005_I040,high_demand,R005,10.780866,106.684243
incident,HI_R005_I041,high_demand,R005,10.738543,106.642583
incident,HI_R005_I042,high_demand,R005,10.785125,106.644657
incident,HI_R005_I043,high_demand,R005,10.795718,106.677197
incident,HI_R005_I044,high_demand,R005,10.772266,106.65335
incident,HI_R005_I045,high_demand,R005,10.799696,106.695093
incident,HI_R005_I046,high_demand,R005,10.779057,106.613748
incident,HI_R005_I047,high_demand,R005,10.799729,106.634806
incident,HI_R005_I048,high_demand,R005,10.805528,106.703943
incident,HI_R005_I049,high_demand,R005,10.760176,106.671881
incident,HI_R005_I050,high_demand,R005,10.752817,106.67148
incident,HI_R005_I051,high_demand,R005,10.726845,106.707823
incident,HI_R005_I052,high_demand,R005,10.790691,106.693464
incident,HI_R005_I053,high_demand,R005,10.773823,106.665785
incident,HI_R005_I054,high_demand,R005,10.798901,106.718169
incident,HI_R005_I055,high_demand,R005,10.755823,106.646379
incident,HI_R005_I056,high_demand,R005,10.754348,106.684445
incident,HI_R005_I057,high_demand,R005,10.768403,106.701176
incident,HI_R005_I058,high_demand,R005,10.738507,106.68585
incident,HI_R005_I059,high_demand,R005,10.751314,106.710187
incident,HI_R005_I060,high_demand,R005,10.779255,106.720875
incident,HI_R005_I061,high_demand,R005,10.740078,106.678509
incident,HI_R005_I062,high_demand,R005,10.749929,106.712762
incident,HI_R005_I063,high_demand,R005,10.769405,106.73165
incident,HI_R005_I064,high_demand,R005,10.764223,106.691142
incident,HI_R005_I065,high_demand,R005,10.761161,106.583179
incident,HI_R005_I066,high_demand,R005,10.788592,106.649103
incident,HI_R005_I067,high_demand,R005,10.783745,106.749478
incident,HI_R005_I068,high_demand,R005,10.739853,106.713855
incident,HI_R005_I069,high_demand,R005,10.760925,106.641243
incident,HI_R005_I070,high_demand,R005,10.751351,106.663315
incident,HI_R005_I071,high_demand,R005,10.778072,106.70672
incident,HI_R005_I072,high_demand,R005,10.729511,106.681856
incident,HI_R005_I073,high_demand,R005,10.770291,106.698593
incident,HI_R005_I074,high_demand,R005,10.783137,106.65147
incident,HI_R005_I075,high_demand,R005,10.761662,106.770708
incident,HI_R005_I076,high_demand,R005,10.763947,106.709096
incident,HI_R005_I077,high_demand,R005,10.748987,106.743844
incident,HI_R005_I078,high_demand,R005,10.796808,106.670666
incident,HI_R005_I079,high_demand,R005,10.783108,106.700617
incident,HI_R005_I080,high_demand,R005,10.786166,106.670361
incident,HI_R005_I081,high_demand,R005,10.809756,106.736643
incident,HI_R005_I082,high_demand,R005,10.807154,106.696418
incident,HI_R005_I083,high_demand,R005,10.77131,106.641872
incident,HI_R005_I084,high_demand,R005,10.73576,106.704286
incident,HI_R005_I085,high_demand,R005,10.739529,106.653936
incident,HI_R005_I086,high_demand,R005,10.71882,106.72605
incident,HI_R005_I087,high_demand,R005,10.768608,106.682728
incident,HI_R005_I088,high_demand,R005,10.731309,106.688265
incident,HI_R005_I089,high_demand,R005,10.760603,106.674458
incident,HI_R005_I090,high_demand,R005,10.76555,106.582033
incident,HI_R005_I091,high_demand,R005,10.761049,106.642411
incident,HI_R005_I092,high_demand,R005,10.766278,106.7346
incident,HI_R005_I093,high_demand,R005,10.786482,106.64261
incident,HI_R005_I094,high_demand,R005,10.768988,106.663323
incident,HI_R005_I095,high_demand,R005,10.81526,106.677121
incident,HI_R005_I096,high_demand,R005,10.814162,106.622937
incident,HI_R005_I097,high_demand,R005,10.742865,106.668975
incident,HI_R005_I098,high_demand,R005,10.7669,106.691932
incident,HI_R005_I099,high_demand,R005,10.751285,106.680246
incident,HI_R005_I100,high_demand,R005,10.755303,106.674164
incident,HI_R006_I001,high_demand,R006,10.734547,106.705468
incident,HI_R006_I002,high_demand,R006,10.809107,106.7056
incident,HI_R006_I003,high_demand,R006,10.802469,106.652702
incident,HI_R006_I004,high_demand,R006,10.76007,106.749242
incident,HI_R006_I005,high_demand,R006,10.760488,106.715637
incident,HI_R006_I006,high_demand,R006,10.733138,106.692418
incident,HI_R006_I007,high_demand,R006,10.732804,106.707658
incident,HI_R006_I008,high_demand,R006,10.740463,106.619065
incident,HI_R006_I009,high_demand,R006,10.727854,106.634687
incident,HI_R006_I010,high_demand,R006,10.727929,106.656588
incident,HI_R006_I011,high_demand,R006,10.779686,106.616195
incident,HI_R006_I012,high_demand,R006,10.768844,106.638021
incident,HI_R006_I013,high_demand,R006,10.773962,106.707634
incident,HI_R006_I014,high_demand,R006,10.729083,106.725317
incident,HI_R006_I015,high_demand,R006,10.728785,106.650354
incident,HI_R006_I016,high_demand,R006,10.789521,106.645694
incident,HI_R006_I017,high_demand,R006,10.790034,106.651566
incident,HI_R006_I018,high_demand,R006,10.732683,106.634036
incident,HI_R006_I019,high_demand,R006,10.766061,106.705142
incident,HI_R006_I020,high_demand,R006,10.79607,106.681552
incident,HI_R006_I021,high_demand,R006,10.764578,106.707656
incident,HI_R006_I022,high_demand,R006,10.760911,106.689207
incident,HI_R006_I023,high_demand,R006,10.804321,106.664394
incident,HI_R006_I024,high_demand,R006,10.760251,106.724604
incident,HI_R006_I025,high_demand,R006,10.799916,106.670957
incident,HI_R006_I026,high_demand,R006,10.828011,106.657592
incident,HI_R006_I027,high_demand,R006,10.778867,106.646973
incident,HI_R006_I028,high_demand,R006,10.777993,106.711972
incident,HI_R006_I029,high_demand,R006,10.78334,106.672628
incident,HI_R006_I030,high_demand,R006,10.739273,106.650333
incident,HI_R006_I031,high_demand,R006,10.776854,106.675414
incident,HI_R006_I032,high_demand,R006,10.716048,106.694459
incident,HI_R006_I033,high_demand,R006,10.767049,106.693148
incident,HI_R006_I034,high_demand,R006,10.748447,106.656833
incident,HI_R006_I035,high_demand,R006,10.801309,106.709074
incident,HI_R006_I036,high_demand,R006,10.757317,106.731116
incident,HI_R006_I037,high_demand,R006,10.781622,106.674846
incident,HI_R006_I038,high_demand,R006,10.787656,106.666777
incident,HI_R006_I039,high_demand,R006,10.744872,106.713301
incident,HI_R006_I040,high_demand,R006,10.80828,106.664367
incident,HI_R006_I041,high_demand,R006,10.802686,106.672032
incident,HI_R006_I042,high_demand,R006,10.722121,106.636875
incident,HI_R006_I043,high_demand,R006,10.750184,106.677732
incident,HI_R006_I044,high_demand,R006,10.77957,106.653539
incident,HI_R006_I045,high_demand,R006,10.830215,106.681027
incident,HI_R006_I046,high_demand,R006,10.781249,106.6804
incident,HI_R006_I047,high_demand,R006,10.722315,106.691727
incident,HI_R006_I048,high_demand,R006,10.753248,106.744097
incident,HI_R006_I049,high_demand,R006,10.728656,106.727937
incident,HI_R006_I050,high_demand,R006,10.744213,106.779156
incident,HI_R006_I051,high_demand,R006,10.786785,106.696064
incident,HI_R006_I052,high_demand,R006,10.740305,106.645293
incident,HI_R006_I053,high_demand,R006,10.748924,106.689333
incident,HI_R006_I054,high_demand,R006,10.730467,106.647514
incident,HI_R006_I055,high_demand,R006,10.72924,106.694158
incident,HI_R006_I056,high_demand,R006,10.784391,106.660753
incident,HI_R006_I057,high_demand,R006,10.751584,106.716803
incident,HI_R006_I058,high_demand,R006,10.759896,106.642959
incident,HI_R006_I059,high_demand,R006,10.761012,106.621449
incident,HI_R006_I060,high_demand,R006,10.777076,106.675414
incident,HI_R006_I061,high_demand,R006,10.810913,106.6798
incident,HI_R006_I062,high_demand,R006,10.762464,106.641876
incident,HI_R006_I063,high_demand,R006,10.794448,106.636722
incident,HI_R006_I064,high_demand,R006,10.76203,106.689533
incident,HI_R006_I065,high_demand,R006,10.767108,106.693972
incident,HI_R006_I066,high_demand,R006,10.76931,106.676721
incident,HI_R006_I067,high_demand,R006,10.786576,106.608843
incident,HI_R006_I068,high_demand,R006,10.761851,106.654494
incident,HI_R006_I069,high_demand,R006,10.778505,106.669624
incident,HI_R006_I070,high_demand,R006,10.777651,106.676974
incident,HI_R006_I071,high_demand,R006,10.755761,106.755243
incident,HI_R006_I072,high_demand,R006,10.740837,106.666731
incident,HI_R006_I073,high_demand,R006,10.730798,106.606218
incident,HI_R006_I074,high_demand,R006,10.721533,106.694102
incident,HI_R006_I075,high_demand,R006,10.783231,106.6407
incident,HI_R006_I076,high_demand,R006,10.78261,106.62369
incident,HI_R006_I077,high_demand,R006,10.742239,106.680241
incident,HI_R006_I078,high_demand,R006,10.75341,106.681504
incident,HI_R006_I079,high_demand,R006,10.773563,106.717827
incident,HI_R006_I080,high_demand,R006,10.790489,106.652546
incident,HI_R006_I081,high_demand,R006,10.767585,106.64746
incident,HI_R006_I082,high_demand,R006,10.779785,106.76238
incident,HI_R006_I083,high_demand,R006,10.826714,106.673275
incident,HI_R006_I084,high_demand,R006,10.792921,106.729066
incident,HI_R006_I085,high_demand,R006,10.766973,106.672989
incident,HI_R006_I086,high_demand,R006,10.789343,106.69252
incident,HI_R006_I087,high_demand,R006,10.755355,106.711274
incident,HI_R006_I088,high_demand,R006,10.76654,106.667917
incident,HI_R006_I089,high_demand,R006,10.795702,106.768059
incident,HI_R006_I090,high_demand,R006,10.797378,106.747372
incident,HI_R006_I091,high_demand,R006,10.745181,106.726899
incident,HI_R006_I092,high_demand,R006,10.749489,106.676002
incident,HI_R006_I093,high_demand,R006,10.76217,106.654648
incident,HI_R006_I094,high_demand,R006,10.791376,106.6985
incident,HI_R006_I095,high_demand,R006,10.794411,106.640727
incident,HI_R006_I096,high_demand,R006,10.765143,106.650113
incident,HI_R006_I097,high_demand,R006,10.768192,106.615669
incident,HI_R006_I098,high_demand,R006,10.73896,106.690159
incident,HI_R006_I099,high_demand,R006,10.74092,106.664308
incident,HI_R006_I100,high_demand,R006,10.739646,106.719572
incident,HI_R007_I001,high_demand,R007,10.763159,106.689156
incident,HI_R007_I002,high_demand,R007,10.709913,106.706784
incident,HI_R007_I003,high_demand,R007,10.707223,106.694019
incident,HI_R007_I004,high_demand,R007,10.820266,106.637673
incident,HI_R007_I005,high_demand,R007,10.793289,106.68489
incident,HI_R007_I006,high_demand,R007,10.774858,106.679326
incident,HI_R007_I007,high_demand,R007,10.771881,106.641287
incident,HI_R007_I008,high_demand,R007,10.75199,106.623523
incident,HI_R007_I009,high_demand,R007,10.742792,106.632592
incident,HI_R007_I010,high_demand,R007,10.734683,106.696574
incident,HI_R007_I011,high_demand,R007,10.770936,106.661283
incident,HI_R007_I012,high_demand,R007,10.75682,106.700444
incident,HI_R007_I013,high_demand,R007,10.774864,106.733512
incident,HI_R007_I014,high_demand,R007,10.834597,106.675843
incident,HI_R007_I015,high_demand,R007,10.769974,106.687277
incident,HI_R007_I016,high_demand,R007,10.76329,106.719358
incident,HI_R007_I017,high_demand,R007,10.769406,106.662656
incident,HI_R007_I018,high_demand,R007,10.781476,106.661277
incident,HI_R007_I019,high_demand,R007,10.751479,106.666327
incident,HI_R007_I020,high_demand,R007,10.768445,106.717738
incident,HI_R007_I021,high_demand,R007,10.771781,106.756391
incident,HI_R007_I022,high_demand,R007,10.766224,106.68224
incident,HI_R007_I023,high_demand,R007,10.805541,106.685329
incident,HI_R007_I024,high_demand,R007,10.77051,106.623162
incident,HI_R007_I025,high_demand,R007,10.781802,106.666877
incident,HI_R007_I026,high_demand,R007,10.786794,106.715767
incident,HI_R007_I027,high_demand,R007,10.761834,106.650353
incident,HI_R007_I028,high_demand,R007,10.764435,106.647354
incident,HI_R007_I029,high_demand,R007,10.741831,106.705339
incident,HI_R007_I030,high_demand,R007,10.764328,106.687979
incident,HI_R007_I031,high_demand,R007,10.75975,106.667133
incident,HI_R007_I032,high_demand,R007,10.766111,106.712264
incident,HI_R007_I033,high_demand,R007,10.755828,106.686805
incident,HI_R007_I034,high_demand,R007,10.759812,106.684875
incident,HI_R007_I035,high_demand,R007,10.773039,106.692013
incident,HI_R007_I036,high_demand,R007,10.775659,106.690623
incident,HI_R007_I037,high_demand,R007,10.821356,106.63042
incident,HI_R007_I038,high_demand,R007,10.791103,106.69561
incident,HI_R007_I039,high_demand,R007,10.747051,106.685534
incident,HI_R007_I040,high_demand,R007,10.810043,106.642939
incident,HI_R007_I041,high_demand,R007,10.749269,106.707437
incident,HI_R007_I042,high_demand,R007,10.798665,106.686134
incident,HI_R007_I043,high_demand,R007,10.778584,106.673061
incident,HI_R007_I044,high_demand,R007,10.763005,106.638391
incident,HI_R007_I045,high_demand,R007,10.797852,106.664041
incident,HI_R007_I046,high_demand,R007,10.74072,106.704871
incident,HI_R007_I047,high_demand,R007,10.795039,106.7
incident,HI_R007_I048,high_demand,R007,10.791601,106.684102
incident,HI_R007_I049,high_demand,R007,10.770949,106.682208
incident,HI_R007_I050,high_demand,R007,10.731753,106.646664
incident,HI_R007_I051,high_demand,R007,10.719721,106.719639
incident,HI_R007_I052,high_demand,R007,10.773229,106.719869
incident,HI_R007_I053,high_demand,R007,10.755904,106.683432
incident,HI_R007_I054,high_demand,R007,10.804043,106.648094
incident,HI_R007_I055,high_demand,R007,10.73962,106.684733
incident,HI_R007_I056,high_demand,R007,10.783278,106.642596
incident,HI_R007_I057,high_demand,R007,10.77222,106.710282
incident,HI_R007_I058,high_demand,R007,10.740866,106.705084
incident,HI_R007_I059,high_demand,R007,10.782857,106.651747
incident,HI_R007_I060,high_demand,R007,10.765826,106.696777
incident,HI_R007_I061,high_demand,R007,10.788539,106.684499
incident,HI_R007_I062,high_demand,R007,10.783524,106.711037
incident,HI_R007_I063,high_demand,R007,10.831916,106.650784
incident,HI_R007_I064,high_demand,R007,10.720339,106.702214
incident,HI_R007_I065,high_demand,R007,10.791757,106.626505
incident,HI_R007_I066,high_demand,R007,10.754844,106.658576
incident,HI_R007_I067,high_demand,R007,10.746444,106.656347
incident,HI_R007_I068,high_demand,R007,10.820316,106.655681
incident,HI_R007_I069,high_demand,R007,10.727505,106.663401
incident,HI_R007_I070,high_demand,R007,10.790152,106.679538
incident,HI_R007_I071,high_demand,R007,10.746855,106.613677
incident,HI_R007_I072,high_demand,R007,10.776433,106.717486
incident,HI_R007_I073,high_demand,R007,10.809562,106.622768
incident,HI_R007_I074,high_demand,R007,10.742182,106.683127
incident,HI_R007_I075,high_demand,R007,10.754725,106.695814
incident,HI_R007_I076,high_demand,R007,10.77811,106.725745
incident,HI_R007_I077,high_demand,R007,10.79733,106.710684
incident,HI_R007_I078,high_demand,R007,10.814709,106.614696
incident,HI_R007_I079,high_demand,R007,10.758095,106.610379
incident,HI_R007_I080,high_demand,R007,10.801384,106.684684
incident,HI_R007_I081,high_demand,R007,10.761193,106.671619
incident,HI_R007_I082,high_demand,R007,10.750295,106.721667
incident,HI_R007_I083,high_demand,R007,10.761379,106.624358
incident,HI_R007_I084,high_demand,R007,10.771531,106.70197
incident,HI_R007_I085,high_demand,R007,10.731561,106.666165
incident,HI_R007_I086,high_demand,R007,10.754303,106.695771
incident,HI_R007_I087,high_demand,R007,10.777076,106.654403
incident,HI_R007_I088,high_demand,R007,10.726907,106.668659
incident,HI_R007_I089,high_demand,R007,10.775469,106.73224
incident,HI_R007_I090,high_demand,R007,10.785162,106.647769
incident,HI_R007_I091,high_demand,R007,10.768055,106.711137
incident,HI_R007_I092,high_demand,R007,10.749013,106.629376
incident,HI_R007_I093,high_demand,R007,10.78995,106.687341
incident,HI_R007_I094,high_demand,R007,10.824195,106.718874
incident,HI_R007_I095,high_demand,R007,10.768672,106.703973
incident,HI_R007_I096,high_demand,R007,10.749521,106.731059
incident,HI_R007_I097,high_demand,R007,10.780529,106.715735
incident,HI_R007_I098,high_demand,R007,10.720349,106.70903
incident,HI_R007_I099,high_demand,R007,10.755744,106.744189
incident,HI_R007_I100,high_demand,R007,10.739438,106.725168
incident,HI_R008_I001,high_demand,R008,10.792355,106.62107
incident,HI_R008_I002,high_demand,R008,10.796211,106.652356
incident,HI_R008_I003,high_demand,R008,10.805978,106.711748
incident,HI_R008_I004,high_demand,R008,10.765454,106.637245
incident,HI_R008_I005,high_demand,R008,10.752873,106.696809
incident,HI_R008_I006,high_demand,R008,10.753249,106.648793
incident,HI_R008_I007,high_demand,R008,10.770155,106.721236
incident,HI_R008_I008,high_demand,R008,10.770726,106.678354
incident,HI_R008_I009,high_demand,R008,10.750822,106.646118
incident,HI_R008_I010,high_demand,R008,10.752627,106.735879
incident,HI_R008_I011,high_demand,R008,10.741893,106.689293
incident,HI_R008_I012,high_demand,R008,10.789448,106.691306
incident,HI_R008_I013,high_demand,R008,10.771735,106.682749
incident,HI_R008_I014,high_demand,R008,10.696336,106.631681
incident,HI_R008_I015,high_demand,R008,10.750344,106.66752
incident,HI_R008_I016,high_demand,R008,10.760097,106.723358
incident,HI_R008_I017,high_demand,R008,10.741852,106.778657
incident,HI_R008_I018,high_demand,R008,10.770106,106.602896
incident,HI_R008_I019,high_demand,R008,10.792467,106.639074
incident,HI_R008_I020,high_demand,R008,10.789664,106.700948
incident,HI_R008_I021,high_demand,R008,10.782783,106.657298
incident,HI_R008_I022,high_demand,R008,10.811239,106.707653
incident,HI_R008_I023,high_demand,R008,10.774524,106.67958
incident,HI_R008_I024,high_demand,R008,10.792143,106.734323
incident,HI_R008_I025,high_demand,R008,10.771048,106.630388
incident,HI_R008_I026,high_demand,R008,10.740727,106.678095
incident,HI_R008_I027,high_demand,R008,10.808508,106.636312
incident,HI_R008_I028,high_demand,R008,10.773078,106.67078
incident,HI_R008_I029,high_demand,R008,10.782548,106.674289
incident,HI_R008_I030,high_demand,R008,10.732247,106.724819
incident,HI_R008_I031,high_demand,R008,10.75691,106.678758
incident,HI_R008_I032,high_demand,R008,10.752201,106.646782
incident,HI_R008_I033,high_demand,R008,10.761659,106.693029
incident,HI_R008_I034,high_demand,R008,10.771339,106.666415
incident,HI_R008_I035,high_demand,R008,10.7765,106.649904
incident,HI_R008_I036,high_demand,R008,10.77946,106.740692
incident,HI_R008_I037,high_demand,R008,10.690804,106.735208
incident,HI_R008_I038,high_demand,R008,10.784669,106.666329
incident,HI_R008_I039,high_demand,R008,10.76528,106.630903
incident,HI_R008_I040,high_demand,R008,10.769395,106.700128
incident,HI_R008_I041,high_demand,R008,10.75225,106.682687
incident,HI_R008_I042,high_demand,R008,10.786985,106.689567
incident,HI_R008_I043,high_demand,R008,10.799758,106.722803
incident,HI_R008_I044,high_demand,R008,10.756202,106.698657
incident,HI_R008_I045,high_demand,R008,10.72886,106.645307
incident,HI_R008_I046,high_demand,R008,10.759074,106.686289
incident,HI_R008_I047,high_demand,R008,10.77075,106.687792
incident,HI_R008_I048,high_demand,R008,10.757894,106.664234
incident,HI_R008_I049,high_demand,R008,10.721886,106.688136
incident,HI_R008_I050,high_demand,R008,10.831986,106.66244
incident,HI_R008_I051,high_demand,R008,10.747721,106.611361
incident,HI_R008_I052,high_demand,R008,10.789811,106.670579
incident,HI_R008_I053,high_demand,R008,10.781541,106.704038
incident,HI_R008_I054,high_demand,R008,10.777823,106.686055
incident,HI_R008_I055,high_demand,R008,10.767097,106.655927
incident,HI_R008_I056,high_demand,R008,10.759597,106.66739
incident,HI_R008_I057,high_demand,R008,10.769074,106.645653
incident,HI_R008_I058,high_demand,R008,10.789434,106.592524
incident,HI_R008_I059,high_demand,R008,10.765252,106.678701
incident,HI_R008_I060,high_demand,R008,10.763899,106.676755
incident,HI_R008_I061,high_demand,R008,10.780396,106.67985
incident,HI_R008_I062,high_demand,R008,10.76441,106.602416
incident,HI_R008_I063,high_demand,R008,10.755988,106.62309
incident,HI_R008_I064,high_demand,R008,10.725125,106.627091
incident,HI_R008_I065,high_demand,R008,10.784673,106.691526
incident,HI_R008_I066,high_demand,R008,10.746281,106.654705
incident,HI_R008_I067,high_demand,R008,10.735454,106.734274
incident,HI_R008_I068,high_demand,R008,10.738172,106.691616
incident,HI_R008_I069,high_demand,R008,10.834633,106.707481
incident,HI_R008_I070,high_demand,R008,10.808058,106.648417
incident,HI_R008_I071,high_demand,R008,10.80954,106.655716
incident,HI_R008_I072,high_demand,R008,10.785522,106.765098
incident,HI_R008_I073,high_demand,R008,10.797436,106.633112
incident,HI_R008_I074,high_demand,R008,10.77023,106.694353
incident,HI_R008_I075,high_demand,R008,10.766742,106.671515
incident,HI_R008_I076,high_demand,R008,10.775459,106.680927
incident,HI_R008_I077,high_demand,R008,10.747686,106.67513
incident,HI_R008_I078,high_demand,R008,10.760416,106.667869
incident,HI_R008_I079,high_demand,R008,10.831338,106.631575
incident,HI_R008_I080,high_demand,R008,10.789993,106.678439
incident,HI_R008_I081,high_demand,R008,10.770784,106.715793
incident,HI_R008_I082,high_demand,R008,10.767424,106.665007
incident,HI_R008_I083,high_demand,R008,10.753564,106.640221
incident,HI_R008_I084,high_demand,R008,10.744572,106.598591
incident,HI_R008_I085,high_demand,R008,10.771542,106.731304
incident,HI_R008_I086,high_demand,R008,10.760792,106.670591
incident,HI_R008_I087,high_demand,R008,10.81797,106.678312
incident,HI_R008_I088,high_demand,R008,10.758351,106.663678
incident,HI_R008_I089,high_demand,R008,10.774721,106.666922
incident,HI_R008_I090,high_demand,R008,10.808084,106.660478
incident,HI_R008_I091,high_demand,R008,10.816172,106.695811
incident,HI_R008_I092,high_demand,R008,10.793802,106.666332
incident,HI_R008_I093,high_demand,R008,10.71391,106.707955
incident,HI_R008_I094,high_demand,R008,10.785989,106.70575
incident,HI_R008_I095,high_demand,R008,10.768059,106.746001
incident,HI_R008_I096,high_demand,R008,10.768639,106.735883
incident,HI_R008_I097,high_demand,R008,10.815078,106.663802
incident,HI_R008_I098,high_demand,R008,10.733353,106.660937
incident,HI_R008_I099,high_demand,R008,10.791036,106.664702
incident,HI_R008_I100,high_demand,R008,10.77383,106.672582
incident,HI_R009_I001,high_demand,R009,10.768676,106.654999
incident,HI_R009_I002,high_demand,R009,10.765701,106.725322
incident,HI_R009_I003,high_demand,R009,10.735605,106.672336
incident,HI_R009_I004,high_demand,R009,10.742421,106.656986
incident,HI_R009_I005,high_demand,R009,10.814497,106.692729
incident,HI_R009_I006,high_demand,R009,10.746064,106.623089
incident,HI_R009_I007,high_demand,R009,10.759411,106.665183
incident,HI_R009_I008,high_demand,R009,10.784947,106.653628
incident,HI_R009_I009,high_demand,R009,10.7416,106.767101
incident,HI_R009_I010,high_demand,R009,10.747646,106.654402
incident,HI_R009_I011,high_demand,R009,10.737435,106.687911
incident,HI_R009_I012,high_demand,R009,10.798983,106.69093
incident,HI_R009_I013,high_demand,R009,10.736709,106.733923
incident,HI_R009_I014,high_demand,R009,10.783349,106.730965
incident,HI_R009_I015,high_demand,R009,10.792286,106.671359
incident,HI_R009_I016,high_demand,R009,10.732951,106.691651
incident,HI_R009_I017,high_demand,R009,10.781365,106.750682
incident,HI_R009_I018,high_demand,R009,10.769894,106.633237
incident,HI_R009_I019,high_demand,R009,10.748255,106.612985
incident,HI_R009_I020,high_demand,R009,10.766657,106.660602
incident,HI_R009_I021,high_demand,R009,10.812877,106.704792
incident,HI_R009_I022,high_demand,R009,10.734582,106.69534
incident,HI_R009_I023,high_demand,R009,10.756251,106.674068
incident,HI_R009_I024,high_demand,R009,10.753994,106.712642
incident,HI_R009_I025,high_demand,R009,10.773984,106.639281
incident,HI_R009_I026,high_demand,R009,10.814036,106.738484
incident,HI_R009_I027,high_demand,R009,10.791058,106.681963
incident,HI_R009_I028,high_demand,R009,10.781045,106.696141
incident,HI_R009_I029,high_demand,R009,10.747671,106.691761
incident,HI_R009_I030,high_demand,R009,10.75327,106.733796
incident,HI_R009_I031,high_demand,R009,10.790164,106.647275
incident,HI_R009_I032,high_demand,R009,10.808018,106.711841
incident,HI_R009_I033,high_demand,R009,10.781719,106.663648
incident,HI_R009_I034,high_demand,R009,10.762937,106.686063
incident,HI_R009_I035,high_demand,R009,10.784926,106.704108
incident,HI_R009_I036,high_demand,R009,10.751555,106.648858
incident,HI_R009_I037,high_demand,R009,10.761908,106.662862
incident,HI_R009_I038,high_demand,R009,10.801176,106.66559
incident,HI_R009_I039,high_demand,R009,10.770878,106.654713
incident,HI_R009_I040,high_demand,R009,10.738759,106.643557
incident,HI_R009_I041,high_demand,R009,10.755622,106.735355
incident,HI_R009_I042,high_demand,R009,10.766839,106.652279
incident,HI_R009_I043,high_demand,R009,10.764656,106.626406
incident,HI_R009_I044,high_demand,R009,10.771797,106.635531
incident,HI_R009_I045,high_demand,R009,10.765466,106.581403
incident,HI_R009_I046,high_demand,R009,10.747429,106.66945
incident,HI_R009_I047,high_demand,R009,10.781265,106.676672
incident,HI_R009_I048,high_demand,R009,10.738591,106.643232
incident,HI_R009_I049,high_demand,R009,10.7875,106.688442
incident,HI_R009_I050,high_demand,R009,10.730206,106.721494
incident,HI_R009_I051,high_demand,R009,10.787207,106.699424
incident,HI_R009_I052,high_demand,R009,10.809482,106.682418
incident,HI_R009_I053,high_demand,R009,10.764649,106.660319
incident,HI_R009_I054,high_demand,R009,10.785753,106.716142
incident,HI_R009_I055,high_demand,R009,10.808426,106.705799
incident,HI_R009_I056,high_demand,R009,10.730766,106.654946
incident,HI_R009_I057,high_demand,R009,10.789403,106.670262
incident,HI_R009_I058,high_demand,R009,10.783209,106.687504
incident,HI_R009_I059,high_demand,R009,10.749514,106.726593
incident,HI_R009_I060,high_demand,R009,10.741912,106.669515
incident,HI_R009_I061,high_demand,R009,10.774627,106.693671
incident,HI_R009_I062,high_demand,R009,10.75156,106.643002
incident,HI_R009_I063,high_demand,R009,10.759859,106.734199
incident,HI_R009_I064,high_demand,R009,10.738293,106.697922
incident,HI_R009_I065,high_demand,R009,10.801023,106.673363
incident,HI_R009_I066,high_demand,R009,10.773543,106.690635
incident,HI_R009_I067,high_demand,R009,10.760717,106.730381
incident,HI_R009_I068,high_demand,R009,10.8121,106.679729
incident,HI_R009_I069,high_demand,R009,10.74197,106.659028
incident,HI_R009_I070,high_demand,R009,10.779052,106.66383
incident,HI_R009_I071,high_demand,R009,10.78081,106.750506
incident,HI_R009_I072,high_demand,R009,10.80471,106.614565
incident,HI_R009_I073,high_demand,R009,10.768658,106.60569
incident,HI_R009_I074,high_demand,R009,10.765478,106.741592
incident,HI_R009_I075,high_demand,R009,10.745365,106.655829
incident,HI_R009_I076,high_demand,R009,10.75918,106.64094
incident,HI_R009_I077,high_demand,R009,10.78917,106.680177
incident,HI_R009_I078,high_demand,R009,10.78404,106.648441
incident,HI_R009_I079,high_demand,R009,10.802344,106.694267
incident,HI_R009_I080,high_demand,R009,10.6939,106.729217
incident,HI_R009_I081,high_demand,R009,10.796703,106.649801
incident,HI_R009_I082,high_demand,R009,10.761452,106.675604
incident,HI_R009_I083,high_demand,R009,10.739367,106.666114
incident,HI_R009_I084,high_demand,R009,10.801133,106.714885
incident,HI_R009_I085,high_demand,R009,10.753193,106.670744
incident,HI_R009_I086,high_demand,R009,10.790956,106.709627
incident,HI_R009_I087,high_demand,R009,10.767367,106.727847
incident,HI_R009_I088,high_demand,R009,10.765422,106.712385
incident,HI_R009_I089,high_demand,R009,10.800257,106.65408
incident,HI_R009_I090,high_demand,R009,10.755553,106.697881
incident,HI_R009_I091,high_demand,R009,10.755373,106.762757
incident,HI_R009_I092,high_demand,R009,10.825541,106.681388
incident,HI_R009_I093,high_demand,R009,10.769425,106.678333
incident,HI_R009_I094,high_demand,R009,10.765896,106.608166
incident,HI_R009_I095,high_demand,R009,10.748753,106.728269
incident,HI_R009_I096,high_demand,R009,10.727497,106.699211
incident,HI_R009_I097,high_demand,R009,10.794734,106.677009
incident,HI_R009_I098,high_demand,R009,10.756519,106.631817
incident,HI_R009_I099,high_demand,R009,10.777533,106.692084
incident,HI_R009_I100,high_demand,R009,10.772623,106.718313
incident,HI_R010_I001,high_demand,R010,10.769137,106.687441
incident,HI_R010_I002,high_demand,R010,10.774419,106.626655
incident,HI_R010_I003,high_demand,R010,10.78567,106.675494
incident,HI_R010_I004,high_demand,R010,10.767108,106.617452
incident,HI_R010_I005,high_demand,R010,10.750652,106.710352
incident,HI_R010_I006,high_demand,R010,10.767893,106.659932
incident,HI_R010_I007,high_demand,R010,10.723813,106.685999
incident,HI_R010_I008,high_demand,R010,10.793231,106.680024
incident,HI_R010_I009,high_demand,R010,10.749978,106.688401
incident,HI_R010_I010,high_demand,R010,10.720871,106.718059
incident,HI_R010_I011,high_demand,R010,10.758889,106.672186
incident,HI_R010_I012,high_demand,R010,10.764928,106.693005
incident,HI_R010_I013,high_demand,R010,10.741564,106.588133
incident,HI_R010_I014,high_demand,R010,10.800673,106.696318
incident,HI_R010_I015,high_demand,R010,10.781452,106.654449
incident,HI_R010_I016,high_demand,R010,10.764589,106.675447
incident,HI_R010_I017,high_demand,R010,10.724952,106.610352
incident,HI_R010_I018,high_demand,R010,10.760867,106.650768
incident,HI_R010_I019,high_demand,R010,10.753181,106.671259
incident,HI_R010_I020,high_demand,R010,10.771126,106.703889
incident,HI_R010_I021,high_demand,R010,10.829349,106.684466
incident,HI_R010_I022,high_demand,R010,10.774193,106.676467
incident,HI_R010_I023,high_demand,R010,10.756013,106.692278
incident,HI_R010_I024,high_demand,R010,10.738993,106.74246
incident,HI_R010_I025,high_demand,R010,10.80821,106.695333
incident,HI_R010_I026,high_demand,R010,10.795023,106.683549
incident,HI_R010_I027,high_demand,R010,10.746378,106.687138
incident,HI_R010_I028,high_demand,R010,10.807273,106.691713
incident,HI_R010_I029,high_demand,R010,10.767057,106.704617
incident,HI_R010_I030,high_demand,R010,10.727418,106.644439
incident,HI_R010_I031,high_demand,R010,10.779891,106.668784
incident,HI_R010_I032,high_demand,R010,10.798226,106.674673
incident,HI_R010_I033,high_demand,R010,10.792893,106.62891
incident,HI_R010_I034,high_demand,R010,10.766011,106.665485
incident,HI_R010_I035,high_demand,R010,10.758224,106.701963
incident,HI_R010_I036,high_demand,R010,10.782161,106.650346
incident,HI_R010_I037,high_demand,R010,10.755797,106.689554
incident,HI_R010_I038,high_demand,R010,10.759466,106.748478
incident,HI_R010_I039,high_demand,R010,10.746925,106.605239
incident,HI_R010_I040,high_demand,R010,10.802828,106.672887
incident,HI_R010_I041,high_demand,R010,10.83056,106.708885
incident,HI_R010_I042,high_demand,R010,10.765272,106.653081
incident,HI_R010_I043,high_demand,R010,10.792441,106.677414
incident,HI_R010_I044,high_demand,R010,10.77406,106.655225
incident,HI_R010_I045,high_demand,R010,10.764343,106.71166
incident,HI_R010_I046,high_demand,R010,10.757621,106.676897
incident,HI_R010_I047,high_demand,R010,10.756461,106.680342
incident,HI_R010_I048,high_demand,R010,10.759789,106.657417
incident,HI_R010_I049,high_demand,R010,10.814966,106.749863
incident,HI_R010_I050,high_demand,R010,10.785969,106.724982
incident,HI_R010_I051,high_demand,R010,10.787828,106.735439
incident,HI_R010_I052,high_demand,R010,10.758164,106.676953
incident,HI_R010_I053,high_demand,R010,10.786029,106.746012
incident,HI_R010_I054,high_demand,R010,10.749129,106.690015
incident,HI_R010_I055,high_demand,R010,10.729811,106.653372
incident,HI_R010_I056,high_demand,R010,10.781254,106.666439
incident,HI_R010_I057,high_demand,R010,10.702127,106.710747
incident,HI_R010_I058,high_demand,R010,10.762537,106.64179
incident,HI_R010_I059,high_demand,R010,10.801995,106.707185
incident,HI_R010_I060,high_demand,R010,10.768295,106.692032
incident,HI_R010_I061,high_demand,R010,10.778954,106.697783
incident,HI_R010_I062,high_demand,R010,10.761312,106.630673
incident,HI_R010_I063,high_demand,R010,10.780411,106.687386
incident,HI_R010_I064,high_demand,R010,10.782387,106.639466
incident,HI_R010_I065,high_demand,R010,10.748521,106.687293
incident,HI_R010_I066,high_demand,R010,10.76145,106.647103
incident,HI_R010_I067,high_demand,R010,10.768717,106.649093
incident,HI_R010_I068,high_demand,R010,10.790949,106.67402
incident,HI_R010_I069,high_demand,R010,10.75506,106.725903
incident,HI_R010_I070,high_demand,R010,10.778177,106.662145
incident,HI_R010_I071,high_demand,R010,10.776045,106.713385
incident,HI_R010_I072,high_demand,R010,10.747652,106.626501
incident,HI_R010_I073,high_demand,R010,10.746327,106.671144
incident,HI_R010_I074,high_demand,R010,10.781887,106.621583
incident,HI_R010_I075,high_demand,R010,10.727004,106.642444
incident,HI_R010_I076,high_demand,R010,10.810534,106.663626
incident,HI_R010_I077,high_demand,R010,10.807887,106.617567
incident,HI_R010_I078,high_demand,R010,10.701425,106.656321
incident,HI_R010_I079,high_demand,R010,10.7673,106.667616
incident,HI_R010_I080,high_demand,R010,10.801268,106.722419
incident,HI_R010_I081,high_demand,R010,10.819969,106.675419
incident,HI_R010_I082,high_demand,R010,10.786696,106.679141
incident,HI_R010_I083,high_demand,R010,10.769797,106.689655
incident,HI_R010_I084,high_demand,R010,10.795181,106.680305
incident,HI_R010_I085,high_demand,R010,10.797434,106.640567
incident,HI_R010_I086,high_demand,R010,10.763746,106.662627
incident,HI_R010_I087,high_demand,R010,10.803811,106.675212
incident,HI_R010_I088,high_demand,R010,10.687454,106.700206
incident,HI_R010_I089,high_demand,R010,10.798545,106.673241
incident,HI_R010_I090,high_demand,R010,10.766282,106.738825
incident,HI_R010_I091,high_demand,R010,10.798956,106.685414
incident,HI_R010_I092,high_demand,R010,10.794631,106.678781
incident,HI_R010_I093,high_demand,R010,10.797059,106.674708
incident,HI_R010_I094,high_demand,R010,10.766347,106.65363
incident,HI_R010_I095,high_demand,R010,10.777063,106.693618
incident,HI_R010_I096,high_demand,R010,10.818913,106.711641
incident,HI_R010_I097,high_demand,R010,10.800728,106.648554
incident,HI_R010_I098,high_demand,R010,10.772177,106.729713
incident,HI_R010_I099,high_demand,R010,10.755155,106.670686
incident,HI_R010_I100,high_demand,R010,10.763905,106.720382
incident,HI_R011_I001,high_demand,R011,10.775477,106.71066
incident,HI_R011_I002,high_demand,R011,10.76346,106.662078
incident,HI_R011_I003,high_demand,R011,10.778126,106.690468
incident,HI_R011_I004,high_demand,R011,10.758977,106.661976
incident,HI_R011_I005,high_demand,R011,10.79802,106.650921
incident,HI_R011_I006,high_demand,R011,10.76224,106.621379
incident,HI_R011_I007,high_demand,R011,10.788427,106.70368
incident,HI_R011_I008,high_demand,R011,10.761395,106.703822
incident,HI_R011_I009,high_demand,R011,10.769475,106.68291
incident,HI_R011_I010,high_demand,R011,10.758504,106.654339
incident,HI_R011_I011,high_demand,R011,10.787023,106.639005
incident,HI_R011_I012,high_demand,R011,10.814536,106.682606
incident,HI_R011_I013,high_demand,R011,10.778657,106.635768
incident,HI_R011_I014,high_demand,R011,10.758959,106.693685
incident,HI_R011_I015,high_demand,R011,10.763915,106.631392
incident,HI_R011_I016,high_demand,R011,10.768276,106.695935
incident,HI_R011_I017,high_demand,R011,10.789862,106.717822
incident,HI_R011_I018,high_demand,R011,10.783303,106.704708
incident,HI_R011_I019,high_demand,R011,10.794502,106.696877
incident,HI_R011_I020,high_demand,R011,10.757939,106.692184
incident,HI_R011_I021,high_demand,R011,10.73736,106.710142
incident,HI_R011_I022,high_demand,R011,10.774355,106.607985
incident,HI_R011_I023,high_demand,R011,10.813856,106.643293
incident,HI_R011_I024,high_demand,R011,10.792847,106.688881
incident,HI_R011_I025,high_demand,R011,10.732002,106.662579
incident,HI_R011_I026,high_demand,R011,10.759377,106.698881
incident,HI_R011_I027,high_demand,R011,10.796867,106.637701
incident,HI_R011_I028,high_demand,R011,10.76507,106.634344
incident,HI_R011_I029,high_demand,R011,10.81625,106.664513
incident,HI_R011_I030,high_demand,R011,10.744144,106.696193
incident,HI_R011_I031,high_demand,R011,10.755315,106.654765
incident,HI_R011_I032,high_demand,R011,10.754377,106.686329
incident,HI_R011_I033,high_demand,R011,10.774621,106.695752
incident,HI_R011_I034,high_demand,R011,10.765887,106.60202
incident,HI_R011_I035,high_demand,R011,10.780528,106.682921
incident,HI_R011_I036,high_demand,R011,10.801631,106.613986
incident,HI_R011_I037,high_demand,R011,10.758749,106.662055
incident,HI_R011_I038,high_demand,R011,10.799893,106.667239
incident,HI_R011_I039,high_demand,R011,10.801329,106.663897
incident,HI_R011_I040,high_demand,R011,10.768221,106.675154
incident,HI_R011_I041,high_demand,R011,10.778801,106.698865
incident,HI_R011_I042,high_demand,R011,10.747631,106.75437
incident,HI_R011_I043,high_demand,R011,10.765935,106.566756
incident,HI_R011_I044,high_demand,R011,10.814712,106.708122
incident,HI_R011_I045,high_demand,R011,10.739351,106.741287
incident,HI_R011_I046,high_demand,R011,10.803519,106.691388
incident,HI_R011_I047,high_demand,R011,10.799307,106.636553
incident,HI_R011_I048,high_demand,R011,10.779962,106.682502
incident,HI_R011_I049,high_demand,R011,10.732233,106.726177
incident,HI_R011_I050,high_demand,R011,10.750308,106.668893
incident,HI_R011_I051,high_demand,R011,10.772245,106.626254
incident,HI_R011_I052,high_demand,R011,10.777752,106.697697
incident,HI_R011_I053,high_demand,R011,10.789547,106.677078
incident,HI_R011_I054,high_demand,R011,10.818782,106.694739
incident,HI_R011_I055,high_demand,R011,10.764693,106.674306
incident,HI_R011_I056,high_demand,R011,10.781517,106.699522
incident,HI_R011_I057,high_demand,R011,10.734471,106.680236
incident,HI_R011_I058,high_demand,R011,10.753688,106.739308
incident,HI_R011_I059,high_demand,R011,10.807971,106.745416
incident,HI_R011_I060,high_demand,R011,10.731394,106.670693
incident,HI_R011_I061,high_demand,R011,10.733895,106.6592
incident,HI_R011_I062,high_demand,R011,10.77445,106.655344
incident,HI_R011_I063,high_demand,R011,10.767428,106.646925
incident,HI_R011_I064,high_demand,R011,10.768413,106.696734
incident,HI_R011_I065,high_demand,R011,10.74254,106.661965
incident,HI_R011_I066,high_demand,R011,10.758711,106.710817
incident,HI_R011_I067,high_demand,R011,10.77837,106.684221
incident,HI_R011_I068,high_demand,R011,10.798241,106.712753
incident,HI_R011_I069,high_demand,R011,10.792175,106.692136
incident,HI_R011_I070,high_demand,R011,10.774148,106.671402
incident,HI_R011_I071,high_demand,R011,10.776537,106.640403
incident,HI_R011_I072,high_demand,R011,10.815304,106.661162
incident,HI_R011_I073,high_demand,R011,10.782825,106.679926
incident,HI_R011_I074,high_demand,R011,10.778122,106.666483
incident,HI_R011_I075,high_demand,R011,10.791785,106.586768
incident,HI_R011_I076,high_demand,R011,10.75799,106.68183
incident,HI_R011_I077,high_demand,R011,10.775926,106.636413
incident,HI_R011_I078,high_demand,R011,10.792884,106.644332
incident,HI_R011_I079,high_demand,R011,10.713189,106.622435
incident,HI_R011_I080,high_demand,R011,10.798377,106.678931
incident,HI_R011_I081,high_demand,R011,10.756055,106.669274
incident,HI_R011_I082,high_demand,R011,10.773079,106.671174
incident,HI_R011_I083,high_demand,R011,10.750769,106.694927
incident,HI_R011_I084,high_demand,R011,10.754275,106.626453
incident,HI_R011_I085,high_demand,R011,10.754059,106.666937
incident,HI_R011_I086,high_demand,R011,10.776945,106.636385
incident,HI_R011_I087,high_demand,R011,10.736544,106.603499
incident,HI_R011_I088,high_demand,R011,10.736015,106.673358
incident,HI_R011_I089,high_demand,R011,10.765719,106.679078
incident,HI_R011_I090,high_demand,R011,10.771382,106.64361
incident,HI_R011_I091,high_demand,R011,10.790463,106.673415
incident,HI_R011_I092,high_demand,R011,10.783412,106.733273
incident,HI_R011_I093,high_demand,R011,10.763088,106.670324
incident,HI_R011_I094,high_demand,R011,10.793405,106.6224
incident,HI_R011_I095,high_demand,R011,10.779051,106.668924
incident,HI_R011_I096,high_demand,R011,10.739651,106.637994
incident,HI_R011_I097,high_demand,R011,10.774766,106.691991
incident,HI_R011_I098,high_demand,R011,10.780806,106.637638
incident,HI_R011_I099,high_demand,R011,10.756495,106.687207
incident,HI_R011_I100,high_demand,R011,10.778132,106.739054
incident,HI_R012_I001,high_demand,R012,10.764391,106.656958
incident,HI_R012_I002,high_demand,R012,10.771199,106.686685
incident,HI_R012_I003,high_demand,R012,10.737728,106.678202
incident,HI_R012_I004,high_demand,R012,10.759905,106.661743
incident,HI_R012_I005,high_demand,R012,10.774422,106.742419
incident,HI_R012_I006,high_demand,R012,10.75511,106.656026
incident,HI_R012_I007,high_demand,R012,10.760778,106.716933
incident,HI_R012_I008,high_demand,R012,10.760483,106.699968
incident,HI_R012_I009,high_demand,R012,10.8238,106.68345
incident,HI_R012_I010,high_demand,R012,10.765114,106.715087
incident,HI_R012_I011,high_demand,R012,10.739794,106.686192
incident,HI_R012_I012,high_demand,R012,10.784888,106.661482
incident,HI_R012_I013,high_demand,R012,10.758133,106.680603
incident,HI_R012_I014,high_demand,R012,10.773517,106.658413
incident,HI_R012_I015,high_demand,R012,10.786051,106.631409
incident,HI_R012_I016,high_demand,R012,10.76587,106.68478
incident,HI_R012_I017,high_demand,R012,10.762223,106.684705
incident,HI_R012_I018,high_demand,R012,10.753864,106.62773
incident,HI_R012_I019,high_demand,R012,10.756315,106.6788
incident,HI_R012_I020,high_demand,R012,10.747251,106.691555
incident,HI_R012_I021,high_demand,R012,10.769154,106.67844
incident,HI_R012_I022,high_demand,R012,10.733338,106.66301
incident,HI_R012_I023,high_demand,R012,10.761936,106.64025
incident,HI_R012_I024,high_demand,R012,10.771609,106.609801
incident,HI_R012_I025,high_demand,R012,10.744784,106.693234
incident,HI_R012_I026,high_demand,R012,10.762646,106.671985
incident,HI_R012_I027,high_demand,R012,10.764086,106.679884
incident,HI_R012_I028,high_demand,R012,10.841106,106.610535
incident,HI_R012_I029,high_demand,R012,10.75677,106.701508
incident,HI_R012_I030,high_demand,R012,10.752808,106.711339
incident,HI_R012_I031,high_demand,R012,10.790058,106.694111
incident,HI_R012_I032,high_demand,R012,10.755238,106.748878
incident,HI_R012_I033,high_demand,R012,10.737038,106.672919
incident,HI_R012_I034,high_demand,R012,10.781646,106.695742
incident,HI_R012_I035,high_demand,R012,10.722438,106.698339
incident,HI_R012_I036,high_demand,R012,10.790328,106.66789
incident,HI_R012_I037,high_demand,R012,10.762057,106.706168
incident,HI_R012_I038,high_demand,R012,10.776486,106.668164
incident,HI_R012_I039,high_demand,R012,10.817667,106.64883
incident,HI_R012_I040,high_demand,R012,10.807582,106.708275
incident,HI_R012_I041,high_demand,R012,10.779676,106.676307
incident,HI_R012_I042,high_demand,R012,10.746838,106.691413
incident,HI_R012_I043,high_demand,R012,10.763824,106.662829
incident,HI_R012_I044,high_demand,R012,10.756383,106.612699
incident,HI_R012_I045,high_demand,R012,10.775529,106.649777
incident,HI_R012_I046,high_demand,R012,10.750942,106.692631
incident,HI_R012_I047,high_demand,R012,10.776236,106.704456
incident,HI_R012_I048,high_demand,R012,10.790793,106.658907
incident,HI_R012_I049,high_demand,R012,10.758046,106.721335
incident,HI_R012_I050,high_demand,R012,10.775033,106.70465
incident,HI_R012_I051,high_demand,R012,10.781139,106.70306
incident,HI_R012_I052,high_demand,R012,10.748395,106.681115
incident,HI_R012_I053,high_demand,R012,10.810997,106.661876
incident,HI_R012_I054,high_demand,R012,10.817923,106.701995
incident,HI_R012_I055,high_demand,R012,10.778872,106.668439
incident,HI_R012_I056,high_demand,R012,10.832678,106.647794
incident,HI_R012_I057,high_demand,R012,10.767935,106.615046
incident,HI_R012_I058,high_demand,R012,10.756611,106.666324
incident,HI_R012_I059,high_demand,R012,10.735866,106.645343
incident,HI_R012_I060,high_demand,R012,10.751481,106.732154
incident,HI_R012_I061,high_demand,R012,10.751919,106.669659
incident,HI_R012_I062,high_demand,R012,10.722614,106.692016
incident,HI_R012_I063,high_demand,R012,10.750244,106.688696
incident,HI_R012_I064,high_demand,R012,10.759496,106.597755
incident,HI_R012_I065,high_demand,R012,10.767945,106.689485
incident,HI_R012_I066,high_demand,R012,10.756002,106.613228
incident,HI_R012_I067,high_demand,R012,10.772622,106.642492
incident,HI_R012_I068,high_demand,R012,10.795525,106.704267
incident,HI_R012_I069,high_demand,R012,10.765868,106.678781
incident,HI_R012_I070,high_demand,R012,10.74516,106.680392
incident,HI_R012_I071,high_demand,R012,10.782353,106.722402
incident,HI_R012_I072,high_demand,R012,10.742162,106.723434
incident,HI_R012_I073,high_demand,R012,10.757919,106.745101
incident,HI_R012_I074,high_demand,R012,10.73044,106.680228
incident,HI_R012_I075,high_demand,R012,10.796597,106.679714
incident,HI_R012_I076,high_demand,R012,10.764674,106.650369
incident,HI_R012_I077,high_demand,R012,10.764657,106.662818
incident,HI_R012_I078,high_demand,R012,10.777955,106.683892
incident,HI_R012_I079,high_demand,R012,10.771704,106.653268
incident,HI_R012_I080,high_demand,R012,10.780808,106.676209
incident,HI_R012_I081,high_demand,R012,10.743239,106.670837
incident,HI_R012_I082,high_demand,R012,10.776835,106.654934
incident,HI_R012_I083,high_demand,R012,10.812576,106.684506
incident,HI_R012_I084,high_demand,R012,10.787064,106.691098
incident,HI_R012_I085,high_demand,R012,10.814609,106.712456
incident,HI_R012_I086,high_demand,R012,10.786692,106.663178
incident,HI_R012_I087,high_demand,R012,10.75442,106.648533
incident,HI_R012_I088,high_demand,R012,10.757373,106.649179
incident,HI_R012_I089,high_demand,R012,10.760864,106.693399
incident,HI_R012_I090,high_demand,R012,10.787635,106.651313
incident,HI_R012_I091,high_demand,R012,10.795913,106.639925
incident,HI_R012_I092,high_demand,R012,10.781051,106.589501
incident,HI_R012_I093,high_demand,R012,10.771177,106.711164
incident,HI_R012_I094,high_demand,R012,10.80145,106.670414
incident,HI_R012_I095,high_demand,R012,10.734676,106.666943
incident,HI_R012_I096,high_demand,R012,10.71751,106.656802
incident,HI_R012_I097,high_demand,R012,10.785496,106.700157
incident,HI_R012_I098,high_demand,R012,10.796842,106.655646
incident,HI_R012_I099,high_demand,R012,10.798342,106.682206
incident,HI_R012_I100,high_demand,R012,10.749998,106.614611
incident,HI_R013_I001,high_demand,R013,10.759361,106.611274
incident,HI_R013_I002,high_demand,R013,10.761305,106.670528
incident,HI_R013_I003,high_demand,R013,10.768471,106.695741
incident,HI_R013_I004,high_demand,R013,10.78305,106.711328
incident,HI_R013_I005,high_demand,R013,10.795824,106.653901
incident,HI_R013_I006,high_demand,R013,10.782541,106.705038
incident,HI_R013_I007,high_demand,R013,10.790659,106.716774
incident,HI_R013_I008,high_demand,R013,10.78056,106.704276
incident,HI_R013_I009,high_demand,R013,10.779431,106.621608
incident,HI_R013_I010,high_demand,R013,10.733872,106.632773
incident,HI_R013_I011,high_demand,R013,10.777365,106.686124
incident,HI_R013_I012,high_demand,R013,10.770763,106.631267
incident,HI_R013_I013,high_demand,R013,10.723918,106.657309
incident,HI_R013_I014,high_demand,R013,10.733345,106.663523
incident,HI_R013_I015,high_demand,R013,10.784756,106.652366
incident,HI_R013_I016,high_demand,R013,10.811686,106.693327
incident,HI_R013_I017,high_demand,R013,10.781226,106.667024
incident,HI_R013_I018,high_demand,R013,10.758405,106.708185
incident,HI_R013_I019,high_demand,R013,10.761497,106.704673
incident,HI_R013_I020,high_demand,R013,10.808733,106.616817
incident,HI_R013_I021,high_demand,R013,10.780956,106.68885
incident,HI_R013_I022,high_demand,R013,10.760427,106.7426
incident,HI_R013_I023,high_demand,R013,10.798639,106.670247
incident,HI_R013_I024,high_demand,R013,10.83315,106.711361
incident,HI_R013_I025,high_demand,R013,10.774546,106.679228
incident,HI_R013_I026,high_demand,R013,10.789575,106.64669
incident,HI_R013_I027,high_demand,R013,10.780003,106.704215
incident,HI_R013_I028,high_demand,R013,10.786702,106.659079
incident,HI_R013_I029,high_demand,R013,10.767405,106.62185
incident,HI_R013_I030,high_demand,R013,10.776997,106.652256
incident,HI_R013_I031,high_demand,R013,10.748715,106.717301
incident,HI_R013_I032,high_demand,R013,10.737811,106.677443
incident,HI_R013_I033,high_demand,R013,10.711042,106.688853
incident,HI_R013_I034,high_demand,R013,10.762434,106.662616
incident,HI_R013_I035,high_demand,R013,10.788381,106.690811
incident,HI_R013_I036,high_demand,R013,10.770247,106.644964
incident,HI_R013_I037,high_demand,R013,10.743894,106.642351
incident,HI_R013_I038,high_demand,R013,10.723548,106.636146
incident,HI_R013_I039,high_demand,R013,10.763105,106.622364
incident,HI_R013_I040,high_demand,R013,10.776964,106.645346
incident,HI_R013_I041,high_demand,R013,10.751712,106.664822
incident,HI_R013_I042,high_demand,R013,10.820527,106.67222
incident,HI_R013_I043,high_demand,R013,10.796342,106.697391
incident,HI_R013_I044,high_demand,R013,10.746664,106.683568
incident,HI_R013_I045,high_demand,R013,10.746871,106.696377
incident,HI_R013_I046,high_demand,R013,10.734134,106.677284
incident,HI_R013_I047,high_demand,R013,10.774353,106.652277
incident,HI_R013_I048,high_demand,R013,10.810014,106.663513
incident,HI_R013_I049,high_demand,R013,10.845619,106.634011
incident,HI_R013_I050,high_demand,R013,10.755938,106.618022
incident,HI_R013_I051,high_demand,R013,10.749828,106.715494
incident,HI_R013_I052,high_demand,R013,10.754394,106.712242
incident,HI_R013_I053,high_demand,R013,10.784032,106.713189
incident,HI_R013_I054,high_demand,R013,10.809366,106.68649
incident,HI_R013_I055,high_demand,R013,10.73243,106.666168
incident,HI_R013_I056,high_demand,R013,10.781338,106.704483
incident,HI_R013_I057,high_demand,R013,10.762229,106.663215
incident,HI_R013_I058,high_demand,R013,10.731456,106.635592
incident,HI_R013_I059,high_demand,R013,10.796398,106.703589
incident,HI_R013_I060,high_demand,R013,10.72697,106.669615
incident,HI_R013_I061,high_demand,R013,10.799331,106.638213
incident,HI_R013_I062,high_demand,R013,10.732518,106.618711
incident,HI_R013_I063,high_demand,R013,10.803495,106.690928
incident,HI_R013_I064,high_demand,R013,10.756077,106.729525
incident,HI_R013_I065,high_demand,R013,10.7607,106.723695
incident,HI_R013_I066,high_demand,R013,10.735569,106.708912
incident,HI_R013_I067,high_demand,R013,10.771114,106.658037
incident,HI_R013_I068,high_demand,R013,10.761615,106.690483
incident,HI_R013_I069,high_demand,R013,10.743305,106.648416
incident,HI_R013_I070,high_demand,R013,10.704979,106.692649
incident,HI_R013_I071,high_demand,R013,10.76789,106.748835
incident,HI_R013_I072,high_demand,R013,10.787145,106.716962
incident,HI_R013_I073,high_demand,R013,10.808683,106.69438
incident,HI_R013_I074,high_demand,R013,10.777146,106.706297
incident,HI_R013_I075,high_demand,R013,10.746295,106.684149
incident,HI_R013_I076,high_demand,R013,10.750449,106.688034
incident,HI_R013_I077,high_demand,R013,10.731108,106.656204
incident,HI_R013_I078,high_demand,R013,10.778192,106.666047
incident,HI_R013_I079,high_demand,R013,10.749012,106.677295
incident,HI_R013_I080,high_demand,R013,10.745485,106.713179
incident,HI_R013_I081,high_demand,R013,10.737052,106.671966
incident,HI_R013_I082,high_demand,R013,10.758953,106.676989
incident,HI_R013_I083,high_demand,R013,10.802299,106.647641
incident,HI_R013_I084,high_demand,R013,10.794146,106.728533
incident,HI_R013_I085,high_demand,R013,10.78553,106.737397
incident,HI_R013_I086,high_demand,R013,10.785144,106.701685
incident,HI_R013_I087,high_demand,R013,10.794864,106.67663
incident,HI_R013_I088,high_demand,R013,10.790215,106.643229
incident,HI_R013_I089,high_demand,R013,10.757368,106.676822
incident,HI_R013_I090,high_demand,R013,10.786178,106.675122
incident,HI_R013_I091,high_demand,R013,10.767726,106.67593
incident,HI_R013_I092,high_demand,R013,10.781251,106.701612
incident,HI_R013_I093,high_demand,R013,10.716603,106.714821
incident,HI_R013_I094,high_demand,R013,10.809254,106.647074
incident,HI_R013_I095,high_demand,R013,10.719542,106.69268
incident,HI_R013_I096,high_demand,R013,10.756861,106.692459
incident,HI_R013_I097,high_demand,R013,10.758563,106.66394
incident,HI_R013_I098,high_demand,R013,10.793104,106.670194
incident,HI_R013_I099,high_demand,R013,10.788837,106.670392
incident,HI_R013_I100,high_demand,R013,10.781699,106.67923
incident,HI_R014_I001,high_demand,R014,10.778313,106.723893
incident,HI_R014_I002,high_demand,R014,10.775472,106.778846
incident,HI_R014_I003,high_demand,R014,10.783568,106.659221
incident,HI_R014_I004,high_demand,R014,10.804219,106.732533
incident,HI_R014_I005,high_demand,R014,10.793689,106.631179
incident,HI_R014_I006,high_demand,R014,10.799967,106.691064
incident,HI_R014_I007,high_demand,R014,10.761823,106.662929
incident,HI_R014_I008,high_demand,R014,10.762669,106.672668
incident,HI_R014_I009,high_demand,R014,10.774686,106.747789
incident,HI_R014_I010,high_demand,R014,10.770222,106.700586
incident,HI_R014_I011,high_demand,R014,10.762223,106.733146
incident,HI_R014_I012,high_demand,R014,10.734303,106.675708
incident,HI_R014_I013,high_demand,R014,10.741333,106.681697
incident,HI_R014_I014,high_demand,R014,10.754772,106.708242
incident,HI_R014_I015,high_demand,R014,10.789877,106.66849
incident,HI_R014_I016,high_demand,R014,10.80618,106.660928
incident,HI_R014_I017,high_demand,R014,10.750785,106.614371
incident,HI_R014_I018,high_demand,R014,10.778439,106.700143
incident,HI_R014_I019,high_demand,R014,10.792241,106.653257
incident,HI_R014_I020,high_demand,R014,10.753439,106.702406
incident,HI_R014_I021,high_demand,R014,10.759822,106.686139
incident,HI_R014_I022,high_demand,R014,10.781088,106.685563
incident,HI_R014_I023,high_demand,R014,10.762174,106.67986
incident,HI_R014_I024,high_demand,R014,10.762732,106.750247
incident,HI_R014_I025,high_demand,R014,10.768385,106.668781
incident,HI_R014_I026,high_demand,R014,10.754051,106.658821
incident,HI_R014_I027,high_demand,R014,10.749316,106.715647
incident,HI_R014_I028,high_demand,R014,10.785349,106.625749
incident,HI_R014_I029,high_demand,R014,10.771841,106.718947
incident,HI_R014_I030,high_demand,R014,10.8012,106.674431
incident,HI_R014_I031,high_demand,R014,10.763003,106.726709
incident,HI_R014_I032,high_demand,R014,10.783392,106.687549
incident,HI_R014_I033,high_demand,R014,10.759003,106.673989
incident,HI_R014_I034,high_demand,R014,10.765746,106.685969
incident,HI_R014_I035,high_demand,R014,10.782336,106.708133
incident,HI_R014_I036,high_demand,R014,10.760465,106.66604
incident,HI_R014_I037,high_demand,R014,10.759983,106.638758
incident,HI_R014_I038,high_demand,R014,10.777924,106.622387
incident,HI_R014_I039,high_demand,R014,10.77637,106.69376
incident,HI_R014_I040,high_demand,R014,10.776801,106.719619
incident,HI_R014_I041,high_demand,R014,10.775781,106.612786
incident,HI_R014_I042,high_demand,R014,10.810467,106.657547
incident,HI_R014_I043,high_demand,R014,10.790529,106.664109
incident,HI_R014_I044,high_demand,R014,10.801162,106.656311
incident,HI_R014_I045,high_demand,R014,10.784812,106.642349
incident,HI_R014_I046,high_demand,R014,10.76449,106.62679
incident,HI_R014_I047,high_demand,R014,10.735395,106.687464
incident,HI_R014_I048,high_demand,R014,10.750082,106.696129
incident,HI_R014_I049,high_demand,R014,10.770193,106.629773
incident,HI_R014_I050,high_demand,R014,10.766509,106.690452
incident,HI_R014_I051,high_demand,R014,10.739945,106.64799
incident,HI_R014_I052,high_demand,R014,10.773857,106.694863
incident,HI_R014_I053,high_demand,R014,10.810993,106.673006
incident,HI_R014_I054,high_demand,R014,10.777242,106.709105
incident,HI_R014_I055,high_demand,R014,10.751791,106.699492
incident,HI_R014_I056,high_demand,R014,10.750129,106.697165
incident,HI_R014_I057,high_demand,R014,10.731733,106.682675
incident,HI_R014_I058,high_demand,R014,10.84263,106.622664
incident,HI_R014_I059,high_demand,R014,10.775808,106.701452
incident,HI_R014_I060,high_demand,R014,10.742307,106.696642
incident,HI_R014_I061,high_demand,R014,10.783589,106.688704
incident,HI_R014_I062,high_demand,R014,10.797602,106.669251
incident,HI_R014_I063,high_demand,R014,10.767301,106.707523
incident,HI_R014_I064,high_demand,R014,10.805662,106.678397
incident,HI_R014_I065,high_demand,R014,10.765666,106.682393
incident,HI_R014_I066,high_demand,R014,10.745597,106.650061
incident,HI_R014_I067,high_demand,R014,10.771826,106.69594
incident,HI_R014_I068,high_demand,R014,10.794435,106.685002
incident,HI_R014_I069,high_demand,R014,10.762878,106.67294
incident,HI_R014_I070,high_demand,R014,10.714535,106.648728
incident,HI_R014_I071,high_demand,R014,10.732978,106.606714
incident,HI_R014_I072,high_demand,R014,10.78578,106.789114
incident,HI_R014_I073,high_demand,R014,10.759197,106.66868
incident,HI_R014_I074,high_demand,R014,10.804416,106.562035
incident,HI_R014_I075,high_demand,R014,10.784158,106.652307
incident,HI_R014_I076,high_demand,R014,10.787216,106.637091
incident,HI_R014_I077,high_demand,R014,10.806704,106.665562
incident,HI_R014_I078,high_demand,R014,10.776947,106.711692
incident,HI_R014_I079,high_demand,R014,10.715598,106.700982
incident,HI_R014_I080,high_demand,R014,10.75187,106.655761
incident,HI_R014_I081,high_demand,R014,10.759315,106.66751
incident,HI_R014_I082,high_demand,R014,10.777677,106.694591
incident,HI_R014_I083,high_demand,R014,10.758733,106.648967
incident,HI_R014_I084,high_demand,R014,10.740598,106.681682
incident,HI_R014_I085,high_demand,R014,10.81348,106.612546
incident,HI_R014_I086,high_demand,R014,10.74945,106.726718
incident,HI_R014_I087,high_demand,R014,10.819276,106.663153
incident,HI_R014_I088,high_demand,R014,10.791837,106.710126
incident,HI_R014_I089,high_demand,R014,10.791701,106.619099
incident,HI_R014_I090,high_demand,R014,10.742586,106.642756
incident,HI_R014_I091,high_demand,R014,10.787138,106.658748
incident,HI_R014_I092,high_demand,R014,10.807747,106.650162
incident,HI_R014_I093,high_demand,R014,10.799267,106.658324
incident,HI_R014_I094,high_demand,R014,10.770515,106.630679
incident,HI_R014_I095,high_demand,R014,10.805857,106.680801
incident,HI_R014_I096,high_demand,R014,10.747596,106.646598
incident,HI_R014_I097,high_demand,R014,10.758973,106.621775
incident,HI_R014_I098,high_demand,R014,10.748507,106.669852
incident,HI_R014_I099,high_demand,R014,10.779894,106.682437
incident,HI_R014_I100,high_demand,R014,10.796901,106.663086
incident,HI_R015_I001,high_demand,R015,10.788705,106.667931
incident,HI_R015_I002,high_demand,R015,10.810189,106.751742
incident,HI_R015_I003,high_demand,R015,10.754112,106.681032
incident,HI_R015_I004,high_demand,R015,10.75612,106.720887
incident,HI_R015_I005,high_demand,R015,10.749699,106.677212
incident,HI_R015_I006,high_demand,R015,10.803336,106.684267
incident,HI_R015_I007,high_demand,R015,10.79844,106.664052
incident,HI_R015_I008,high_demand,R015,10.787586,106.700038
incident,HI_R015_I009,high_demand,R015,10.775837,106.678812
incident,HI_R015_I010,high_demand,R015,10.747073,106.706388
incident,HI_R015_I011,high_demand,R015,10.792246,106.673301
incident,HI_R015_I012,high_demand,R015,10.75396,106.69704
incident,HI_R015_I013,high_demand,R015,10.805317,106.665812
incident,HI_R015_I014,high_demand,R015,10.790214,106.711316
incident,HI_R015_I015,high_demand,R015,10.758768,106.641065
incident,HI_R015_I016,high_demand,R015,10.75018,106.652587
incident,HI_R015_I017,high_demand,R015,10.784244,106.647758
incident,HI_R015_I018,high_demand,R015,10.753293,106.704456
incident,HI_R015_I019,high_demand,R015,10.794781,106.700288
incident,HI_R015_I020,high_demand,R015,10.776158,106.712296
incident,HI_R015_I021,high_demand,R015,10.759474,106.68147
incident,HI_R015_I022,high_demand,R015,10.773231,106.749588
incident,HI_R015_I023,high_demand,R015,10.725415,106.727398
incident,HI_R015_I024,high_demand,R015,10.779003,106.708028
incident,HI_R015_I025,high_demand,R015,10.767656,106.659552
incident,HI_R015_I026,high_demand,R015,10.717208,106.658329
incident,HI_R015_I027,high_demand,R015,10.768583,106.704288
incident,HI_R015_I028,high_demand,R015,10.749885,106.722433
incident,HI_R015_I029,high_demand,R015,10.724629,106.71627
incident,HI_R015_I030,high_demand,R015,10.782815,106.630492
incident,HI_R015_I031,high_demand,R015,10.787355,106.710773
incident,HI_R015_I032,high_demand,R015,10.765471,106.757831
incident,HI_R015_I033,high_demand,R015,10.786098,106.694082
incident,HI_R015_I034,high_demand,R015,10.796592,106.744445
incident,HI_R015_I035,high_demand,R015,10.754064,106.714886
incident,HI_R015_I036,high_demand,R015,10.746906,106.71949
incident,HI_R015_I037,high_demand,R015,10.799902,106.687741
incident,HI_R015_I038,high_demand,R015,10.819664,106.666108
incident,HI_R015_I039,high_demand,R015,10.742726,106.76437
incident,HI_R015_I040,high_demand,R015,10.73919,106.705361
incident,HI_R015_I041,high_demand,R015,10.769573,106.638812
incident,HI_R015_I042,high_demand,R015,10.784193,106.664468
incident,HI_R015_I043,high_demand,R015,10.747879,106.74744
incident,HI_R015_I044,high_demand,R015,10.809145,106.633469
incident,HI_R015_I045,high_demand,R015,10.79903,106.67207
incident,HI_R015_I046,high_demand,R015,10.777793,106.62071
incident,HI_R015_I047,high_demand,R015,10.773138,106.672557
incident,HI_R015_I048,high_demand,R015,10.743904,106.670168
incident,HI_R015_I049,high_demand,R015,10.769019,106.607923
incident,HI_R015_I050,high_demand,R015,10.76978,106.647796
incident,HI_R015_I051,high_demand,R015,10.741215,106.723222
incident,HI_R015_I052,high_demand,R015,10.767452,106.660553
incident,HI_R015_I053,high_demand,R015,10.761174,106.713516
incident,HI_R015_I054,high_demand,R015,10.74225,106.767405
incident,HI_R015_I055,high_demand,R015,10.781521,106.631067
incident,HI_R015_I056,high_demand,R015,10.803355,106.671326
incident,HI_R015_I057,high_demand,R015,10.759402,106.660768
incident,HI_R015_I058,high_demand,R015,10.762099,106.719907
incident,HI_R015_I059,high_demand,R015,10.785211,106.647174
incident,HI_R015_I060,high_demand,R015,10.810414,106.651025
incident,HI_R015_I061,high_demand,R015,10.818631,106.674071
incident,HI_R015_I062,high_demand,R015,10.75764,106.685236
incident,HI_R015_I063,high_demand,R015,10.75635,106.675692
incident,HI_R015_I064,high_demand,R015,10.731633,106.650645
incident,HI_R015_I065,high_demand,R015,10.779448,106.658607
incident,HI_R015_I066,high_demand,R015,10.762718,106.66183
incident,HI_R015_I067,high_demand,R015,10.779072,106.680122
incident,HI_R015_I068,high_demand,R015,10.716978,106.669356
incident,HI_R015_I069,high_demand,R015,10.781811,106.693477
incident,HI_R015_I070,high_demand,R015,10.779766,106.661834
incident,HI_R015_I071,high_demand,R015,10.778234,106.684696
incident,HI_R015_I072,high_demand,R015,10.781808,106.707034
incident,HI_R015_I073,high_demand,R015,10.798852,106.668572
incident,HI_R015_I074,high_demand,R015,10.751982,106.677016
incident,HI_R015_I075,high_demand,R015,10.773327,106.691816
incident,HI_R015_I076,high_demand,R015,10.787923,106.635436
incident,HI_R015_I077,high_demand,R015,10.77223,106.653524
incident,HI_R015_I078,high_demand,R015,10.762564,106.634842
incident,HI_R015_I079,high_demand,R015,10.75014,106.724759
incident,HI_R015_I080,high_demand,R015,10.773124,106.634992
incident,HI_R015_I081,high_demand,R015,10.756374,106.667565
incident,HI_R015_I082,high_demand,R015,10.73803,106.655119
incident,HI_R015_I083,high_demand,R015,10.749794,106.632226
incident,HI_R015_I084,high_demand,R015,10.763548,106.659181
incident,HI_R015_I085,high_demand,R015,10.760134,106.711827
incident,HI_R015_I086,high_demand,R015,10.752514,106.724302
incident,HI_R015_I087,high_demand,R015,10.737594,106.745478
incident,HI_R015_I088,high_demand,R015,10.750009,106.671456
incident,HI_R015_I089,high_demand,R015,10.774235,106.696116
incident,HI_R015_I090,high_demand,R015,10.75882,106.656597
incident,HI_R015_I091,high_demand,R015,10.798042,106.680515
incident,HI_R015_I092,high_demand,R015,10.832985,106.726736
incident,HI_R015_I093,high_demand,R015,10.813177,106.634735
incident,HI_R015_I094,high_demand,R015,10.756697,106.712187
incident,HI_R015_I095,high_demand,R015,10.727749,106.646117
incident,HI_R015_I096,high_demand,R015,10.798059,106.684585
incident,HI_R015_I097,high_demand,R015,10.75276,106.726576
incident,HI_R015_I098,high_demand,R015,10.769314,106.65808
incident,HI_R015_I099,high_demand,R015,10.756461,106.676835
incident,HI_R015_I100,high_demand,R015,10.772252,106.722242
incident,HI_R016_I001,high_demand,R016,10.744313,106.704144
incident,HI_R016_I002,high_demand,R016,10.772431,106.634987
incident,HI_R016_I003,high_demand,R016,10.809811,106.657194
incident,HI_R016_I004,high_demand,R016,10.766602,106.64761
incident,HI_R016_I005,high_demand,R016,10.79061,106.66789
incident,HI_R016_I006,high_demand,R016,10.800992,106.644907
incident,HI_R016_I007,high_demand,R016,10.721496,106.677607
incident,HI_R016_I008,high_demand,R016,10.754236,106.684103
incident,HI_R016_I009,high_demand,R016,10.769624,106.604919
incident,HI_R016_I010,high_demand,R016,10.761613,106.700668
incident,HI_R016_I011,high_demand,R016,10.712389,106.695763
incident,HI_R016_I012,high_demand,R016,10.748331,106.691441
incident,HI_R016_I013,high_demand,R016,10.811315,106.6491
incident,HI_R016_I014,high_demand,R016,10.781177,106.687212
incident,HI_R016_I015,high_demand,R016,10.776919,106.662223
incident,HI_R016_I016,high_demand,R016,10.795179,106.655956
incident,HI_R016_I017,high_demand,R016,10.761377,106.670664
incident,HI_R016_I018,high_demand,R016,10.770053,106.694005
incident,HI_R016_I019,high_demand,R016,10.744128,106.687299
incident,HI_R016_I020,high_demand,R016,10.8054,106.665754
incident,HI_R016_I021,high_demand,R016,10.786785,106.660204
incident,HI_R016_I022,high_demand,R016,10.784779,106.617861
incident,HI_R016_I023,high_demand,R016,10.796577,106.704258
incident,HI_R016_I024,high_demand,R016,10.775272,106.679674
incident,HI_R016_I025,high_demand,R016,10.77504,106.616214
incident,HI_R016_I026,high_demand,R016,10.74073,106.679605
incident,HI_R016_I027,high_demand,R016,10.741588,106.64281
incident,HI_R016_I028,high_demand,R016,10.794119,106.658078
incident,HI_R016_I029,high_demand,R016,10.798933,106.765385
incident,HI_R016_I030,high_demand,R016,10.779431,106.657632
incident,HI_R016_I031,high_demand,R016,10.736625,106.719629
incident,HI_R016_I032,high_demand,R016,10.771143,106.739744
incident,HI_R016_I033,high_demand,R016,10.723966,106.735163
incident,HI_R016_I034,high_demand,R016,10.754062,106.689846
incident,HI_R016_I035,high_demand,R016,10.758497,106.629642
incident,HI_R016_I036,high_demand,R016,10.744947,106.639747
incident,HI_R016_I037,high_demand,R016,10.792962,106.727178
incident,HI_R016_I038,high_demand,R016,10.755896,106.715883
incident,HI_R016_I039,high_demand,R016,10.784533,106.613632
incident,HI_R016_I040,high_demand,R016,10.788072,106.703199
incident,HI_R016_I041,high_demand,R016,10.724635,106.745764
incident,HI_R016_I042,high_demand,R016,10.79535,106.653422
incident,HI_R016_I043,high_demand,R016,10.746144,106.622526
incident,HI_R016_I044,high_demand,R016,10.746923,106.67103
incident,HI_R016_I045,high_demand,R016,10.740447,106.700588
incident,HI_R016_I046,high_demand,R016,10.788452,106.622751
incident,HI_R016_I047,high_demand,R016,10.75224,106.695272
incident,HI_R016_I048,high_demand,R016,10.764506,106.679248
incident,HI_R016_I049,high_demand,R016,10.706902,106.684387
incident,HI_R016_I050,high_demand,R016,10.791142,106.722091
incident,HI_R016_I051,high_demand,R016,10.727008,106.735142
incident,HI_R016_I052,high_demand,R016,10.772517,106.683354
incident,HI_R016_I053,high_demand,R016,10.773668,106.677761
incident,HI_R016_I054,high_demand,R016,10.735936,106.674522
incident,HI_R016_I055,high_demand,R016,10.766034,106.737983
incident,HI_R016_I056,high_demand,R016,10.8039,106.707619
incident,HI_R016_I057,high_demand,R016,10.770878,106.73146
incident,HI_R016_I058,high_demand,R016,10.772133,106.728583
incident,HI_R016_I059,high_demand,R016,10.781415,106.714649
incident,HI_R016_I060,high_demand,R016,10.825889,106.632493
incident,HI_R016_I061,high_demand,R016,10.745824,106.669656
incident,HI_R016_I062,high_demand,R016,10.794481,106.695071
incident,HI_R016_I063,high_demand,R016,10.733987,106.74227
incident,HI_R016_I064,high_demand,R016,10.773015,106.671137
incident,HI_R016_I065,high_demand,R016,10.777927,106.667943
incident,HI_R016_I066,high_demand,R016,10.798241,106.646692
incident,HI_R016_I067,high_demand,R016,10.757898,106.651276
incident,HI_R016_I068,high_demand,R016,10.714853,106.716249
incident,HI_R016_I069,high_demand,R016,10.770788,106.638145
incident,HI_R016_I070,high_demand,R016,10.722337,106.746856
incident,HI_R016_I071,high_demand,R016,10.761926,106.700071
incident,HI_R016_I072,high_demand,R016,10.786771,106.673823
incident,HI_R016_I073,high_demand,R016,10.806634,106.681843
incident,HI_R016_I074,high_demand,R016,10.782952,106.675361
incident,HI_R016_I075,high_demand,R016,10.795151,106.701267
incident,HI_R016_I076,high_demand,R016,10.745906,106.723572
incident,HI_R016_I077,high_demand,R016,10.755149,106.678841
incident,HI_R016_I078,high_demand,R016,10.805485,106.692111
incident,HI_R016_I079,high_demand,R016,10.772917,106.703865
incident,HI_R016_I080,high_demand,R016,10.737832,106.722131
incident,HI_R016_I081,high_demand,R016,10.790843,106.663676
incident,HI_R016_I082,high_demand,R016,10.72993,106.715123
incident,HI_R016_I083,high_demand,R016,10.724611,106.684818
incident,HI_R016_I084,high_demand,R016,10.812687,106.707617
incident,HI_R016_I085,high_demand,R016,10.767366,106.705235
incident,HI_R016_I086,high_demand,R016,10.753408,106.671855
incident,HI_R016_I087,high_demand,R016,10.796553,106.650709
incident,HI_R016_I088,high_demand,R016,10.80841,106.692749
incident,HI_R016_I089,high_demand,R016,10.787865,106.707798
incident,HI_R016_I090,high_demand,R016,10.768986,106.70652
incident,HI_R016_I091,high_demand,R016,10.790642,106.641072
incident,HI_R016_I092,high_demand,R016,10.794845,106.664782
incident,HI_R016_I093,high_demand,R016,10.757823,106.76263
incident,HI_R016_I094,high_demand,R016,10.798118,106.694461
incident,HI_R016_I095,high_demand,R016,10.746128,106.672968
incident,HI_R016_I096,high_demand,R016,10.772737,106.660589
incident,HI_R016_I097,high_demand,R016,10.776797,106.712643
incident,HI_R016_I098,high_demand,R016,10.766421,106.646742
incident,HI_R016_I099,high_demand,R016,10.75955,106.688576
incident,HI_R016_I100,high_demand,R016,10.784655,106.642048
incident,HI_R017_I001,high_demand,R017,10.771617,106.723436
incident,HI_R017_I002,high_demand,R017,10.770095,106.625475
incident,HI_R017_I003,high_demand,R017,10.724106,106.712507
incident,HI_R017_I004,high_demand,R017,10.817265,106.710719
incident,HI_R017_I005,high_demand,R017,10.764451,106.74566
incident,HI_R017_I006,high_demand,R017,10.773035,106.700522
incident,HI_R017_I007,high_demand,R017,10.716682,106.679716
incident,HI_R017_I008,high_demand,R017,10.822562,106.706138
incident,HI_R017_I009,high_demand,R017,10.773109,106.646725
incident,HI_R017_I010,high_demand,R017,10.760618,106.725195
incident,HI_R017_I011,high_demand,R017,10.776999,106.68006
incident,HI_R017_I012,high_demand,R017,10.745397,106.663506
incident,HI_R017_I013,high_demand,R017,10.774368,106.746556
incident,HI_R017_I014,high_demand,R017,10.76754,106.671321
incident,HI_R017_I015,high_demand,R017,10.762048,106.715855
incident,HI_R017_I016,high_demand,R017,10.767807,106.715256
incident,HI_R017_I017,high_demand,R017,10.738569,106.696942
incident,HI_R017_I018,high_demand,R017,10.766169,106.700625
incident,HI_R017_I019,high_demand,R017,10.764701,106.65721
incident,HI_R017_I020,high_demand,R017,10.772868,106.669197
incident,HI_R017_I021,high_demand,R017,10.758497,106.655928
incident,HI_R017_I022,high_demand,R017,10.750168,106.674422
incident,HI_R017_I023,high_demand,R017,10.727035,106.70834
incident,HI_R017_I024,high_demand,R017,10.809968,106.695062
incident,HI_R017_I025,high_demand,R017,10.759794,106.67092
incident,HI_R017_I026,high_demand,R017,10.791937,106.70172
incident,HI_R017_I027,high_demand,R017,10.728257,106.655985
incident,HI_R017_I028,high_demand,R017,10.763915,106.710001
incident,HI_R017_I029,high_demand,R017,10.775204,106.69937
incident,HI_R017_I030,high_demand,R017,10.752758,106.664366
incident,HI_R017_I031,high_demand,R017,10.753757,106.658928
incident,HI_R017_I032,high_demand,R017,10.75205,106.641231
incident,HI_R017_I033,high_demand,R017,10.791477,106.653198
incident,HI_R017_I034,high_demand,R017,10.801294,106.685318
incident,HI_R017_I035,high_demand,R017,10.730677,106.694906
incident,HI_R017_I036,high_demand,R017,10.734842,106.713853
incident,HI_R017_I037,high_demand,R017,10.787067,106.681451
incident,HI_R017_I038,high_demand,R017,10.805302,106.721681
incident,HI_R017_I039,high_demand,R017,10.772163,106.692943
incident,HI_R017_I040,high_demand,R017,10.761829,106.639981
incident,HI_R017_I041,high_demand,R017,10.753647,106.694333
incident,HI_R017_I042,high_demand,R017,10.763407,106.683188
incident,HI_R017_I043,high_demand,R017,10.842414,106.719936
incident,HI_R017_I044,high_demand,R017,10.78007,106.667712
incident,HI_R017_I045,high_demand,R017,10.7549,106.626582
incident,HI_R017_I046,high_demand,R017,10.754646,106.704218
incident,HI_R017_I047,high_demand,R017,10.799137,106.731503
incident,HI_R017_I048,high_demand,R017,10.755524,106.68754
incident,HI_R017_I049,high_demand,R017,10.799331,106.658905
incident,HI_R017_I050,high_demand,R017,10.732589,106.734986
incident,HI_R017_I051,high_demand,R017,10.774666,106.660141
incident,HI_R017_I052,high_demand,R017,10.771189,106.704628
incident,HI_R017_I053,high_demand,R017,10.786475,106.651173
incident,HI_R017_I054,high_demand,R017,10.749205,106.71737
incident,HI_R017_I055,high_demand,R017,10.732615,106.697633
incident,HI_R017_I056,high_demand,R017,10.818014,106.647232
incident,HI_R017_I057,high_demand,R017,10.781709,106.649532
incident,HI_R017_I058,high_demand,R017,10.780368,106.697967
incident,HI_R017_I059,high_demand,R017,10.79403,106.703941
incident,HI_R017_I060,high_demand,R017,10.765487,106.67869
incident,HI_R017_I061,high_demand,R017,10.815525,106.673134
incident,HI_R017_I062,high_demand,R017,10.763444,106.729317
incident,HI_R017_I063,high_demand,R017,10.774081,106.700079
incident,HI_R017_I064,high_demand,R017,10.814668,106.67349
incident,HI_R017_I065,high_demand,R017,10.798309,106.636802
incident,HI_R017_I066,high_demand,R017,10.747065,106.708034
incident,HI_R017_I067,high_demand,R017,10.785837,106.664296
incident,HI_R017_I068,high_demand,R017,10.797326,106.651913
incident,HI_R017_I069,high_demand,R017,10.738971,106.700688
incident,HI_R017_I070,high_demand,R017,10.700172,106.73022
incident,HI_R017_I071,high_demand,R017,10.803999,106.745304
incident,HI_R017_I072,high_demand,R017,10.75711,106.658529
incident,HI_R017_I073,high_demand,R017,10.774934,106.702113
incident,HI_R017_I074,high_demand,R017,10.775696,106.64734
incident,HI_R017_I075,high_demand,R017,10.780046,106.703289
incident,HI_R017_I076,high_demand,R017,10.800478,106.698914
incident,HI_R017_I077,high_demand,R017,10.743041,106.642939
incident,HI_R017_I078,high_demand,R017,10.764013,106.651766
incident,HI_R017_I079,high_demand,R017,10.750942,106.647392
incident,HI_R017_I080,high_demand,R017,10.781926,106.678314
incident,HI_R017_I081,high_demand,R017,10.799005,106.770519
incident,HI_R017_I082,high_demand,R017,10.760224,106.655717
incident,HI_R017_I083,high_demand,R017,10.841755,106.672956
incident,HI_R017_I084,high_demand,R017,10.780491,106.635022
incident,HI_R017_I085,high_demand,R017,10.707125,106.728981
incident,HI_R017_I086,high_demand,R017,10.777106,106.669624
incident,HI_R017_I087,high_demand,R017,10.784299,106.700746
incident,HI_R017_I088,high_demand,R017,10.757667,106.603083
incident,HI_R017_I089,high_demand,R017,10.734719,106.649335
incident,HI_R017_I090,high_demand,R017,10.814114,106.707119
incident,HI_R017_I091,high_demand,R017,10.780665,106.630998
incident,HI_R017_I092,high_demand,R017,10.779748,106.650183
incident,HI_R017_I093,high_demand,R017,10.714966,106.668362
incident,HI_R017_I094,high_demand,R017,10.726516,106.605622
incident,HI_R017_I095,high_demand,R017,10.793095,106.685583
incident,HI_R017_I096,high_demand,R017,10.785244,106.714601
incident,HI_R017_I097,high_demand,R017,10.77788,106.672652
incident,HI_R017_I098,high_demand,R017,10.746271,106.657375
incident,HI_R017_I099,high_demand,R017,10.7495,106.648228
incident,HI_R017_I100,high_demand,R017,10.821777,106.72777
incident,HI_R018_I001,high_demand,R018,10.765038,106.628751
incident,HI_R018_I002,high_demand,R018,10.785683,106.631578
incident,HI_R018_I003,high_demand,R018,10.730001,106.642632
incident,HI_R018_I004,high_demand,R018,10.77265,106.678965
incident,HI_R018_I005,high_demand,R018,10.768248,106.671552
incident,HI_R018_I006,high_demand,R018,10.787535,106.656524
incident,HI_R018_I007,high_demand,R018,10.775483,106.665596
incident,HI_R018_I008,high_demand,R018,10.763216,106.678665
incident,HI_R018_I009,high_demand,R018,10.761618,106.655532
incident,HI_R018_I010,high_demand,R018,10.757132,106.634494
incident,HI_R018_I011,high_demand,R018,10.771642,106.68839
incident,HI_R018_I012,high_demand,R018,10.78316,106.682898
incident,HI_R018_I013,high_demand,R018,10.769512,106.628597
incident,HI_R018_I014,high_demand,R018,10.724617,106.665089
incident,HI_R018_I015,high_demand,R018,10.766807,106.654582
incident,HI_R018_I016,high_demand,R018,10.761176,106.756893
incident,HI_R018_I017,high_demand,R018,10.790245,106.698516
incident,HI_R018_I018,high_demand,R018,10.795159,106.654556
incident,HI_R018_I019,high_demand,R018,10.793576,106.678596
incident,HI_R018_I020,high_demand,R018,10.804124,106.620165
incident,HI_R018_I021,high_demand,R018,10.792483,106.712123
incident,HI_R018_I022,high_demand,R018,10.804394,106.741841
incident,HI_R018_I023,high_demand,R018,10.792052,106.654274
incident,HI_R018_I024,high_demand,R018,10.803959,106.676943
incident,HI_R018_I025,high_demand,R018,10.784801,106.660406
incident,HI_R018_I026,high_demand,R018,10.74381,106.712612
incident,HI_R018_I027,high_demand,R018,10.790006,106.729983
incident,HI_R018_I028,high_demand,R018,10.785027,106.626935
incident,HI_R018_I029,high_demand,R018,10.794139,106.694248
incident,HI_R018_I030,high_demand,R018,10.731054,106.690714
incident,HI_R018_I031,high_demand,R018,10.776708,106.693578
incident,HI_R018_I032,high_demand,R018,10.7541,106.654283
incident,HI_R018_I033,high_demand,R018,10.808153,106.742558
incident,HI_R018_I034,high_demand,R018,10.762948,106.674033
incident,HI_R018_I035,high_demand,R018,10.727638,106.636464
incident,HI_R018_I036,high_demand,R018,10.810922,106.658675
incident,HI_R018_I037,high_demand,R018,10.784678,106.63342
incident,HI_R018_I038,high_demand,R018,10.775588,106.657196
incident,HI_R018_I039,high_demand,R018,10.761092,106.642568
incident,HI_R018_I040,high_demand,R018,10.755827,106.724693
incident,HI_R018_I041,high_demand,R018,10.767824,106.745157
incident,HI_R018_I042,high_demand,R018,10.745908,106.623722
incident,HI_R018_I043,high_demand,R018,10.785596,106.711185
incident,HI_R018_I044,high_demand,R018,10.76682,106.672455
incident,HI_R018_I045,high_demand,R018,10.827902,106.647066
incident,HI_R018_I046,high_demand,R018,10.741992,106.715245
incident,HI_R018_I047,high_demand,R018,10.829961,106.683886
incident,HI_R018_I048,high_demand,R018,10.728083,106.662619
incident,HI_R018_I049,high_demand,R018,10.735399,106.664631
incident,HI_R018_I050,high_demand,R018,10.775444,106.695451
incident,HI_R018_I051,high_demand,R018,10.773924,106.690351
incident,HI_R018_I052,high_demand,R018,10.800975,106.654548
incident,HI_R018_I053,high_demand,R018,10.759316,106.713922
incident,HI_R018_I054,high_demand,R018,10.782296,106.683754
incident,HI_R018_I055,high_demand,R018,10.760472,106.691893
incident,HI_R018_I056,high_demand,R018,10.810125,106.633577
incident,HI_R018_I057,high_demand,R018,10.76846,106.724335
incident,HI_R018_I058,high_demand,R018,10.755127,106.662427
incident,HI_R018_I059,high_demand,R018,10.775113,106.63534
incident,HI_R018_I060,high_demand,R018,10.77421,106.622434
incident,HI_R018_I061,high_demand,R018,10.762688,106.692056
incident,HI_R018_I062,high_demand,R018,10.781711,106.648222
incident,HI_R018_I063,high_demand,R018,10.784843,106.677874
incident,HI_R018_I064,high_demand,R018,10.769952,106.743639
incident,HI_R018_I065,high_demand,R018,10.778777,106.703084
incident,HI_R018_I066,high_demand,R018,10.778796,106.667832
incident,HI_R018_I067,high_demand,R018,10.799629,106.685634
incident,HI_R018_I068,high_demand,R018,10.743987,106.646395
incident,HI_R018_I069,high_demand,R018,10.764346,106.661934
incident,HI_R018_I070,high_demand,R018,10.742119,106.686479
incident,HI_R018_I071,high_demand,R018,10.764772,106.643375
incident,HI_R018_I072,high_demand,R018,10.711425,106.677193
incident,HI_R018_I073,high_demand,R018,10.776816,106.696885
incident,HI_R018_I074,high_demand,R018,10.721947,106.705635
incident,HI_R018_I075,high_demand,R018,10.791884,106.654687
incident,HI_R018_I076,high_demand,R018,10.795552,106.701208
incident,HI_R018_I077,high_demand,R018,10.780766,106.648589
incident,HI_R018_I078,high_demand,R018,10.806652,106.683421
incident,HI_R018_I079,high_demand,R018,10.735065,106.70776
incident,HI_R018_I080,high_demand,R018,10.734771,106.676322
incident,HI_R018_I081,high_demand,R018,10.794838,106.678769
incident,HI_R018_I082,high_demand,R018,10.817981,106.741434
incident,HI_R018_I083,high_demand,R018,10.777834,106.704136
incident,HI_R018_I084,high_demand,R018,10.777818,106.714361
incident,HI_R018_I085,high_demand,R018,10.798872,106.715639
incident,HI_R018_I086,high_demand,R018,10.765174,106.646875
incident,HI_R018_I087,high_demand,R018,10.793104,106.700972
incident,HI_R018_I088,high_demand,R018,10.73166,106.660829
incident,HI_R018_I089,high_demand,R018,10.793425,106.691642
incident,HI_R018_I090,high_demand,R018,10.761436,106.704973
incident,HI_R018_I091,high_demand,R018,10.745975,106.642521
incident,HI_R018_I092,high_demand,R018,10.808926,106.69938
incident,HI_R018_I093,high_demand,R018,10.807777,106.681793
incident,HI_R018_I094,high_demand,R018,10.788298,106.668956
incident,HI_R018_I095,high_demand,R018,10.758681,106.68569
incident,HI_R018_I096,high_demand,R018,10.78072,106.670665
incident,HI_R018_I097,high_demand,R018,10.732208,106.674731
incident,HI_R018_I098,high_demand,R018,10.749087,106.696684
incident,HI_R018_I099,high_demand,R018,10.774043,106.708133
incident,HI_R018_I100,high_demand,R018,10.793513,106.66148
incident,HI_R019_I001,high_demand,R019,10.766392,106.714677
incident,HI_R019_I002,high_demand,R019,10.788627,106.675249
incident,HI_R019_I003,high_demand,R019,10.742828,106.72091
incident,HI_R019_I004,high_demand,R019,10.75163,106.688405
incident,HI_R019_I005,high_demand,R019,10.749342,106.672603
incident,HI_R019_I006,high_demand,R019,10.748426,106.588775
incident,HI_R019_I007,high_demand,R019,10.778038,106.691626
incident,HI_R019_I008,high_demand,R019,10.782493,106.636466
incident,HI_R019_I009,high_demand,R019,10.785827,106.630073
incident,HI_R019_I010,high_demand,R019,10.750369,106.71444
incident,HI_R019_I011,high_demand,R019,10.739881,106.731211
incident,HI_R019_I012,high_demand,R019,10.753436,106.678869
incident,HI_R019_I013,high_demand,R019,10.75445,106.766884
incident,HI_R019_I014,high_demand,R019,10.782791,106.648581
incident,HI_R019_I015,high_demand,R019,10.741913,106.671252
incident,HI_R019_I016,high_demand,R019,10.778093,106.687248
incident,HI_R019_I017,high_demand,R019,10.793225,106.673444
incident,HI_R019_I018,high_demand,R019,10.829027,106.722091
incident,HI_R019_I019,high_demand,R019,10.804037,106.684532
incident,HI_R019_I020,high_demand,R019,10.7251,106.732137
incident,HI_R019_I021,high_demand,R019,10.743861,106.683536
incident,HI_R019_I022,high_demand,R019,10.76206,106.650722
incident,HI_R019_I023,high_demand,R019,10.716684,106.668499
incident,HI_R019_I024,high_demand,R019,10.755539,106.742332
incident,HI_R019_I025,high_demand,R019,10.735503,106.657095
incident,HI_R019_I026,high_demand,R019,10.790646,106.643179
incident,HI_R019_I027,high_demand,R019,10.777449,106.676965
incident,HI_R019_I028,high_demand,R019,10.81771,106.676195
incident,HI_R019_I029,high_demand,R019,10.815542,106.637343
incident,HI_R019_I030,high_demand,R019,10.762949,106.749559
incident,HI_R019_I031,high_demand,R019,10.768391,106.643925
incident,HI_R019_I032,high_demand,R019,10.760425,106.726399
incident,HI_R019_I033,high_demand,R019,10.794126,106.688398
incident,HI_R019_I034,high_demand,R019,10.783299,106.651671
incident,HI_R019_I035,high_demand,R019,10.80054,106.655122
incident,HI_R019_I036,high_demand,R019,10.764241,106.634938
incident,HI_R019_I037,high_demand,R019,10.787507,106.659692
incident,HI_R019_I038,high_demand,R019,10.785506,106.67722
incident,HI_R019_I039,high_demand,R019,10.738,106.652766
incident,HI_R019_I040,high_demand,R019,10.760302,106.685225
incident,HI_R019_I041,high_demand,R019,10.755906,106.681409
incident,HI_R019_I042,high_demand,R019,10.747846,106.567283
incident,HI_R019_I043,high_demand,R019,10.77678,106.685472
incident,HI_R019_I044,high_demand,R019,10.786126,106.772707
incident,HI_R019_I045,high_demand,R019,10.779932,106.645745
incident,HI_R019_I046,high_demand,R019,10.750181,106.74274
incident,HI_R019_I047,high_demand,R019,10.780893,106.631867
incident,HI_R019_I048,high_demand,R019,10.777405,106.693687
incident,HI_R019_I049,high_demand,R019,10.795831,106.679208
incident,HI_R019_I050,high_demand,R019,10.771662,106.693747
incident,HI_R019_I051,high_demand,R019,10.736975,106.672489
incident,HI_R019_I052,high_demand,R019,10.769526,106.58329
incident,HI_R019_I053,high_demand,R019,10.788951,106.642617
incident,HI_R019_I054,high_demand,R019,10.781657,106.754545
incident,HI_R019_I055,high_demand,R019,10.746169,106.640248
incident,HI_R019_I056,high_demand,R019,10.794793,106.693683
incident,HI_R019_I057,high_demand,R019,10.770854,106.683417
incident,HI_R019_I058,high_demand,R019,10.813101,106.673316
incident,HI_R019_I059,high_demand,R019,10.808661,106.732107
incident,HI_R019_I060,high_demand,R019,10.757138,106.697529
incident,HI_R019_I061,high_demand,R019,10.748779,106.681566
incident,HI_R019_I062,high_demand,R019,10.749861,106.671894
incident,HI_R019_I063,high_demand,R019,10.806708,106.611081
incident,HI_R019_I064,high_demand,R019,10.780081,106.693555
incident,HI_R019_I065,high_demand,R019,10.79086,106.578918
incident,HI_R019_I066,high_demand,R019,10.731555,106.681759
incident,HI_R019_I067,high_demand,R019,10.741256,106.711631
incident,HI_R019_I068,high_demand,R019,10.794423,106.680379
incident,HI_R019_I069,high_demand,R019,10.730516,106.626901
incident,HI_R019_I070,high_demand,R019,10.765246,106.638269
incident,HI_R019_I071,high_demand,R019,10.788352,106.699819
incident,HI_R019_I072,high_demand,R019,10.737839,106.653088
incident,HI_R019_I073,high_demand,R019,10.775198,106.667583
incident,HI_R019_I074,high_demand,R019,10.750961,106.732518
incident,HI_R019_I075,high_demand,R019,10.773565,106.691263
incident,HI_R019_I076,high_demand,R019,10.796849,106.722598
incident,HI_R019_I077,high_demand,R019,10.743316,106.677646
incident,HI_R019_I078,high_demand,R019,10.790937,106.724305
incident,HI_R019_I079,high_demand,R019,10.762337,106.722419
incident,HI_R019_I080,high_demand,R019,10.783797,106.603329
incident,HI_R019_I081,high_demand,R019,10.763047,106.705782
incident,HI_R019_I082,high_demand,R019,10.752725,106.678685
incident,HI_R019_I083,high_demand,R019,10.755726,106.700143
incident,HI_R019_I084,high_demand,R019,10.715937,106.703072
incident,HI_R019_I085,high_demand,R019,10.777615,106.665146
incident,HI_R019_I086,high_demand,R019,10.747228,106.680069
incident,HI_R019_I087,high_demand,R019,10.727882,106.644827
incident,HI_R019_I088,high_demand,R019,10.755757,106.719373
incident,HI_R019_I089,high_demand,R019,10.745341,106.711697
incident,HI_R019_I090,high_demand,R019,10.770851,106.706303
incident,HI_R019_I091,high_demand,R019,10.783056,106.702704
incident,HI_R019_I092,high_demand,R019,10.750467,106.670006
incident,HI_R019_I093,high_demand,R019,10.741221,106.668357
incident,HI_R019_I094,high_demand,R019,10.794375,106.634697
incident,HI_R019_I095,high_demand,R019,10.763348,106.616856
incident,HI_R019_I096,high_demand,R019,10.752394,106.618283
incident,HI_R019_I097,high_demand,R019,10.755377,106.729037
incident,HI_R019_I098,high_demand,R019,10.743936,106.70776
incident,HI_R019_I099,high_demand,R019,10.74465,106.699582
incident,HI_R019_I100,high_demand,R019,10.777781,106.683709
incident,HI_R020_I001,high_demand,R020,10.784058,106.597769
incident,HI_R020_I002,high_demand,R020,10.762542,106.707538
incident,HI_R020_I003,high_demand,R020,10.772035,106.686881
incident,HI_R020_I004,high_demand,R020,10.742613,106.653502
incident,HI_R020_I005,high_demand,R020,10.770111,106.655683
incident,HI_R020_I006,high_demand,R020,10.779902,106.665687
incident,HI_R020_I007,high_demand,R020,10.779592,106.642299
incident,HI_R020_I008,high_demand,R020,10.781347,106.719942
incident,HI_R020_I009,high_demand,R020,10.79196,106.65484
incident,HI_R020_I010,high_demand,R020,10.752603,106.773308
incident,HI_R020_I011,high_demand,R020,10.780848,106.664449
incident,HI_R020_I012,high_demand,R020,10.801536,106.725424
incident,HI_R020_I013,high_demand,R020,10.788224,106.713713
incident,HI_R020_I014,high_demand,R020,10.816589,106.702387
incident,HI_R020_I015,high_demand,R020,10.745478,106.643764
incident,HI_R020_I016,high_demand,R020,10.738296,106.679397
incident,HI_R020_I017,high_demand,R020,10.771686,106.712597
incident,HI_R020_I018,high_demand,R020,10.736586,106.710699
incident,HI_R020_I019,high_demand,R020,10.76569,106.695165
incident,HI_R020_I020,high_demand,R020,10.785271,106.64304
incident,HI_R020_I021,high_demand,R020,10.767416,106.630442
incident,HI_R020_I022,high_demand,R020,10.74678,106.686311
incident,HI_R020_I023,high_demand,R020,10.746638,106.679543
incident,HI_R020_I024,high_demand,R020,10.763906,106.667512
incident,HI_R020_I025,high_demand,R020,10.763548,106.676839
incident,HI_R020_I026,high_demand,R020,10.773601,106.643086
incident,HI_R020_I027,high_demand,R020,10.765145,106.707544
incident,HI_R020_I028,high_demand,R020,10.776111,106.644529
incident,HI_R020_I029,high_demand,R020,10.768585,106.675677
incident,HI_R020_I030,high_demand,R020,10.754661,106.676059
incident,HI_R020_I031,high_demand,R020,10.746099,106.646183
incident,HI_R020_I032,high_demand,R020,10.745976,106.667564
incident,HI_R020_I033,high_demand,R020,10.792262,106.701311
incident,HI_R020_I034,high_demand,R020,10.791712,106.736136
incident,HI_R020_I035,high_demand,R020,10.758881,106.611282
incident,HI_R020_I036,high_demand,R020,10.798603,106.701915
incident,HI_R020_I037,high_demand,R020,10.789882,106.720973
incident,HI_R020_I038,high_demand,R020,10.768102,106.63749
incident,HI_R020_I039,high_demand,R020,10.750385,106.747306
incident,HI_R020_I040,high_demand,R020,10.774313,106.667197
incident,HI_R020_I041,high_demand,R020,10.736936,106.647452
incident,HI_R020_I042,high_demand,R020,10.771831,106.667503
incident,HI_R020_I043,high_demand,R020,10.77879,106.688753
incident,HI_R020_I044,high_demand,R020,10.789438,106.741286
incident,HI_R020_I045,high_demand,R020,10.747687,106.691202
incident,HI_R020_I046,high_demand,R020,10.769494,106.693963
incident,HI_R020_I047,high_demand,R020,10.738959,106.717706
incident,HI_R020_I048,high_demand,R020,10.752694,106.711722
incident,HI_R020_I049,high_demand,R020,10.780683,106.666936
incident,HI_R020_I050,high_demand,R020,10.788546,106.694245
incident,HI_R020_I051,high_demand,R020,10.751642,106.69272
incident,HI_R020_I052,high_demand,R020,10.785086,106.705502
incident,HI_R020_I053,high_demand,R020,10.764507,106.702121
incident,HI_R020_I054,high_demand,R020,10.749998,106.685017
incident,HI_R020_I055,high_demand,R020,10.747906,106.712161
incident,HI_R020_I056,high_demand,R020,10.77069,106.723086
incident,HI_R020_I057,high_demand,R020,10.763774,106.638982
incident,HI_R020_I058,high_demand,R020,10.782836,106.661049
incident,HI_R020_I059,high_demand,R020,10.803753,106.717304
incident,HI_R020_I060,high_demand,R020,10.776761,106.650485
incident,HI_R020_I061,high_demand,R020,10.740888,106.674476
incident,HI_R020_I062,high_demand,R020,10.778727,106.663381
incident,HI_R020_I063,high_demand,R020,10.774059,106.671068
incident,HI_R020_I064,high_demand,R020,10.822254,106.726003
incident,HI_R020_I065,high_demand,R020,10.777609,106.719322
incident,HI_R020_I066,high_demand,R020,10.782158,106.667857
incident,HI_R020_I067,high_demand,R020,10.752902,106.687315
incident,HI_R020_I068,high_demand,R020,10.754151,106.707972
incident,HI_R020_I069,high_demand,R020,10.77575,106.723131
incident,HI_R020_I070,high_demand,R020,10.797536,106.688575
incident,HI_R020_I071,high_demand,R020,10.747825,106.609297
incident,HI_R020_I072,high_demand,R020,10.709416,106.724392
incident,HI_R020_I073,high_demand,R020,10.710615,106.605925
incident,HI_R020_I074,high_demand,R020,10.737579,106.596489
incident,HI_R020_I075,high_demand,R020,10.777158,106.701417
incident,HI_R020_I076,high_demand,R020,10.746515,106.668771
incident,HI_R020_I077,high_demand,R020,10.784563,106.722906
incident,HI_R020_I078,high_demand,R020,10.775138,106.734518
incident,HI_R020_I079,high_demand,R020,10.840326,106.75558
incident,HI_R020_I080,high_demand,R020,10.760161,106.715462
incident,HI_R020_I081,high_demand,R020,10.747308,106.638715
incident,HI_R020_I082,high_demand,R020,10.786497,106.637621
incident,HI_R020_I083,high_demand,R020,10.749303,106.736762
incident,HI_R020_I084,high_demand,R020,10.787408,106.702741
incident,HI_R020_I085,high_demand,R020,10.78024,106.675377
incident,HI_R020_I086,high_demand,R020,10.737846,106.696532
incident,HI_R020_I087,high_demand,R020,10.765006,106.670955
incident,HI_R020_I088,high_demand,R020,10.768018,106.649786
incident,HI_R020_I089,high_demand,R020,10.823803,106.711599
incident,HI_R020_I090,high_demand,R020,10.770278,106.65893
incident,HI_R020_I091,high_demand,R020,10.854634,106.649308
incident,HI_R020_I092,high_demand,R020,10.770291,106.707552
incident,HI_R020_I093,high_demand,R020,10.800904,106.677929
incident,HI_R020_I094,high_demand,R020,10.770294,106.653671
incident,HI_R020_I095,high_demand,R020,10.80732,106.64344
incident,HI_R020_I096,high_demand,R020,10.724871,106.666111
incident,HI_R020_I097,high_demand,R020,10.766902,106.659222
incident,HI_R020_I098,high_demand,R020,10.775523,106.725612
incident,HI_R020_I099,high_demand,R020,10.797945,106.677055
incident,HI_R020_I100,high_demand,R020,10.738609,106.666137
incident,HI_R021_I001,high_demand,R021,10.804993,106.700731
incident,HI_R021_I002,high_demand,R021,10.716428,106.727628
incident,HI_R021_I003,high_demand,R021,10.756533,106.632485
incident,HI_R021_I004,high_demand,R021,10.726157,106.634729
incident,HI_R021_I005,high_demand,R021,10.760923,106.676891
incident,HI_R021_I006,high_demand,R021,10.75544,106.685344
incident,HI_R021_I007,high_demand,R021,10.752933,106.65566
incident,HI_R021_I008,high_demand,R021,10.762578,106.658556
incident,HI_R021_I009,high_demand,R021,10.804782,106.700157
incident,HI_R021_I010,high_demand,R021,10.779131,106.672878
incident,HI_R021_I011,high_demand,R021,10.748063,106.707298
incident,HI_R021_I012,high_demand,R021,10.733279,106.750578
incident,HI_R021_I013,high_demand,R021,10.727609,106.695052
incident,HI_R021_I014,high_demand,R021,10.682781,106.702535
incident,HI_R021_I015,high_demand,R021,10.77674,106.599112
incident,HI_R021_I016,high_demand,R021,10.753319,106.758608
incident,HI_R021_I017,high_demand,R021,10.764816,106.681524
incident,HI_R021_I018,high_demand,R021,10.754953,106.722216
incident,HI_R021_I019,high_demand,R021,10.792629,106.683953
incident,HI_R021_I020,high_demand,R021,10.751062,106.68363
incident,HI_R021_I021,high_demand,R021,10.76945,106.709057
incident,HI_R021_I022,high_demand,R021,10.787478,106.67765
incident,HI_R021_I023,high_demand,R021,10.75001,106.68425
incident,HI_R021_I024,high_demand,R021,10.807298,106.617556
incident,HI_R021_I025,high_demand,R021,10.782728,106.758699
incident,HI_R021_I026,high_demand,R021,10.761101,106.710443
incident,HI_R021_I027,high_demand,R021,10.799172,106.778477
incident,HI_R021_I028,high_demand,R021,10.751877,106.750833
incident,HI_R021_I029,high_demand,R021,10.780877,106.686334
incident,HI_R021_I030,high_demand,R021,10.797996,106.704178
incident,HI_R021_I031,high_demand,R021,10.76337,106.683337
incident,HI_R021_I032,high_demand,R021,10.756113,106.616863
incident,HI_R021_I033,high_demand,R021,10.739069,106.646265
incident,HI_R021_I034,high_demand,R021,10.776867,106.671484
incident,HI_R021_I035,high_demand,R021,10.772591,106.754201
incident,HI_R021_I036,high_demand,R021,10.777865,106.636532
incident,HI_R021_I037,high_demand,R021,10.710638,106.681838
incident,HI_R021_I038,high_demand,R021,10.785805,106.735931
incident,HI_R021_I039,high_demand,R021,10.780067,106.674969
incident,HI_R021_I040,high_demand,R021,10.787263,106.66385
incident,HI_R021_I041,high_demand,R021,10.776001,106.654702
incident,HI_R021_I042,high_demand,R021,10.755157,106.670669
incident,HI_R021_I043,high_demand,R021,10.73969,106.713528
incident,HI_R021_I044,high_demand,R021,10.756752,106.710242
incident,HI_R021_I045,high_demand,R021,10.783122,106.647271
incident,HI_R021_I046,high_demand,R021,10.796104,106.627069
incident,HI_R021_I047,high_demand,R021,10.783002,106.699665
incident,HI_R021_I048,high_demand,R021,10.732491,106.626116
incident,HI_R021_I049,high_demand,R021,10.780624,106.645848
incident,HI_R021_I050,high_demand,R021,10.752667,106.665235
incident,HI_R021_I051,high_demand,R021,10.808744,106.719829
incident,HI_R021_I052,high_demand,R021,10.747528,106.651002
incident,HI_R021_I053,high_demand,R021,10.740985,106.760792
incident,HI_R021_I054,high_demand,R021,10.739649,106.718946
incident,HI_R021_I055,high_demand,R021,10.773914,106.68911
incident,HI_R021_I056,high_demand,R021,10.799172,106.687364
incident,HI_R021_I057,high_demand,R021,10.771832,106.585265
incident,HI_R021_I058,high_demand,R021,10.81425,106.661722
incident,HI_R021_I059,high_demand,R021,10.763671,106.612585
incident,HI_R021_I060,high_demand,R021,10.795755,106.708305
incident,HI_R021_I061,high_demand,R021,10.793167,106.69029
incident,HI_R021_I062,high_demand,R021,10.771639,106.653736
incident,HI_R021_I063,high_demand,R021,10.791171,106.700453
incident,HI_R021_I064,high_demand,R021,10.796845,106.707412
incident,HI_R021_I065,high_demand,R021,10.774579,106.705354
incident,HI_R021_I066,high_demand,R021,10.778564,106.685283
incident,HI_R021_I067,high_demand,R021,10.776402,106.708796
incident,HI_R021_I068,high_demand,R021,10.724146,106.745644
incident,HI_R021_I069,high_demand,R021,10.83761,106.671404
incident,HI_R021_I070,high_demand,R021,10.753988,106.706599
incident,HI_R021_I071,high_demand,R021,10.823065,106.693454
incident,HI_R021_I072,high_demand,R021,10.75251,106.625263
incident,HI_R021_I073,high_demand,R021,10.780445,106.661237
incident,HI_R021_I074,high_demand,R021,10.745151,106.680725
incident,HI_R021_I075,high_demand,R021,10.806326,106.671831
incident,HI_R021_I076,high_demand,R021,10.734203,106.681141
incident,HI_R021_I077,high_demand,R021,10.789427,106.697642
incident,HI_R021_I078,high_demand,R021,10.761706,106.716755
incident,HI_R021_I079,high_demand,R021,10.760531,106.698513
incident,HI_R021_I080,high_demand,R021,10.761005,106.643245
incident,HI_R021_I081,high_demand,R021,10.736717,106.682017
incident,HI_R021_I082,high_demand,R021,10.77968,106.601993
incident,HI_R021_I083,high_demand,R021,10.750886,106.752029
incident,HI_R021_I084,high_demand,R021,10.789714,106.687527
incident,HI_R021_I085,high_demand,R021,10.742371,106.678204
incident,HI_R021_I086,high_demand,R021,10.790356,106.635717
incident,HI_R021_I087,high_demand,R021,10.774369,106.685013
incident,HI_R021_I088,high_demand,R021,10.747121,106.681355
incident,HI_R021_I089,high_demand,R021,10.741205,106.701053
incident,HI_R021_I090,high_demand,R021,10.77399,106.692553
incident,HI_R021_I091,high_demand,R021,10.787644,106.73594
incident,HI_R021_I092,high_demand,R021,10.818618,106.660766
incident,HI_R021_I093,high_demand,R021,10.732869,106.716741
incident,HI_R021_I094,high_demand,R021,10.797478,106.746132
incident,HI_R021_I095,high_demand,R021,10.721049,106.622305
incident,HI_R021_I096,high_demand,R021,10.743632,106.667373
incident,HI_R021_I097,high_demand,R021,10.729844,106.659644
incident,HI_R021_I098,high_demand,R021,10.774949,106.682885
incident,HI_R021_I099,high_demand,R021,10.821851,106.633125
incident,HI_R021_I100,high_demand,R021,10.764908,106.693723
incident,HI_R022_I001,high_demand,R022,10.791909,106.686167
incident,HI_R022_I002,high_demand,R022,10.762663,106.65803
incident,HI_R022_I003,high_demand,R022,10.764735,106.726017
incident,HI_R022_I004,high_demand,R022,10.765895,106.651355
incident,HI_R022_I005,high_demand,R022,10.782398,106.603626
incident,HI_R022_I006,high_demand,R022,10.786497,106.628313
incident,HI_R022_I007,high_demand,R022,10.818033,106.640318
incident,HI_R022_I008,high_demand,R022,10.827545,106.6875
incident,HI_R022_I009,high_demand,R022,10.775779,106.655899
incident,HI_R022_I010,high_demand,R022,10.775038,106.762597
incident,HI_R022_I011,high_demand,R022,10.756687,106.660226
incident,HI_R022_I012,high_demand,R022,10.787911,106.709272
incident,HI_R022_I013,high_demand,R022,10.736016,106.701023
incident,HI_R022_I014,high_demand,R022,10.780118,106.630019
incident,HI_R022_I015,high_demand,R022,10.751425,106.608984
incident,HI_R022_I016,high_demand,R022,10.775787,106.733472
incident,HI_R022_I017,high_demand,R022,10.750537,106.64591
incident,HI_R022_I018,high_demand,R022,10.756883,106.674489
incident,HI_R022_I019,high_demand,R022,10.776087,106.678655
incident,HI_R022_I020,high_demand,R022,10.705674,106.693263
incident,HI_R022_I021,high_demand,R022,10.725809,106.703383
incident,HI_R022_I022,high_demand,R022,10.787654,106.688767
incident,HI_R022_I023,high_demand,R022,10.756151,106.642516
incident,HI_R022_I024,high_demand,R022,10.75307,106.582313
incident,HI_R022_I025,high_demand,R022,10.746554,106.72261
incident,HI_R022_I026,high_demand,R022,10.771101,106.663945
incident,HI_R022_I027,high_demand,R022,10.751195,106.661756
incident,HI_R022_I028,high_demand,R022,10.763728,106.725398
incident,HI_R022_I029,high_demand,R022,10.824933,106.714466
incident,HI_R022_I030,high_demand,R022,10.777122,106.677821
incident,HI_R022_I031,high_demand,R022,10.801089,106.673563
incident,HI_R022_I032,high_demand,R022,10.760789,106.692661
incident,HI_R022_I033,high_demand,R022,10.708182,106.692396
incident,HI_R022_I034,high_demand,R022,10.730707,106.637479
incident,HI_R022_I035,high_demand,R022,10.788669,106.596671
incident,HI_R022_I036,high_demand,R022,10.763994,106.656905
incident,HI_R022_I037,high_demand,R022,10.740032,106.692414
incident,HI_R022_I038,high_demand,R022,10.804092,106.630862
incident,HI_R022_I039,high_demand,R022,10.794798,106.67092
incident,HI_R022_I040,high_demand,R022,10.779582,106.702512
incident,HI_R022_I041,high_demand,R022,10.744581,106.707846
incident,HI_R022_I042,high_demand,R022,10.732335,106.650753
incident,HI_R022_I043,high_demand,R022,10.753982,106.706399
incident,HI_R022_I044,high_demand,R022,10.807074,106.665665
incident,HI_R022_I045,high_demand,R022,10.749193,106.671506
incident,HI_R022_I046,high_demand,R022,10.788181,106.668438
incident,HI_R022_I047,high_demand,R022,10.812135,106.694994
incident,HI_R022_I048,high_demand,R022,10.771687,106.686727
incident,HI_R022_I049,high_demand,R022,10.714815,106.705311
incident,HI_R022_I050,high_demand,R022,10.714183,106.704
incident,HI_R022_I051,high_demand,R022,10.782491,106.688191
incident,HI_R022_I052,high_demand,R022,10.799789,106.703448
incident,HI_R022_I053,high_demand,R022,10.763189,106.646073
incident,HI_R022_I054,high_demand,R022,10.745268,106.669406
incident,HI_R022_I055,high_demand,R022,10.766675,106.670758
incident,HI_R022_I056,high_demand,R022,10.760727,106.696388
incident,HI_R022_I057,high_demand,R022,10.780912,106.726797
incident,HI_R022_I058,high_demand,R022,10.812758,106.69941
incident,HI_R022_I059,high_demand,R022,10.733002,106.649343
incident,HI_R022_I060,high_demand,R022,10.722161,106.722253
incident,HI_R022_I061,high_demand,R022,10.765272,106.623512
incident,HI_R022_I062,high_demand,R022,10.735124,106.658714
incident,HI_R022_I063,high_demand,R022,10.777799,106.621463
incident,HI_R022_I064,high_demand,R022,10.735959,106.700289
incident,HI_R022_I065,high_demand,R022,10.768804,106.671191
incident,HI_R022_I066,high_demand,R022,10.793583,106.662333
incident,HI_R022_I067,high_demand,R022,10.752872,106.629198
incident,HI_R022_I068,high_demand,R022,10.763262,106.635286
incident,HI_R022_I069,high_demand,R022,10.803596,106.703802
incident,HI_R022_I070,high_demand,R022,10.786673,106.765342
incident,HI_R022_I071,high_demand,R022,10.774064,106.677677
incident,HI_R022_I072,high_demand,R022,10.801102,106.666269
incident,HI_R022_I073,high_demand,R022,10.759263,106.654944
incident,HI_R022_I074,high_demand,R022,10.798358,106.674538
incident,HI_R022_I075,high_demand,R022,10.756498,106.69368
incident,HI_R022_I076,high_demand,R022,10.786097,106.685224
incident,HI_R022_I077,high_demand,R022,10.766822,106.653456
incident,HI_R022_I078,high_demand,R022,10.809469,106.755555
incident,HI_R022_I079,high_demand,R022,10.7815,106.652573
incident,HI_R022_I080,high_demand,R022,10.767006,106.686908
incident,HI_R022_I081,high_demand,R022,10.727939,106.586541
incident,HI_R022_I082,high_demand,R022,10.827228,106.727905
incident,HI_R022_I083,high_demand,R022,10.755698,106.693767
incident,HI_R022_I084,high_demand,R022,10.760629,106.661597
incident,HI_R022_I085,high_demand,R022,10.755735,106.644058
incident,HI_R022_I086,high_demand,R022,10.780251,106.688107
incident,HI_R022_I087,high_demand,R022,10.729141,106.66419
incident,HI_R022_I088,high_demand,R022,10.752205,106.680411
incident,HI_R022_I089,high_demand,R022,10.787154,106.654175
incident,HI_R022_I090,high_demand,R022,10.741643,106.683048
incident,HI_R022_I091,high_demand,R022,10.757265,106.645703
incident,HI_R022_I092,high_demand,R022,10.752784,106.720168
incident,HI_R022_I093,high_demand,R022,10.758252,106.666652
incident,HI_R022_I094,high_demand,R022,10.774992,106.695425
incident,HI_R022_I095,high_demand,R022,10.779619,106.616939
incident,HI_R022_I096,high_demand,R022,10.758274,106.678512
incident,HI_R022_I097,high_demand,R022,10.762694,106.626487
incident,HI_R022_I098,high_demand,R022,10.80519,106.681194
incident,HI_R022_I099,high_demand,R022,10.778899,106.660832
incident,HI_R022_I100,high_demand,R022,10.783438,106.686602
incident,HI_R023_I001,high_demand,R023,10.771274,106.651562
incident,HI_R023_I002,high_demand,R023,10.769209,106.66272
incident,HI_R023_I003,high_demand,R023,10.817526,106.740466
incident,HI_R023_I004,high_demand,R023,10.728785,106.650051
incident,HI_R023_I005,high_demand,R023,10.793029,106.679435
incident,HI_R023_I006,high_demand,R023,10.79882,106.724444
incident,HI_R023_I007,high_demand,R023,10.783016,106.673085
incident,HI_R023_I008,high_demand,R023,10.788877,106.69134
incident,HI_R023_I009,high_demand,R023,10.803056,106.677795
incident,HI_R023_I010,high_demand,R023,10.761256,106.66256
incident,HI_R023_I011,high_demand,R023,10.742958,106.672186
incident,HI_R023_I012,high_demand,R023,10.778524,106.708076
incident,HI_R023_I013,high_demand,R023,10.768822,106.663563
incident,HI_R023_I014,high_demand,R023,10.720292,106.662391
incident,HI_R023_I015,high_demand,R023,10.740393,106.587125
incident,HI_R023_I016,high_demand,R023,10.743872,106.683758
incident,HI_R023_I017,high_demand,R023,10.7248,106.708775
incident,HI_R023_I018,high_demand,R023,10.791884,106.782307
incident,HI_R023_I019,high_demand,R023,10.786338,106.626456
incident,HI_R023_I020,high_demand,R023,10.767381,106.705384
incident,HI_R023_I021,high_demand,R023,10.740553,106.63057
incident,HI_R023_I022,high_demand,R023,10.750732,106.676513
incident,HI_R023_I023,high_demand,R023,10.79649,106.661711
incident,HI_R023_I024,high_demand,R023,10.772219,106.690224
incident,HI_R023_I025,high_demand,R023,10.797487,106.645073
incident,HI_R023_I026,high_demand,R023,10.79688,106.714305
incident,HI_R023_I027,high_demand,R023,10.772791,106.66997
incident,HI_R023_I028,high_demand,R023,10.771976,106.68666
incident,HI_R023_I029,high_demand,R023,10.776881,106.674861
incident,HI_R023_I030,high_demand,R023,10.740402,106.688988
incident,HI_R023_I031,high_demand,R023,10.756553,106.667105
incident,HI_R023_I032,high_demand,R023,10.776766,106.682837
incident,HI_R023_I033,high_demand,R023,10.730486,106.620931
incident,HI_R023_I034,high_demand,R023,10.763227,106.707962
incident,HI_R023_I035,high_demand,R023,10.725851,106.707787
incident,HI_R023_I036,high_demand,R023,10.810965,106.630983
incident,HI_R023_I037,high_demand,R023,10.791412,106.682641
incident,HI_R023_I038,high_demand,R023,10.781013,106.647943
incident,HI_R023_I039,high_demand,R023,10.761707,106.649756
incident,HI_R023_I040,high_demand,R023,10.745687,106.70221
incident,HI_R023_I041,high_demand,R023,10.768253,106.701545
incident,HI_R023_I042,high_demand,R023,10.779817,106.679062
incident,HI_R023_I043,high_demand,R023,10.783998,106.702038
incident,HI_R023_I044,high_demand,R023,10.710233,106.721364
incident,HI_R023_I045,high_demand,R023,10.752207,106.658365
incident,HI_R023_I046,high_demand,R023,10.798272,106.640649
incident,HI_R023_I047,high_demand,R023,10.792823,106.683999
incident,HI_R023_I048,high_demand,R023,10.791514,106.681957
incident,HI_R023_I049,high_demand,R023,10.779628,106.67876
incident,HI_R023_I050,high_demand,R023,10.764761,106.67217
incident,HI_R023_I051,high_demand,R023,10.806274,106.675762
incident,HI_R023_I052,high_demand,R023,10.744831,106.687383
incident,HI_R023_I053,high_demand,R023,10.751528,106.603976
incident,HI_R023_I054,high_demand,R023,10.773302,106.650958
incident,HI_R023_I055,high_demand,R023,10.758122,106.63381
incident,HI_R023_I056,high_demand,R023,10.753473,106.632412
incident,HI_R023_I057,high_demand,R023,10.781885,106.619467
incident,HI_R023_I058,high_demand,R023,10.756616,106.651985
incident,HI_R023_I059,high_demand,R023,10.778554,106.625575
incident,HI_R023_I060,high_demand,R023,10.810233,106.650936
incident,HI_R023_I061,high_demand,R023,10.768806,106.700053
incident,HI_R023_I062,high_demand,R023,10.746289,106.689418
incident,HI_R023_I063,high_demand,R023,10.734941,106.668179
incident,HI_R023_I064,high_demand,R023,10.780758,106.637689
incident,HI_R023_I065,high_demand,R023,10.772474,106.691687
incident,HI_R023_I066,high_demand,R023,10.774722,106.699131
incident,HI_R023_I067,high_demand,R023,10.74681,106.657555
incident,HI_R023_I068,high_demand,R023,10.774082,106.645836
incident,HI_R023_I069,high_demand,R023,10.764885,106.67286
incident,HI_R023_I070,high_demand,R023,10.701265,106.690652
incident,HI_R023_I071,high_demand,R023,10.80509,106.651807
incident,HI_R023_I072,high_demand,R023,10.764005,106.6479
incident,HI_R023_I073,high_demand,R023,10.81984,106.681148
incident,HI_R023_I074,high_demand,R023,10.789091,106.690442
incident,HI_R023_I075,high_demand,R023,10.795417,106.724314
incident,HI_R023_I076,high_demand,R023,10.768978,106.677273
incident,HI_R023_I077,high_demand,R023,10.768397,106.738991
incident,HI_R023_I078,high_demand,R023,10.770635,106.624902
incident,HI_R023_I079,high_demand,R023,10.751851,106.701062
incident,HI_R023_I080,high_demand,R023,10.756577,106.649289
incident,HI_R023_I081,high_demand,R023,10.730572,106.60629
incident,HI_R023_I082,high_demand,R023,10.720824,106.729298
incident,HI_R023_I083,high_demand,R023,10.770263,106.652142
incident,HI_R023_I084,high_demand,R023,10.734744,106.659361
incident,HI_R023_I085,high_demand,R023,10.76752,106.670318
incident,HI_R023_I086,high_demand,R023,10.78829,106.668169
incident,HI_R023_I087,high_demand,R023,10.793154,106.683204
incident,HI_R023_I088,high_demand,R023,10.79362,106.657193
incident,HI_R023_I089,high_demand,R023,10.778601,106.657674
incident,HI_R023_I090,high_demand,R023,10.756153,106.721777
incident,HI_R023_I091,high_demand,R023,10.760282,106.685842
incident,HI_R023_I092,high_demand,R023,10.8143,106.671349
incident,HI_R023_I093,high_demand,R023,10.715099,106.661453
incident,HI_R023_I094,high_demand,R023,10.774968,106.669582
incident,HI_R023_I095,high_demand,R023,10.783999,106.700492
incident,HI_R023_I096,high_demand,R023,10.743289,106.660009
incident,HI_R023_I097,high_demand,R023,10.790677,106.743074
incident,HI_R023_I098,high_demand,R023,10.735478,106.67773
incident,HI_R023_I099,high_demand,R023,10.757928,106.717662
incident,HI_R023_I100,high_demand,R023,10.711902,106.72354
incident,HI_R024_I001,high_demand,R024,10.781313,106.670277
incident,HI_R024_I002,high_demand,R024,10.750849,106.677382
incident,HI_R024_I003,high_demand,R024,10.762971,106.622414
incident,HI_R024_I004,high_demand,R024,10.745815,106.763277
incident,HI_R024_I005,high_demand,R024,10.804897,106.725044
incident,HI_R024_I006,high_demand,R024,10.76731,106.658411
incident,HI_R024_I007,high_demand,R024,10.75097,106.721477
incident,HI_R024_I008,high_demand,R024,10.751609,106.615073
incident,HI_R024_I009,high_demand,R024,10.779872,106.686594
incident,HI_R024_I010,high_demand,R024,10.764329,106.697284
incident,HI_R024_I011,high_demand,R024,10.758905,106.638322
incident,HI_R024_I012,high_demand,R024,10.754703,106.642718
incident,HI_R024_I013,high_demand,R024,10.776292,106.630365
incident,HI_R024_I014,high_demand,R024,10.753673,106.698035
incident,HI_R024_I015,high_demand,R024,10.759909,106.742152
incident,HI_R024_I016,high_demand,R024,10.812899,106.688053
incident,HI_R024_I017,high_demand,R024,10.771826,106.727742
incident,HI_R024_I018,high_demand,R024,10.745634,106.729026
incident,HI_R024_I019,high_demand,R024,10.744888,106.720232
incident,HI_R024_I020,high_demand,R024,10.80501,106.627063
incident,HI_R024_I021,high_demand,R024,10.770401,106.645973
incident,HI_R024_I022,high_demand,R024,10.769522,106.640189
incident,HI_R024_I023,high_demand,R024,10.819638,106.73312
incident,HI_R024_I024,high_demand,R024,10.756007,106.617648
incident,HI_R024_I025,high_demand,R024,10.795676,106.683458
incident,HI_R024_I026,high_demand,R024,10.769702,106.651722
incident,HI_R024_I027,high_demand,R024,10.780024,106.679333
incident,HI_R024_I028,high_demand,R024,10.746741,106.6355
incident,HI_R024_I029,high_demand,R024,10.768616,106.714037
incident,HI_R024_I030,high_demand,R024,10.797109,106.683565
incident,HI_R024_I031,high_demand,R024,10.786358,106.685701
incident,HI_R024_I032,high_demand,R024,10.730599,106.693542
incident,HI_R024_I033,high_demand,R024,10.766695,106.69441
incident,HI_R024_I034,high_demand,R024,10.740033,106.698657
incident,HI_R024_I035,high_demand,R024,10.778443,106.70412
incident,HI_R024_I036,high_demand,R024,10.766234,106.72403
incident,HI_R024_I037,high_demand,R024,10.745387,106.725694
incident,HI_R024_I038,high_demand,R024,10.794215,106.640179
incident,HI_R024_I039,high_demand,R024,10.763734,106.696619
incident,HI_R024_I040,high_demand,R024,10.73254,106.713822
incident,HI_R024_I041,high_demand,R024,10.793064,106.654602
incident,HI_R024_I042,high_demand,R024,10.768785,106.685973
incident,HI_R024_I043,high_demand,R024,10.734081,106.649805
incident,HI_R024_I044,high_demand,R024,10.799977,106.663157
incident,HI_R024_I045,high_demand,R024,10.759696,106.749412
incident,HI_R024_I046,high_demand,R024,10.779317,106.64377
incident,HI_R024_I047,high_demand,R024,10.809563,106.68565
incident,HI_R024_I048,high_demand,R024,10.759524,106.713988
incident,HI_R024_I049,high_demand,R024,10.77713,106.699777
incident,HI_R024_I050,high_demand,R024,10.771968,106.726711
incident,HI_R024_I051,high_demand,R024,10.791826,106.694928
incident,HI_R024_I052,high_demand,R024,10.744709,106.695516
incident,HI_R024_I053,high_demand,R024,10.763993,106.664294
incident,HI_R024_I054,high_demand,R024,10.797133,106.6781
incident,HI_R024_I055,high_demand,R024,10.776863,106.675314
incident,HI_R024_I056,high_demand,R024,10.8363,106.737234
incident,HI_R024_I057,high_demand,R024,10.77301,106.646799
incident,HI_R024_I058,high_demand,R024,10.788229,106.70617
incident,HI_R024_I059,high_demand,R024,10.764421,106.613648
incident,HI_R024_I060,high_demand,R024,10.7868,106.682018
incident,HI_R024_I061,high_demand,R024,10.734942,106.694572
incident,HI_R024_I062,high_demand,R024,10.783406,106.678595
incident,HI_R024_I063,high_demand,R024,10.792342,106.729716
incident,HI_R024_I064,high_demand,R024,10.809369,106.600418
incident,HI_R024_I065,high_demand,R024,10.778782,106.70454
incident,HI_R024_I066,high_demand,R024,10.809497,106.663394
incident,HI_R024_I067,high_demand,R024,10.75144,106.651399
incident,HI_R024_I068,high_demand,R024,10.744146,106.709259
incident,HI_R024_I069,high_demand,R024,10.810965,106.675759
incident,HI_R024_I070,high_demand,R024,10.755775,106.659805
incident,HI_R024_I071,high_demand,R024,10.735352,106.621802
incident,HI_R024_I072,high_demand,R024,10.744442,106.746712
incident,HI_R024_I073,high_demand,R024,10.799555,106.664965
incident,HI_R024_I074,high_demand,R024,10.797634,106.641189
incident,HI_R024_I075,high_demand,R024,10.750468,106.73549
incident,HI_R024_I076,high_demand,R024,10.807812,106.672185
incident,HI_R024_I077,high_demand,R024,10.761248,106.682289
incident,HI_R024_I078,high_demand,R024,10.697905,106.698262
incident,HI_R024_I079,high_demand,R024,10.745946,106.677637
incident,HI_R024_I080,high_demand,R024,10.754808,106.690633
incident,HI_R024_I081,high_demand,R024,10.728157,106.687407
incident,HI_R024_I082,high_demand,R024,10.770895,106.691458
incident,HI_R024_I083,high_demand,R024,10.789922,106.609733
incident,HI_R024_I084,high_demand,R024,10.818953,106.666776
incident,HI_R024_I085,high_demand,R024,10.755199,106.644448
incident,HI_R024_I086,high_demand,R024,10.789611,106.659596
incident,HI_R024_I087,high_demand,R024,10.76235,106.608999
incident,HI_R024_I088,high_demand,R024,10.752975,106.678989
incident,HI_R024_I089,high_demand,R024,10.729542,106.685323
incident,HI_R024_I090,high_demand,R024,10.824634,106.663541
incident,HI_R024_I091,high_demand,R024,10.747483,106.697984
incident,HI_R024_I092,high_demand,R024,10.76664,106.74355
incident,HI_R024_I093,high_demand,R024,10.748554,106.685911
incident,HI_R024_I094,high_demand,R024,10.738378,106.658803
incident,HI_R024_I095,high_demand,R024,10.750677,106.662638
incident,HI_R024_I096,high_demand,R024,10.764904,106.669826
incident,HI_R024_I097,high_demand,R024,10.775732,106.657223
incident,HI_R024_I098,high_demand,R024,10.781997,106.670231
incident,HI_R024_I099,high_demand,R024,10.722892,106.614526
incident,HI_R024_I100,high_demand,R024,10.784997,106.65605
incident,HI_R025_I001,high_demand,R025,10.712234,106.673425
incident,HI_R025_I002,high_demand,R025,10.79696,106.737535
incident,HI_R025_I003,high_demand,R025,10.751356,106.72394
incident,HI_R025_I004,high_demand,R025,10.752671,106.679272
incident,HI_R025_I005,high_demand,R025,10.761153,106.680958
incident,HI_R025_I006,high_demand,R025,10.75962,106.644035
incident,HI_R025_I007,high_demand,R025,10.739404,106.628017
incident,HI_R025_I008,high_demand,R025,10.77188,106.6495
incident,HI_R025_I009,high_demand,R025,10.805986,106.6642
incident,HI_R025_I010,high_demand,R025,10.723976,106.672167
incident,HI_R025_I011,high_demand,R025,10.726701,106.643415
incident,HI_R025_I012,high_demand,R025,10.78659,106.707685
incident,HI_R025_I013,high_demand,R025,10.744279,106.618806
incident,HI_R025_I014,high_demand,R025,10.791717,106.621668
incident,HI_R025_I015,high_demand,R025,10.737876,106.684241
incident,HI_R025_I016,high_demand,R025,10.736856,106.68159
incident,HI_R025_I017,high_demand,R025,10.770389,106.660666
incident,HI_R025_I018,high_demand,R025,10.768947,106.69939
incident,HI_R025_I019,high_demand,R025,10.712074,106.709774
incident,HI_R025_I020,high_demand,R025,10.790249,106.696971
incident,HI_R025_I021,high_demand,R025,10.800907,106.655606
incident,HI_R025_I022,high_demand,R025,10.797049,106.690136
incident,HI_R025_I023,high_demand,R025,10.744684,106.725734
incident,HI_R025_I024,high_demand,R025,10.758473,106.704486
incident,HI_R025_I025,high_demand,R025,10.784116,106.694896
incident,HI_R025_I026,high_demand,R025,10.761614,106.687944
incident,HI_R025_I027,high_demand,R025,10.732102,106.69971
incident,HI_R025_I028,high_demand,R025,10.748605,106.697736
incident,HI_R025_I029,high_demand,R025,10.732231,106.747067
incident,HI_R025_I030,high_demand,R025,10.813363,106.705338
incident,HI_R025_I031,high_demand,R025,10.828951,106.740182
incident,HI_R025_I032,high_demand,R025,10.762866,106.676066
incident,HI_R025_I033,high_demand,R025,10.793625,106.685634
incident,HI_R025_I034,high_demand,R025,10.799082,106.693271
incident,HI_R025_I035,high_demand,R025,10.747472,106.684351
incident,HI_R025_I036,high_demand,R025,10.785839,106.670073
incident,HI_R025_I037,high_demand,R025,10.782769,106.641186
incident,HI_R025_I038,high_demand,R025,10.769788,106.698853
incident,HI_R025_I039,high_demand,R025,10.788252,106.716124
incident,HI_R025_I040,high_demand,R025,10.752511,106.657291
incident,HI_R025_I041,high_demand,R025,10.770714,106.648877
incident,HI_R025_I042,high_demand,R025,10.726088,106.62919
incident,HI_R025_I043,high_demand,R025,10.772662,106.659912
incident,HI_R025_I044,high_demand,R025,10.781519,106.695975
incident,HI_R025_I045,high_demand,R025,10.760859,106.6996
incident,HI_R025_I046,high_demand,R025,10.810657,106.701536
incident,HI_R025_I047,high_demand,R025,10.803281,106.616426
incident,HI_R025_I048,high_demand,R025,10.755176,106.67746
incident,HI_R025_I049,high_demand,R025,10.743026,106.714469
incident,HI_R025_I050,high_demand,R025,10.746419,106.69166
incident,HI_R025_I051,high_demand,R025,10.764757,106.640176
incident,HI_R025_I052,high_demand,R025,10.751126,106.752809
incident,HI_R025_I053,high_demand,R025,10.741297,106.661445
incident,HI_R025_I054,high_demand,R025,10.731332,106.719687
incident,HI_R025_I055,high_demand,R025,10.789517,106.686216
incident,HI_R025_I056,high_demand,R025,10.774494,106.696939
incident,HI_R025_I057,high_demand,R025,10.740478,106.601379
incident,HI_R025_I058,high_demand,R025,10.806163,106.663373
incident,HI_R025_I059,high_demand,R025,10.741939,106.6755
incident,HI_R025_I060,high_demand,R025,10.76082,106.671204
incident,HI_R025_I061,high_demand,R025,10.772949,106.701147
incident,HI_R025_I062,high_demand,R025,10.798085,106.672874
incident,HI_R025_I063,high_demand,R025,10.759233,106.712524
incident,HI_R025_I064,high_demand,R025,10.770659,106.649932
incident,HI_R025_I065,high_demand,R025,10.805083,106.682677
incident,HI_R025_I066,high_demand,R025,10.79541,106.73195
incident,HI_R025_I067,high_demand,R025,10.786366,106.70044
incident,HI_R025_I068,high_demand,R025,10.737252,106.698909
incident,HI_R025_I069,high_demand,R025,10.803882,106.67572
incident,HI_R025_I070,high_demand,R025,10.762361,106.686509
incident,HI_R025_I071,high_demand,R025,10.775652,106.701069
incident,HI_R025_I072,high_demand,R025,10.764237,106.694618
incident,HI_R025_I073,high_demand,R025,10.764908,106.65551
incident,HI_R025_I074,high_demand,R025,10.804161,106.692663
incident,HI_R025_I075,high_demand,R025,10.73067,106.667734
incident,HI_R025_I076,high_demand,R025,10.813115,106.671589
incident,HI_R025_I077,high_demand,R025,10.82056,106.682359
incident,HI_R025_I078,high_demand,R025,10.739104,106.676844
incident,HI_R025_I079,high_demand,R025,10.75469,106.704331
incident,HI_R025_I080,high_demand,R025,10.750767,106.691229
incident,HI_R025_I081,high_demand,R025,10.767165,106.677569
incident,HI_R025_I082,high_demand,R025,10.796096,106.656737
incident,HI_R025_I083,high_demand,R025,10.778152,106.698227
incident,HI_R025_I084,high_demand,R025,10.775744,106.694624
incident,HI_R025_I085,high_demand,R025,10.76963,106.661947
incident,HI_R025_I086,high_demand,R025,10.743899,106.639348
incident,HI_R025_I087,high_demand,R025,10.770242,106.747157
incident,HI_R025_I088,high_demand,R025,10.737242,106.684924
incident,HI_R025_I089,high_demand,R025,10.763493,106.678035
incident,HI_R025_I090,high_demand,R025,10.757958,106.703437
incident,HI_R025_I091,high_demand,R025,10.762769,106.701364
incident,HI_R025_I092,high_demand,R025,10.743478,106.643231
incident,HI_R025_I093,high_demand,R025,10.763574,106.717322
incident,HI_R025_I094,high_demand,R025,10.792297,106.633209
incident,HI_R025_I095,high_demand,R025,10.768691,106.734869
incident,HI_R025_I096,high_demand,R025,10.763169,106.659684
incident,HI_R025_I097,high_demand,R025,10.80094,106.613771
incident,HI_R025_I098,high_demand,R025,10.766757,106.660966
incident,HI_R025_I099,high_demand,R025,10.78138,106.689125
incident,HI_R025_I100,high_demand,R025,10.778174,106.703985
incident,HI_R026_I001,high_demand,R026,10.754223,106.675254
incident,HI_R026_I002,high_demand,R026,10.755379,106.706724
incident,HI_R026_I003,high_demand,R026,10.768783,106.742586
incident,HI_R026_I004,high_demand,R026,10.742613,106.704989
incident,HI_R026_I005,high_demand,R026,10.787375,106.73406
incident,HI_R026_I006,high_demand,R026,10.77101,106.768463
incident,HI_R026_I007,high_demand,R026,10.767356,106.690492
incident,HI_R026_I008,high_demand,R026,10.758901,106.676283
incident,HI_R026_I009,high_demand,R026,10.761104,106.698325
incident,HI_R026_I010,high_demand,R026,10.777641,106.697184
incident,HI_R026_I011,high_demand,R026,10.774593,106.681784
incident,HI_R026_I012,high_demand,R026,10.787726,106.70396
incident,HI_R026_I013,high_demand,R026,10.803908,106.753309
incident,HI_R026_I014,high_demand,R026,10.779645,106.676934
incident,HI_R026_I015,high_demand,R026,10.762088,106.658655
incident,HI_R026_I016,high_demand,R026,10.715748,106.695536
incident,HI_R026_I017,high_demand,R026,10.772274,106.697654
incident,HI_R026_I018,high_demand,R026,10.765115,106.675098
incident,HI_R026_I019,high_demand,R026,10.728694,106.658884
incident,HI_R026_I020,high_demand,R026,10.713773,106.742003
incident,HI_R026_I021,high_demand,R026,10.73569,106.739875
incident,HI_R026_I022,high_demand,R026,10.737847,106.701016
incident,HI_R026_I023,high_demand,R026,10.747458,106.667808
incident,HI_R026_I024,high_demand,R026,10.770523,106.65885
incident,HI_R026_I025,high_demand,R026,10.754541,106.645767
incident,HI_R026_I026,high_demand,R026,10.790016,106.758949
incident,HI_R026_I027,high_demand,R026,10.75587,106.717945
incident,HI_R026_I028,high_demand,R026,10.782829,106.707053
incident,HI_R026_I029,high_demand,R026,10.743845,106.625502
incident,HI_R026_I030,high_demand,R026,10.768027,106.720196
incident,HI_R026_I031,high_demand,R026,10.757454,106.698941
incident,HI_R026_I032,high_demand,R026,10.760924,106.634336
incident,HI_R026_I033,high_demand,R026,10.732915,106.681734
incident,HI_R026_I034,high_demand,R026,10.790103,106.659505
incident,HI_R026_I035,high_demand,R026,10.77379,106.676034
incident,HI_R026_I036,high_demand,R026,10.770406,106.665727
incident,HI_R026_I037,high_demand,R026,10.738306,106.694038
incident,HI_R026_I038,high_demand,R026,10.809103,106.698812
incident,HI_R026_I039,high_demand,R026,10.750928,106.692653
incident,HI_R026_I040,high_demand,R026,10.767373,106.669186
incident,HI_R026_I041,high_demand,R026,10.81363,106.655904
incident,HI_R026_I042,high_demand,R026,10.78388,106.734095
incident,HI_R026_I043,high_demand,R026,10.78511,106.692601
incident,HI_R026_I044,high_demand,R026,10.770007,106.692085
incident,HI_R026_I045,high_demand,R026,10.71977,106.646772
incident,HI_R026_I046,high_demand,R026,10.77757,106.693794
incident,HI_R026_I047,high_demand,R026,10.755309,106.653288
incident,HI_R026_I048,high_demand,R026,10.830439,106.716795
incident,HI_R026_I049,high_demand,R026,10.75462,106.684439
incident,HI_R026_I050,high_demand,R026,10.754542,106.694674
incident,HI_R026_I051,high_demand,R026,10.848622,106.711666
incident,HI_R026_I052,high_demand,R026,10.751499,106.669647
incident,HI_R026_I053,high_demand,R026,10.756005,106.717904
incident,HI_R026_I054,high_demand,R026,10.766167,106.659321
incident,HI_R026_I055,high_demand,R026,10.728167,106.678227
incident,HI_R026_I056,high_demand,R026,10.776561,106.747983
incident,HI_R026_I057,high_demand,R026,10.730827,106.678795
incident,HI_R026_I058,high_demand,R026,10.784562,106.627061
incident,HI_R026_I059,high_demand,R026,10.773449,106.695175
incident,HI_R026_I060,high_demand,R026,10.710468,106.726083
incident,HI_R026_I061,high_demand,R026,10.792646,106.67008
incident,HI_R026_I062,high_demand,R026,10.805257,106.682329
incident,HI_R026_I063,high_demand,R026,10.784683,106.720951
incident,HI_R026_I064,high_demand,R026,10.72076,106.694687
incident,HI_R026_I065,high_demand,R026,10.762665,106.656474
incident,HI_R026_I066,high_demand,R026,10.796035,106.644183
incident,HI_R026_I067,high_demand,R026,10.798127,106.657457
incident,HI_R026_I068,high_demand,R026,10.781642,106.707718
incident,HI_R026_I069,high_demand,R026,10.769019,106.698422
incident,HI_R026_I070,high_demand,R026,10.792719,106.720787
incident,HI_R026_I071,high_demand,R026,10.768876,106.73864
incident,HI_R026_I072,high_demand,R026,10.767181,106.667553
incident,HI_R026_I073,high_demand,R026,10.765204,106.72883
incident,HI_R026_I074,high_demand,R026,10.781456,106.678358
incident,HI_R026_I075,high_demand,R026,10.724888,106.655627
incident,HI_R026_I076,high_demand,R026,10.789066,106.648664
incident,HI_R026_I077,high_demand,R026,10.752873,106.679291
incident,HI_R026_I078,high_demand,R026,10.76633,106.662694
incident,HI_R026_I079,high_demand,R026,10.778004,106.697298
incident,HI_R026_I080,high_demand,R026,10.746437,106.697947
incident,HI_R026_I081,high_demand,R026,10.778515,106.671494
incident,HI_R026_I082,high_demand,R026,10.816019,106.685466
incident,HI_R026_I083,high_demand,R026,10.764633,106.653097
incident,HI_R026_I084,high_demand,R026,10.76672,106.700519
incident,HI_R026_I085,high_demand,R026,10.774459,106.701269
incident,HI_R026_I086,high_demand,R026,10.768914,106.686579
incident,HI_R026_I087,high_demand,R026,10.801895,106.734971
incident,HI_R026_I088,high_demand,R026,10.795271,106.717224
incident,HI_R026_I089,high_demand,R026,10.819464,106.694588
incident,HI_R026_I090,high_demand,R026,10.760497,106.723901
incident,HI_R026_I091,high_demand,R026,10.783697,106.649094
incident,HI_R026_I092,high_demand,R026,10.743247,106.691114
incident,HI_R026_I093,high_demand,R026,10.757806,106.71757
incident,HI_R026_I094,high_demand,R026,10.766308,106.682174
incident,HI_R026_I095,high_demand,R026,10.800039,106.711084
incident,HI_R026_I096,high_demand,R026,10.821218,106.66474
incident,HI_R026_I097,high_demand,R026,10.802922,106.69873
incident,HI_R026_I098,high_demand,R026,10.747668,106.71808
incident,HI_R026_I099,high_demand,R026,10.725139,106.727829
incident,HI_R026_I100,high_demand,R026,10.7263,106.709788
incident,HI_R027_I001,high_demand,R027,10.757609,106.681392
incident,HI_R027_I002,high_demand,R027,10.779567,106.603457
incident,HI_R027_I003,high_demand,R027,10.718872,106.704395
incident,HI_R027_I004,high_demand,R027,10.767373,106.698285
incident,HI_R027_I005,high_demand,R027,10.768482,106.700138
incident,HI_R027_I006,high_demand,R027,10.78805,106.735497
incident,HI_R027_I007,high_demand,R027,10.693791,106.667067
incident,HI_R027_I008,high_demand,R027,10.766674,106.666517
incident,HI_R027_I009,high_demand,R027,10.78946,106.652407
incident,HI_R027_I010,high_demand,R027,10.740415,106.592372
incident,HI_R027_I011,high_demand,R027,10.801789,106.664971
incident,HI_R027_I012,high_demand,R027,10.762957,106.747046
incident,HI_R027_I013,high_demand,R027,10.756205,106.668478
incident,HI_R027_I014,high_demand,R027,10.822532,106.661211
incident,HI_R027_I015,high_demand,R027,10.80167,106.727713
incident,HI_R027_I016,high_demand,R027,10.738191,106.747359
incident,HI_R027_I017,high_demand,R027,10.785125,106.659203
incident,HI_R027_I018,high_demand,R027,10.783819,106.642313
incident,HI_R027_I019,high_demand,R027,10.777245,106.70008
incident,HI_R027_I020,high_demand,R027,10.76586,106.718172
incident,HI_R027_I021,high_demand,R027,10.746089,106.673379
incident,HI_R027_I022,high_demand,R027,10.791894,106.625935
incident,HI_R027_I023,high_demand,R027,10.798073,106.667194
incident,HI_R027_I024,high_demand,R027,10.755528,106.72985
incident,HI_R027_I025,high_demand,R027,10.795801,106.745634
incident,HI_R027_I026,high_demand,R027,10.752623,106.695109
incident,HI_R027_I027,high_demand,R027,10.760233,106.664662
incident,HI_R027_I028,high_demand,R027,10.799202,106.657675
incident,HI_R027_I029,high_demand,R027,10.746381,106.672752
incident,HI_R027_I030,high_demand,R027,10.729763,106.673627
incident,HI_R027_I031,high_demand,R027,10.779196,106.681312
incident,HI_R027_I032,high_demand,R027,10.776116,106.654047
incident,HI_R027_I033,high_demand,R027,10.781983,106.697464
incident,HI_R027_I034,high_demand,R027,10.795447,106.687027
incident,HI_R027_I035,high_demand,R027,10.789604,106.764781
incident,HI_R027_I036,high_demand,R027,10.757712,106.666535
incident,HI_R027_I037,high_demand,R027,10.763019,106.651928
incident,HI_R027_I038,high_demand,R027,10.755225,106.677043
incident,HI_R027_I039,high_demand,R027,10.741973,106.685913
incident,HI_R027_I040,high_demand,R027,10.776522,106.626766
incident,HI_R027_I041,high_demand,R027,10.728606,106.659169
incident,HI_R027_I042,high_demand,R027,10.779645,106.644725
incident,HI_R027_I043,high_demand,R027,10.774014,106.705493
incident,HI_R027_I044,high_demand,R027,10.758178,106.697851
incident,HI_R027_I045,high_demand,R027,10.781367,106.657945
incident,HI_R027_I046,high_demand,R027,10.751191,106.689492
incident,HI_R027_I047,high_demand,R027,10.756685,106.670949
incident,HI_R027_I048,high_demand,R027,10.767702,106.76339
incident,HI_R027_I049,high_demand,R027,10.750257,106.712096
incident,HI_R027_I050,high_demand,R027,10.782998,106.73645
incident,HI_R027_I051,high_demand,R027,10.799604,106.701317
incident,HI_R027_I052,high_demand,R027,10.790333,106.613528
incident,HI_R027_I053,high_demand,R027,10.763797,106.690687
incident,HI_R027_I054,high_demand,R027,10.782357,106.670022
incident,HI_R027_I055,high_demand,R027,10.761697,106.706821
incident,HI_R027_I056,high_demand,R027,10.756533,106.623883
incident,HI_R027_I057,high_demand,R027,10.765295,106.642877
incident,HI_R027_I058,high_demand,R027,10.792161,106.61002
incident,HI_R027_I059,high_demand,R027,10.742673,106.744107
incident,HI_R027_I060,high_demand,R027,10.7883,106.715301
incident,HI_R027_I061,high_demand,R027,10.747323,106.680078
incident,HI_R027_I062,high_demand,R027,10.807658,106.63259
incident,HI_R027_I063,high_demand,R027,10.769239,106.702876
incident,HI_R027_I064,high_demand,R027,10.735016,106.710512
incident,HI_R027_I065,high_demand,R027,10.749534,106.69489
incident,HI_R027_I066,high_demand,R027,10.774018,106.687816
incident,HI_R027_I067,high_demand,R027,10.780785,106.699002
incident,HI_R027_I068,high_demand,R027,10.751667,106.70277
incident,HI_R027_I069,high_demand,R027,10.761339,106.679182
incident,HI_R027_I070,high_demand,R027,10.78021,106.732662
incident,HI_R027_I071,high_demand,R027,10.737046,106.717704
incident,HI_R027_I072,high_demand,R027,10.773673,106.776557
incident,HI_R027_I073,high_demand,R027,10.802608,106.673161
incident,HI_R027_I074,high_demand,R027,10.740368,106.653939
incident,HI_R027_I075,high_demand,R027,10.796585,106.704076
incident,HI_R027_I076,high_demand,R027,10.770718,106.658992
incident,HI_R027_I077,high_demand,R027,10.753556,106.726806
incident,HI_R027_I078,high_demand,R027,10.760554,106.688354
incident,HI_R027_I079,high_demand,R027,10.792878,106.659271
incident,HI_R027_I080,high_demand,R027,10.794707,106.725525
incident,HI_R027_I081,high_demand,R027,10.752291,106.645552
incident,HI_R027_I082,high_demand,R027,10.756355,106.64248
incident,HI_R027_I083,high_demand,R027,10.76494,106.621213
incident,HI_R027_I084,high_demand,R027,10.7702,106.663407
incident,HI_R027_I085,high_demand,R027,10.769712,106.699126
incident,HI_R027_I086,high_demand,R027,10.739815,106.672345
incident,HI_R027_I087,high_demand,R027,10.791755,106.674686
incident,HI_R027_I088,high_demand,R027,10.741241,106.745909
incident,HI_R027_I089,high_demand,R027,10.775369,106.663223
incident,HI_R027_I090,high_demand,R027,10.754838,106.678134
incident,HI_R027_I091,high_demand,R027,10.803537,106.745205
incident,HI_R027_I092,high_demand,R027,10.774169,106.653581
incident,HI_R027_I093,high_demand,R027,10.733873,106.680544
incident,HI_R027_I094,high_demand,R027,10.768548,106.672562
incident,HI_R027_I095,high_demand,R027,10.762226,106.710351
incident,HI_R027_I096,high_demand,R027,10.73452,106.667354
incident,HI_R027_I097,high_demand,R027,10.726638,106.686939
incident,HI_R027_I098,high_demand,R027,10.795883,106.711482
incident,HI_R027_I099,high_demand,R027,10.751211,106.702066
incident,HI_R027_I100,high_demand,R027,10.754752,106.614255
incident,HI_R028_I001,high_demand,R028,10.762914,106.756708
incident,HI_R028_I002,high_demand,R028,10.801157,106.690551
incident,HI_R028_I003,high_demand,R028,10.74079,106.69223
incident,HI_R028_I004,high_demand,R028,10.806469,106.657824
incident,HI_R028_I005,high_demand,R028,10.747688,106.659523
incident,HI_R028_I006,high_demand,R028,10.794939,106.683716
incident,HI_R028_I007,high_demand,R028,10.789577,106.692654
incident,HI_R028_I008,high_demand,R028,10.762647,106.680991
incident,HI_R028_I009,high_demand,R028,10.785464,106.675641
incident,HI_R028_I010,high_demand,R028,10.758613,106.654202
incident,HI_R028_I011,high_demand,R028,10.815922,106.717846
incident,HI_R028_I012,high_demand,R028,10.757549,106.628659
incident,HI_R028_I013,high_demand,R028,10.768968,106.669762
incident,HI_R028_I014,high_demand,R028,10.73581,106.635425
incident,HI_R028_I015,high_demand,R028,10.764219,106.683422
incident,HI_R028_I016,high_demand,R028,10.783107,106.656678
incident,HI_R028_I017,high_demand,R028,10.772615,106.675626
incident,HI_R028_I018,high_demand,R028,10.723744,106.714951
incident,HI_R028_I019,high_demand,R028,10.765682,106.721179
incident,HI_R028_I020,high_demand,R028,10.777571,106.730497
incident,HI_R028_I021,high_demand,R028,10.781295,106.715749
incident,HI_R028_I022,high_demand,R028,10.746234,106.723563
incident,HI_R028_I023,high_demand,R028,10.792669,106.63678
incident,HI_R028_I024,high_demand,R028,10.762409,106.647386
incident,HI_R028_I025,high_demand,R028,10.814585,106.684
incident,HI_R028_I026,high_demand,R028,10.784901,106.700906
incident,HI_R028_I027,high_demand,R028,10.787719,106.65864
incident,HI_R028_I028,high_demand,R028,10.789388,106.664491
incident,HI_R028_I029,high_demand,R028,10.789567,106.616964
incident,HI_R028_I030,high_demand,R028,10.795466,106.683313
incident,HI_R028_I031,high_demand,R028,10.784831,106.701539
incident,HI_R028_I032,high_demand,R028,10.780891,106.711712
incident,HI_R028_I033,high_demand,R028,10.742644,106.745506
incident,HI_R028_I034,high_demand,R028,10.791638,106.696367
incident,HI_R028_I035,high_demand,R028,10.752749,106.707106
incident,HI_R028_I036,high_demand,R028,10.759139,106.609069
incident,HI_R028_I037,high_demand,R028,10.807172,106.693097
incident,HI_R028_I038,high_demand,R028,10.760256,106.736377
incident,HI_R028_I039,high_demand,R028,10.743938,106.646646
incident,HI_R028_I040,high_demand,R028,10.757542,106.628462
incident,HI_R028_I041,high_demand,R028,10.757013,106.677409
incident,HI_R028_I042,high_demand,R028,10.755102,106.691432
incident,HI_R028_I043,high_demand,R028,10.783228,106.700712
incident,HI_R028_I044,high_demand,R028,10.802984,106.654462
incident,HI_R028_I045,high_demand,R028,10.764818,106.64769
incident,HI_R028_I046,high_demand,R028,10.745092,106.702252
incident,HI_R028_I047,high_demand,R028,10.777949,106.642887
incident,HI_R028_I048,high_demand,R028,10.7793,106.720939
incident,HI_R028_I049,high_demand,R028,10.760172,106.662055
incident,HI_R028_I050,high_demand,R028,10.725639,106.672757
incident,HI_R028_I051,high_demand,R028,10.791336,106.716518
incident,HI_R028_I052,high_demand,R028,10.799625,106.728279
incident,HI_R028_I053,high_demand,R028,10.764486,106.647339
incident,HI_R028_I054,high_demand,R028,10.777184,106.651712
incident,HI_R028_I055,high_demand,R028,10.790925,106.673994
incident,HI_R028_I056,high_demand,R028,10.755831,106.696019
incident,HI_R028_I057,high_demand,R028,10.775694,106.689225
incident,HI_R028_I058,high_demand,R028,10.807946,106.701395
incident,HI_R028_I059,high_demand,R028,10.75745,106.699553
incident,HI_R028_I060,high_demand,R028,10.753612,106.700262
incident,HI_R028_I061,high_demand,R028,10.731607,106.731965
incident,HI_R028_I062,high_demand,R028,10.770578,106.713399
incident,HI_R028_I063,high_demand,R028,10.742555,106.666168
incident,HI_R028_I064,high_demand,R028,10.769229,106.706998
incident,HI_R028_I065,high_demand,R028,10.811891,106.603369
incident,HI_R028_I066,high_demand,R028,10.774635,106.673151
incident,HI_R028_I067,high_demand,R028,10.770169,106.728594
incident,HI_R028_I068,high_demand,R028,10.719994,106.66364
incident,HI_R028_I069,high_demand,R028,10.737316,106.710283
incident,HI_R028_I070,high_demand,R028,10.776599,106.680905
incident,HI_R028_I071,high_demand,R028,10.795272,106.64912
incident,HI_R028_I072,high_demand,R028,10.800882,106.644205
incident,HI_R028_I073,high_demand,R028,10.792866,106.670384
incident,HI_R028_I074,high_demand,R028,10.745681,106.693924
incident,HI_R028_I075,high_demand,R028,10.749257,106.677636
incident,HI_R028_I076,high_demand,R028,10.762472,106.647359
incident,HI_R028_I077,high_demand,R028,10.745503,106.649469
incident,HI_R028_I078,high_demand,R028,10.817531,106.714036
incident,HI_R028_I079,high_demand,R028,10.76935,106.683731
incident,HI_R028_I080,high_demand,R028,10.817304,106.739147
incident,HI_R028_I081,high_demand,R028,10.752145,106.616586
incident,HI_R028_I082,high_demand,R028,10.738721,106.723816
incident,HI_R028_I083,high_demand,R028,10.746843,106.720001
incident,HI_R028_I084,high_demand,R028,10.727427,106.657949
incident,HI_R028_I085,high_demand,R028,10.739324,106.638105
incident,HI_R028_I086,high_demand,R028,10.730059,106.700431
incident,HI_R028_I087,high_demand,R028,10.814622,106.690097
incident,HI_R028_I088,high_demand,R028,10.773339,106.670135
incident,HI_R028_I089,high_demand,R028,10.79354,106.680529
incident,HI_R028_I090,high_demand,R028,10.768943,106.73175
incident,HI_R028_I091,high_demand,R028,10.769845,106.625844
incident,HI_R028_I092,high_demand,R028,10.724963,106.71186
incident,HI_R028_I093,high_demand,R028,10.792308,106.723436
incident,HI_R028_I094,high_demand,R028,10.783867,106.680678
incident,HI_R028_I095,high_demand,R028,10.779871,106.687279
incident,HI_R028_I096,high_demand,R028,10.769668,106.677619
incident,HI_R028_I097,high_demand,R028,10.78859,106.617533
incident,HI_R028_I098,high_demand,R028,10.778174,106.677889
incident,HI_R028_I099,high_demand,R028,10.796119,106.661382
incident,HI_R028_I100,high_demand,R028,10.803839,106.688804
incident,HI_R029_I001,high_demand,R029,10.702108,106.633803
incident,HI_R029_I002,high_demand,R029,10.737342,106.660852
incident,HI_R029_I003,high_demand,R029,10.742959,106.6226
incident,HI_R029_I004,high_demand,R029,10.84755,106.679674
incident,HI_R029_I005,high_demand,R029,10.774498,106.706046
incident,HI_R029_I006,high_demand,R029,10.797189,106.679126
incident,HI_R029_I007,high_demand,R029,10.758698,106.705824
incident,HI_R029_I008,high_demand,R029,10.797646,106.695165
incident,HI_R029_I009,high_demand,R029,10.764759,106.718651
incident,HI_R029_I010,high_demand,R029,10.801664,106.662609
incident,HI_R029_I011,high_demand,R029,10.740281,106.67165
incident,HI_R029_I012,high_demand,R029,10.781401,106.670116
incident,HI_R029_I013,high_demand,R029,10.812559,106.667814
incident,HI_R029_I014,high_demand,R029,10.78832,106.675266
incident,HI_R029_I015,high_demand,R029,10.742739,106.715782
incident,HI_R029_I016,high_demand,R029,10.833775,106.707908
incident,HI_R029_I017,high_demand,R029,10.780369,106.70378
incident,HI_R029_I018,high_demand,R029,10.765542,106.656393
incident,HI_R029_I019,high_demand,R029,10.758069,106.68349
incident,HI_R029_I020,high_demand,R029,10.750063,106.691536
incident,HI_R029_I021,high_demand,R029,10.765673,106.714565
incident,HI_R029_I022,high_demand,R029,10.747613,106.705312
incident,HI_R029_I023,high_demand,R029,10.761003,106.61976
incident,HI_R029_I024,high_demand,R029,10.758546,106.726474
incident,HI_R029_I025,high_demand,R029,10.780786,106.608718
incident,HI_R029_I026,high_demand,R029,10.773178,106.63936
incident,HI_R029_I027,high_demand,R029,10.803522,106.701256
incident,HI_R029_I028,high_demand,R029,10.8044,106.70858
incident,HI_R029_I029,high_demand,R029,10.774514,106.684531
incident,HI_R029_I030,high_demand,R029,10.787362,106.726517
incident,HI_R029_I031,high_demand,R029,10.809223,106.657466
incident,HI_R029_I032,high_demand,R029,10.807057,106.640159
incident,HI_R029_I033,high_demand,R029,10.739352,106.627306
incident,HI_R029_I034,high_demand,R029,10.721062,106.742399
incident,HI_R029_I035,high_demand,R029,10.786479,106.66328
incident,HI_R029_I036,high_demand,R029,10.763338,106.653698
incident,HI_R029_I037,high_demand,R029,10.77105,106.689099
incident,HI_R029_I038,high_demand,R029,10.808062,106.654843
incident,HI_R029_I039,high_demand,R029,10.741753,106.644824
incident,HI_R029_I040,high_demand,R029,10.7564,106.629403
incident,HI_R029_I041,high_demand,R029,10.764839,106.725079
incident,HI_R029_I042,high_demand,R029,10.759972,106.677326
incident,HI_R029_I043,high_demand,R029,10.786112,106.688016
incident,HI_R029_I044,high_demand,R029,10.729155,106.710483
incident,HI_R029_I045,high_demand,R029,10.807853,106.699476
incident,HI_R029_I046,high_demand,R029,10.747469,106.686449
incident,HI_R029_I047,high_demand,R029,10.756097,106.677716
incident,HI_R029_I048,high_demand,R029,10.776151,106.703247
incident,HI_R029_I049,high_demand,R029,10.755821,106.714272
incident,HI_R029_I050,high_demand,R029,10.733391,106.642385
incident,HI_R029_I051,high_demand,R029,10.786527,106.63033
incident,HI_R029_I052,high_demand,R029,10.810658,106.682064
incident,HI_R029_I053,high_demand,R029,10.734507,106.671682
incident,HI_R029_I054,high_demand,R029,10.760723,106.676839
incident,HI_R029_I055,high_demand,R029,10.773262,106.67933
incident,HI_R029_I056,high_demand,R029,10.767565,106.772169
incident,HI_R029_I057,high_demand,R029,10.769939,106.706708
incident,HI_R029_I058,high_demand,R029,10.808858,106.68833
incident,HI_R029_I059,high_demand,R029,10.789138,106.680544
incident,HI_R029_I060,high_demand,R029,10.756053,106.734674
incident,HI_R029_I061,high_demand,R029,10.73652,106.737374
incident,HI_R029_I062,high_demand,R029,10.781424,106.661041
incident,HI_R029_I063,high_demand,R029,10.757793,106.658432
incident,HI_R029_I064,high_demand,R029,10.746161,106.685197
incident,HI_R029_I065,high_demand,R029,10.796786,106.694527
incident,HI_R029_I066,high_demand,R029,10.774903,106.650285
incident,HI_R029_I067,high_demand,R029,10.771236,106.69346
incident,HI_R029_I068,high_demand,R029,10.753104,106.700314
incident,HI_R029_I069,high_demand,R029,10.796129,106.671391
incident,HI_R029_I070,high_demand,R029,10.763485,106.712749
incident,HI_R029_I071,high_demand,R029,10.795148,106.676335
incident,HI_R029_I072,high_demand,R029,10.737554,106.669774
incident,HI_R029_I073,high_demand,R029,10.759118,106.627253
incident,HI_R029_I074,high_demand,R029,10.837451,106.606766
incident,HI_R029_I075,high_demand,R029,10.802672,106.724217
incident,HI_R029_I076,high_demand,R029,10.782077,106.677155
incident,HI_R029_I077,high_demand,R029,10.75586,106.69502
incident,HI_R029_I078,high_demand,R029,10.776322,106.71971
incident,HI_R029_I079,high_demand,R029,10.796673,106.617595
incident,HI_R029_I080,high_demand,R029,10.749454,106.6618
incident,HI_R029_I081,high_demand,R029,10.762313,106.657984
incident,HI_R029_I082,high_demand,R029,10.759181,106.701936
incident,HI_R029_I083,high_demand,R029,10.745921,106.633312
incident,HI_R029_I084,high_demand,R029,10.810416,106.678676
incident,HI_R029_I085,high_demand,R029,10.780583,106.676131
incident,HI_R029_I086,high_demand,R029,10.744523,106.710649
incident,HI_R029_I087,high_demand,R029,10.757966,106.701121
incident,HI_R029_I088,high_demand,R029,10.771651,106.723093
incident,HI_R029_I089,high_demand,R029,10.740136,106.676959
incident,HI_R029_I090,high_demand,R029,10.799311,106.659997
incident,HI_R029_I091,high_demand,R029,10.770582,106.707638
incident,HI_R029_I092,high_demand,R029,10.769914,106.693216
incident,HI_R029_I093,high_demand,R029,10.774924,106.680078
incident,HI_R029_I094,high_demand,R029,10.802136,106.692063
incident,HI_R029_I095,high_demand,R029,10.80443,106.70896
incident,HI_R029_I096,high_demand,R029,10.757411,106.752952
incident,HI_R029_I097,high_demand,R029,10.780466,106.681237
incident,HI_R029_I098,high_demand,R029,10.786739,106.68518
incident,HI_R029_I099,high_demand,R029,10.758472,106.692432
incident,HI_R029_I100,high_demand,R029,10.798297,106.693101
incident,HI_R030_I001,high_demand,R030,10.768865,106.698781
incident,HI_R030_I002,high_demand,R030,10.75988,106.669788
incident,HI_R030_I003,high_demand,R030,10.796011,106.69654
incident,HI_R030_I004,high_demand,R030,10.763486,106.70577
incident,HI_R030_I005,high_demand,R030,10.807842,106.683229
incident,HI_R030_I006,high_demand,R030,10.779484,106.667802
incident,HI_R030_I007,high_demand,R030,10.772635,106.66057
incident,HI_R030_I008,high_demand,R030,10.791475,106.680615
incident,HI_R030_I009,high_demand,R030,10.768932,106.678925
incident,HI_R030_I010,high_demand,R030,10.752772,106.622868
incident,HI_R030_I011,high_demand,R030,10.804391,106.7083
incident,HI_R030_I012,high_demand,R030,10.745836,106.696651
incident,HI_R030_I013,high_demand,R030,10.748297,106.652814
incident,HI_R030_I014,high_demand,R030,10.781563,106.678288
incident,HI_R030_I015,high_demand,R030,10.741877,106.705922
incident,HI_R030_I016,high_demand,R030,10.785053,106.686286
incident,HI_R030_I017,high_demand,R030,10.757363,106.712264
incident,HI_R030_I018,high_demand,R030,10.741758,106.677404
incident,HI_R030_I019,high_demand,R030,10.729455,106.730264
incident,HI_R030_I020,high_demand,R030,10.76386,106.656935
incident,HI_R030_I021,high_demand,R030,10.801219,106.675356
incident,HI_R030_I022,high_demand,R030,10.77497,106.70725
incident,HI_R030_I023,high_demand,R030,10.809638,106.680739
incident,HI_R030_I024,high_demand,R030,10.798696,106.692321
incident,HI_R030_I025,high_demand,R030,10.791316,106.704316
incident,HI_R030_I026,high_demand,R030,10.792377,106.678522
incident,HI_R030_I027,high_demand,R030,10.741345,106.634251
incident,HI_R030_I028,high_demand,R030,10.76653,106.66116
incident,HI_R030_I029,high_demand,R030,10.695756,106.67827
incident,HI_R030_I030,high_demand,R030,10.752179,106.727494
incident,HI_R030_I031,high_demand,R030,10.766543,106.662923
incident,HI_R030_I032,high_demand,R030,10.710884,106.65892
incident,HI_R030_I033,high_demand,R030,10.759592,106.672633
incident,HI_R030_I034,high_demand,R030,10.767108,106.695237
incident,HI_R030_I035,high_demand,R030,10.810138,106.688617
incident,HI_R030_I036,high_demand,R030,10.796386,106.716251
incident,HI_R030_I037,high_demand,R030,10.741007,106.725958
incident,HI_R030_I038,high_demand,R030,10.782186,106.716104
incident,HI_R030_I039,high_demand,R030,10.818174,106.704664
incident,HI_R030_I040,high_demand,R030,10.817326,106.691474
incident,HI_R030_I041,high_demand,R030,10.798985,106.678943
incident,HI_R030_I042,high_demand,R030,10.767553,106.647876
incident,HI_R030_I043,high_demand,R030,10.749572,106.665332
incident,HI_R030_I044,high_demand,R030,10.740523,106.722824
incident,HI_R030_I045,high_demand,R030,10.783671,106.685095
incident,HI_R030_I046,high_demand,R030,10.779402,106.724562
incident,HI_R030_I047,high_demand,R030,10.730132,106.714394
incident,HI_R030_I048,high_demand,R030,10.797945,106.741082
incident,HI_R030_I049,high_demand,R030,10.772917,106.739775
incident,HI_R030_I050,high_demand,R030,10.760012,106.676261
incident,HI_R030_I051,high_demand,R030,10.783923,106.719592
incident,HI_R030_I052,high_demand,R030,10.770252,106.671414
incident,HI_R030_I053,high_demand,R030,10.753465,106.719783
incident,HI_R030_I054,high_demand,R030,10.771799,106.708009
incident,HI_R030_I055,high_demand,R030,10.760125,106.681724
incident,HI_R030_I056,high_demand,R030,10.793298,106.654097
incident,HI_R030_I057,high_demand,R030,10.740439,106.688565
incident,HI_R030_I058,high_demand,R030,10.723586,106.621551
incident,HI_R030_I059,high_demand,R030,10.772303,106.641999
incident,HI_R030_I060,high_demand,R030,10.761841,106.690747
incident,HI_R030_I061,high_demand,R030,10.77435,106.728134
incident,HI_R030_I062,high_demand,R030,10.753722,106.701959
incident,HI_R030_I063,high_demand,R030,10.780467,106.640112
incident,HI_R030_I064,high_demand,R030,10.768641,106.674561
incident,HI_R030_I065,high_demand,R030,10.778446,106.64223
incident,HI_R030_I066,high_demand,R030,10.749362,106.625437
incident,HI_R030_I067,high_demand,R030,10.782225,106.676423
incident,HI_R030_I068,high_demand,R030,10.797554,106.694252
incident,HI_R030_I069,high_demand,R030,10.77685,106.678149
incident,HI_R030_I070,high_demand,R030,10.778003,106.631933
incident,HI_R030_I071,high_demand,R030,10.775482,106.704835
incident,HI_R030_I072,high_demand,R030,10.733114,106.679002
incident,HI_R030_I073,high_demand,R030,10.811114,106.635856
incident,HI_R030_I074,high_demand,R030,10.724339,106.710237
incident,HI_R030_I075,high_demand,R030,10.754416,106.669145
incident,HI_R030_I076,high_demand,R030,10.798676,106.687384
incident,HI_R030_I077,high_demand,R030,10.72999,106.719209
incident,HI_R030_I078,high_demand,R030,10.788689,106.727767
incident,HI_R030_I079,high_demand,R030,10.793099,106.684374
incident,HI_R030_I080,high_demand,R030,10.783695,106.644058
incident,HI_R030_I081,high_demand,R030,10.749306,106.647244
incident,HI_R030_I082,high_demand,R030,10.761295,106.627852
incident,HI_R030_I083,high_demand,R030,10.763222,106.694759
incident,HI_R030_I084,high_demand,R030,10.772349,106.676358
incident,HI_R030_I085,high_demand,R030,10.760356,106.637129
incident,HI_R030_I086,high_demand,R030,10.763725,106.667491
incident,HI_R030_I087,high_demand,R030,10.786954,106.653161
incident,HI_R030_I088,high_demand,R030,10.814316,106.730911
incident,HI_R030_I089,high_demand,R030,10.782361,106.717581
incident,HI_R030_I090,high_demand,R030,10.741847,106.631007
incident,HI_R030_I091,high_demand,R030,10.810178,106.686109
incident,HI_R030_I092,high_demand,R030,10.737968,106.581725
incident,HI_R030_I093,high_demand,R030,10.823676,106.716722
incident,HI_R030_I094,high_demand,R030,10.788326,106.687849
incident,HI_R030_I095,high_demand,R030,10.803732,106.70808
incident,HI_R030_I096,high_demand,R030,10.818665,106.69623
incident,HI_R030_I097,high_demand,R030,10.77196,106.68533
incident,HI_R030_I098,high_demand,R030,10.74798,106.737914
incident,HI_R030_I099,high_demand,R030,10.791751,106.68397
incident,HI_R030_I100,high_demand,R030,10.773039,106.690614
fleet_initial,A01,normal,R001,10.7567859823722,106.69621536423382
fleet_initial,A02,normal,R001,10.771979139191057,106.67341010036743
fleet_initial,A03,normal,R001,10.770811344098004,106.66805067733348
fleet_initial,A04,normal,R001,10.76135500391634,106.64191349665316
fleet_initial,A05,normal,R001,10.763986299413292,106.64127033395224
fleet_initial,A06,normal,R001,10.787585791056056,106.64177080620262
fleet_initial,A07,normal,R001,10.778649001116031,106.69055153260744
fleet_initial,A08,normal,R001,10.74323742469138,106.6339597086754
fleet_initial,A09,normal,R001,10.791574097764146,106.68178046429117
fleet_initial,A10,normal,R001,10.778276331260187,106.67369871905514
fleet_initial,A01,normal,R002,10.762395043435571,106.68674830999728
fleet_initial,A02,normal,R002,10.779899853884006,106.6947294126298
fleet_initial,A03,normal,R002,10.779514118675216,106.71998234186256
fleet_initial,A04,normal,R002,10.760085576265132,106.70313949803702
fleet_initial,A05,normal,R002,10.76730663206014,106.6368994616208
fleet_initial,A06,normal,R002,10.784786143613676,106.71417329882298
fleet_initial,A07,normal,R002,10.749498966419178,106.7180254890636
fleet_initial,A08,normal,R002,10.782077362120914,106.68569803996304
fleet_initial,A09,normal,R002,10.783907222813868,106.66746886504848
fleet_initial,A10,normal,R002,10.790168636274403,106.63361740309294
fleet_initial,A01,normal,R003,10.740846599727774,106.7058048549102
fleet_initial,A02,normal,R003,10.77580120708696,106.71624095644482
fleet_initial,A03,normal,R003,10.764226117844409,106.66714774988704
fleet_initial,A04,normal,R003,10.733045384210378,106.64543841874504
fleet_initial,A05,normal,R003,10.78394923152148,106.6899746784861
fleet_initial,A06,normal,R003,10.74052788255878,106.67739944207835
fleet_initial,A07,normal,R003,10.753318857914891,106.714591361614
fleet_initial,A08,normal,R003,10.761171640443209,106.65377408001164
fleet_initial,A09,normal,R003,10.766046799689706,106.71443363002946
fleet_initial,A10,normal,R003,10.79047796489181,106.69989555767664
fleet_initial,A01,normal,R004,10.751334064215785,106.66732739764888
fleet_initial,A02,normal,R004,10.765453606750926,106.6635703240094
fleet_initial,A03,normal,R004,10.766612046647104,106.69678947817972
fleet_initial,A04,normal,R004,10.74409255195866,106.65878190653412
fleet_initial,A05,normal,R004,10.768875560572,106.70496284266372
fleet_initial,A06,normal,R004,10.731132293712,106.716453056187
fleet_initial,A07,normal,R004,10.785774602217028,106.6984927886984
fleet_initial,A08,normal,R004,10.737998553612751,106.68674526663952
fleet_initial,A09,normal,R004,10.736873605816546,106.655855639575
fleet_initial,A10,normal,R004,10.78281192057462,106.6739420424743
fleet_initial,A01,normal,R005,10.73600208859816,106.658593348979
fleet_initial,A02,normal,R005,10.76972871409001,106.65827745289413
fleet_initial,A03,normal,R005,10.751951635537557,106.6751097016248
fleet_initial,A04,normal,R005,10.778883798258974,106.63047354049198
fleet_initial,A05,normal,R005,10.792735531562569,106.69464938482984
fleet_initial,A06,normal,R005,10.75369484389506,106.68674274563556
fleet_initial,A07,normal,R005,10.7966827197561,106.68480016485626
fleet_initial,A08,normal,R005,10.797833990059246,106.71414887424008
fleet_initial,A09,normal,R005,10.773424786092445,106.67630814119984
fleet_initial,A10,normal,R005,10.789085289668192,106.65382726406315
fleet_initial,A01,normal,R006,10.736400248257503,106.6362357879081
fleet_initial,A02,normal,R006,10.780959229218444,106.64409491220852
fleet_initial,A03,normal,R006,10.746308159253466,106.66037145003946
fleet_initial,A04,normal,R006,10.795509340463596,106.67609502923952
fleet_initial,A05,normal,R006,10.764446792096292,106.69389240351828
fleet_initial,A06,normal,R006,10.77404977715888,106.69686598066926
fleet_initial,A07,normal,R006,10.760832646147884,106.69990621643356
fleet_initial,A08,normal,R006,10.732684683497752,106.7097204192062
fleet_initial,A09,normal,R006,10.75293753874545,106.6591029337653
fleet_initial,A10,normal,R006,10.79031731655439,106.63922096299667
fleet_initial,A01,normal,R007,10.762117586757771,106.64539264345704
fleet_initial,A02,normal,R007,10.769747627398353,106.6898660492866
fleet_initial,A03,normal,R007,10.787580381677945,106.63703747008309
fleet_initial,A04,normal,R007,10.789467003869694,106.63715669662052
fleet_initial,A05,normal,R007,10.794771655670257,106.70038095001472
fleet_initial,A06,normal,R007,10.76552498780903,106.65187152616926
fleet_initial,A07,normal,R007,10.766043251131416,106.6982954684458
fleet_initial,A08,normal,R007,10.773859881886398,106.71660479316698
fleet_initial,A09,normal,R007,10.795722208895972,106.68918092912844
fleet_initial,A10,normal,R007,10.792131738916028,106.66418033346194
fleet_initial,A01,normal,R008,10.77847226314042,106.64248351627174
fleet_initial,A02,normal,R008,10.772967892448102,106.65892378529496
fleet_initial,A03,normal,R008,10.770654832698275,106.71644114548782
fleet_initial,A04,normal,R008,10.740284968147554,106.65550629516856
fleet_initial,A05,normal,R008,10.77656159796031,106.63789037900663
fleet_initial,A06,normal,R008,10.75202632947069,106.63355013571925
fleet_initial,A07,normal,R008,10.759091076994263,106.63013821153918
fleet_initial,A08,normal,R008,10.799817805476126,106.67413547478031
fleet_initial,A09,normal,R008,10.742535169997538,106.66787721873372
fleet_initial,A10,normal,R008,10.781769361534485,106.70970753478026
fleet_initial,A01,normal,R009,10.776804748739329,106.68499982176571
fleet_initial,A02,normal,R009,10.771896273073462,106.69335698364644
fleet_initial,A03,normal,R009,10.755651288432327,106.65644877507654
fleet_initial,A04,normal,R009,10.748990169825852,106.64349899038496
fleet_initial,A05,normal,R009,10.77111951313166,106.6716576101175
fleet_initial,A06,normal,R009,10.745998297946068,106.7100696554298
fleet_initial,A07,normal,R009,10.777146247910668,106.66017042150872
fleet_initial,A08,normal,R009,10.799530515297873,106.67677623173616
fleet_initial,A09,normal,R009,10.756455396649164,106.67436349510952
fleet_initial,A10,normal,R009,10.77505248813165,106.63124152846738
fleet_initial,A01,normal,R010,10.781701376010568,106.63779260009578
fleet_initial,A02,normal,R010,10.766155007724338,106.6591962018166
fleet_initial,A03,normal,R010,10.751714017228965,106.66803490762992
fleet_initial,A04,normal,R010,10.76575343692274,106.65074073669872
fleet_initial,A05,normal,R010,10.76337005839162,106.64556465887372
fleet_initial,A06,normal,R010,10.781616450622112,106.70394756283
fleet_initial,A07,normal,R010,10.751870493292616,106.66664362107406
fleet_initial,A08,normal,R010,10.763651941874562,106.65532782569812
fleet_initial,A09,normal,R010,10.739950034356193,106.66968038385058
fleet_initial,A10,normal,R010,10.776106533278677,106.70736656895234
fleet_initial,A01,normal,R011,10.767673444287542,106.6679597677161
fleet_initial,A02,normal,R011,10.734366015181616,106.66821161224216
fleet_initial,A03,normal,R011,10.78913211326731,106.69444793617336
fleet_initial,A04,normal,R011,10.795151570671592,106.70747139571722
fleet_initial,A05,normal,R011,10.775743223215718,106.63704531027844
fleet_initial,A06,normal,R011,10.787502957803994,106.71801088529406
fleet_initial,A07,normal,R011,10.755316828297108,106.67314516854051
fleet_initial,A08,normal,R011,10.755917521089266,106.69590274218476
fleet_initial,A09,normal,R011,10.781763830457107,106.6546986566871
fleet_initial,A10,normal,R011,10.738440054349256,106.67376549175296
fleet_initial,A01,normal,R012,10.767724586991552,106.69226169235732
fleet_initial,A02,normal,R012,10.78376585759317,106.66294221987287
fleet_initial,A03,normal,R012,10.795202443130645,106.71485941748274
fleet_initial,A04,normal,R012,10.746848795300744,106.66301268859628
fleet_initial,A05,normal,R012,10.77207418596689,106.67925620179096
fleet_initial,A06,normal,R012,10.73222719648058,106.71105914438012
fleet_initial,A07,normal,R012,10.744001773587517,106.68818371270766
fleet_initial,A08,normal,R012,10.777839673685936,106.708032813635
fleet_initial,A09,normal,R012,10.797475971683255,106.66032234127256
fleet_initial,A10,normal,R012,10.770876230117173,106.67828647957673
fleet_initial,A01,normal,R013,10.767980604026004,106.66927260745808
fleet_initial,A02,normal,R013,10.760893992496884,106.7107164411408
fleet_initial,A03,normal,R013,10.74687819931503,106.6509989539004
fleet_initial,A04,normal,R013,10.788741518305038,106.64798649557362
fleet_initial,A05,normal,R013,10.797257651050977,106.63899849630477
fleet_initial,A06,normal,R013,10.750359788057976,106.68883419692136
fleet_initial,A07,normal,R013,10.786404183386615,106.66510958081734
fleet_initial,A08,normal,R013,10.780537508179618,106.69473696997836
fleet_initial,A09,normal,R013,10.783194116481608,106.71595551767813
fleet_initial,A10,normal,R013,10.733847000775832,106.67158749166182
fleet_initial,A01,normal,R014,10.77042044492902,106.6937851399564
fleet_initial,A02,normal,R014,10.76231022218588,106.68152863369625
fleet_initial,A03,normal,R014,10.732997975754298,106.66754529432284
fleet_initial,A04,normal,R014,10.730584243704484,106.66062932131364
fleet_initial,A05,normal,R014,10.739395256197712,106.64918547494936
fleet_initial,A06,normal,R014,10.737126666755357,106.71130159525532
fleet_initial,A07,normal,R014,10.75525903657081,106.66354490617464
fleet_initial,A08,normal,R014,10.756903633531788,106.64649857844526
fleet_initial,A09,normal,R014,10.799242359217748,106.63844924459023
fleet_initial,A10,normal,R014,10.791706977579906,106.66646541257366
fleet_initial,A01,normal,R015,10.753332065184413,106.6989253503839
fleet_initial,A02,normal,R015,10.73785379550491,106.71073143352947
fleet_initial,A03,normal,R015,10.763467836323349,106.67596093681442
fleet_initial,A04,normal,R015,10.756829706695443,106.68479446311925
fleet_initial,A05,normal,R015,10.743628260081207,106.67449379318866
fleet_initial,A06,normal,R015,10.789090351111982,106.6562007681502
fleet_initial,A07,normal,R015,10.777452688637146,106.70449074498586
fleet_initial,A08,normal,R015,10.785198470044504,106.6795023754936
fleet_initial,A09,normal,R015,10.787066346828006,106.69476800664872
fleet_initial,A10,normal,R015,10.735378212133323,106.69467682466734
fleet_initial,A01,normal,R016,10.79383199936831,106.7031507104358
fleet_initial,A02,normal,R016,10.7979781703067,106.69320183691288
fleet_initial,A03,normal,R016,10.74084565710428,106.69304422586822
fleet_initial,A04,normal,R016,10.76431826762481,106.70501600706856
fleet_initial,A05,normal,R016,10.780019719172785,106.68783802268764
fleet_initial,A06,normal,R016,10.747731461687618,106.63904626040204
fleet_initial,A07,normal,R016,10.793395735171115,106.65004258482608
fleet_initial,A08,normal,R016,10.778117032460187,106.70051083667504
fleet_initial,A09,normal,R016,10.776114248195537,106.66128060767208
fleet_initial,A10,normal,R016,10.75649304671819,106.6322318303555
fleet_initial,A01,normal,R017,10.754169960230382,106.64621472774854
fleet_initial,A02,normal,R017,10.735908953285136,106.63572449073408
fleet_initial,A03,normal,R017,10.781497418531806,106.69290341410414
fleet_initial,A04,normal,R017,10.764131040870364,106.66524953311422
fleet_initial,A05,normal,R017,10.793963256931091,106.63733423773436
fleet_initial,A06,normal,R017,10.746567428449287,106.66442499269772
fleet_initial,A07,normal,R017,10.790639757976685,106.71055639910982
fleet_initial,A08,normal,R017,10.7627179808736,106.71402640664316
fleet_initial,A09,normal,R017,10.787993062203132,106.6957580959195
fleet_initial,A10,normal,R017,10.732920409197892,106.67091880731208
fleet_initial,A01,normal,R018,10.77483260450072,106.6692535240921
fleet_initial,A02,normal,R018,10.730674204094187,106.66493477768284
fleet_initial,A03,normal,R018,10.742603330277063,106.69305452009417
fleet_initial,A04,normal,R018,10.782937435877544,106.656538530466
fleet_initial,A05,normal,R018,10.782470871817722,106.7099362747886
fleet_initial,A06,normal,R018,10.76202313255672,106.65321182994772
fleet_initial,A07,normal,R018,10.747458924340137,106.6865783319281
fleet_initial,A08,normal,R018,10.765157399115044,106.68095019178226
fleet_initial,A09,normal,R018,10.79433988759122,106.63205105189644
fleet_initial,A10,normal,R018,10.73528097134598,106.6433608689549
fleet_initial,A01,normal,R019,10.739482098403764,106.70940026379994
fleet_initial,A02,normal,R019,10.792534657040182,106.64130093412136
fleet_initial,A03,normal,R019,10.777389964793018,106.64245580845544
fleet_initial,A04,normal,R019,10.74136085160484,106.64469809562426
fleet_initial,A05,normal,R019,10.777783204932176,106.66813731018864
fleet_initial,A06,normal,R019,10.759051499593111,106.70002285066538
fleet_initial,A07,normal,R019,10.783749140295209,106.63505715313453
fleet_initial,A08,normal,R019,10.760537483188635,106.70910861558052
fleet_initial,A09,normal,R019,10.779563591748303,106.673610697765
fleet_initial,A10,normal,R019,10.746596709571204,106.6379174103158
fleet_initial,A01,normal,R020,10.735694556901691,106.7193588664004
fleet_initial,A02,normal,R020,10.777400569500896,106.674957271099
fleet_initial,A03,normal,R020,10.789806670233215,106.6940940767188
fleet_initial,A04,normal,R020,10.749043836149957,106.67725146914415
fleet_initial,A05,normal,R020,10.755382870719377,106.65982683290756
fleet_initial,A06,normal,R020,10.792597214065102,106.68440348612472
fleet_initial,A07,normal,R020,10.782799764083313,106.71079965475587
fleet_initial,A08,normal,R020,10.780937164099477,106.63559979769296
fleet_initial,A09,normal,R020,10.765760354087972,106.66830007676715
fleet_initial,A10,normal,R020,10.771379058792986,106.68840320857632
fleet_initial,A01,normal,R021,10.752552275605776,106.71054477554353
fleet_initial,A02,normal,R021,10.797195150127934,106.69982180435365
fleet_initial,A03,normal,R021,10.764858779393544,106.69345485651144
fleet_initial,A04,normal,R021,10.776627188333222,106.6523465469609
fleet_initial,A05,normal,R021,10.799052833055708,106.6552217074944
fleet_initial,A06,normal,R021,10.778373529750326,106.69663524139736
fleet_initial,A07,normal,R021,10.755311374734571,106.68974973757616
fleet_initial,A08,normal,R021,10.785383365524616,106.69743785271883
fleet_initial,A09,normal,R021,10.742055089335691,106.66592397830983
fleet_initial,A10,normal,R021,10.77790376665308,106.683155681381
fleet_initial,A01,normal,R022,10.759656768199967,106.71274936274897
fleet_initial,A02,normal,R022,10.745200899484878,106.64759194372604
fleet_initial,A03,normal,R022,10.762200508470274,106.6673394422004
fleet_initial,A04,normal,R022,10.796428456677978,106.67818655650623
fleet_initial,A05,normal,R022,10.755923572571692,106.69438101961548
fleet_initial,A06,normal,R022,10.792031588226632,106.65703571282282
fleet_initial,A07,normal,R022,10.744019079194873,106.65250303382804
fleet_initial,A08,normal,R022,10.739182252034494,106.69617187477914
fleet_initial,A09,normal,R022,10.735210024358633,106.69156282412546
fleet_initial,A10,normal,R022,10.735310526772952,106.70037467058002
fleet_initial,A01,normal,R023,10.7984016457566,106.6772819015301
fleet_initial,A02,normal,R023,10.761736205969957,106.68396727356796
fleet_initial,A03,normal,R023,10.742609379883849,106.71255757358374
fleet_initial,A04,normal,R023,10.743737328589557,106.69820358563038
fleet_initial,A05,normal,R023,10.754629985161705,106.68421635775717
fleet_initial,A06,normal,R023,10.76312915503138,106.68753065030846
fleet_initial,A07,normal,R023,10.751559021143084,106.66288732080427
fleet_initial,A08,normal,R023,10.776899901992564,106.63302082268568
fleet_initial,A09,normal,R023,10.778923797587709,106.65024934333624
fleet_initial,A10,normal,R023,10.789968874910764,106.66330947304655
fleet_initial,A01,normal,R024,10.742793111833546,106.65940270968557
fleet_initial,A02,normal,R024,10.74130004551148,106.68394180140744
fleet_initial,A03,normal,R024,10.767335386536498,106.7111305416784
fleet_initial,A04,normal,R024,10.73287855876487,106.64205473188436
fleet_initial,A05,normal,R024,10.73373099257268,106.6919334866528
fleet_initial,A06,normal,R024,10.795175915111002,106.63832291456282
fleet_initial,A07,normal,R024,10.73246207692809,106.65201281681978
fleet_initial,A08,normal,R024,10.760584207604555,106.67164487317204
fleet_initial,A09,normal,R024,10.753173256955773,106.63909100894348
fleet_initial,A10,normal,R024,10.777343000867036,106.63837743992026
fleet_initial,A01,normal,R025,10.7624200873169,106.68014800362216
fleet_initial,A02,normal,R025,10.791869073917717,106.71906201202589
fleet_initial,A03,normal,R025,10.761712790005848,106.71839778091363
fleet_initial,A04,normal,R025,10.799087687384455,106.71150579949084
fleet_initial,A05,normal,R025,10.754268174422204,106.6627355552332
fleet_initial,A06,normal,R025,10.771430519149648,106.6879570195528
fleet_initial,A07,normal,R025,10.769716020013783,106.69104851880157
fleet_initial,A08,normal,R025,10.795195970203572,106.70059651999004
fleet_initial,A09,normal,R025,10.76845284136446,106.64700197748772
fleet_initial,A10,normal,R025,10.756146216561,106.67269203333557
fleet_initial,A01,normal,R026,10.77051628062585,106.65279660487424
fleet_initial,A02,normal,R026,10.789851844570276,106.6744632182304
fleet_initial,A03,normal,R026,10.744714707614346,106.68929375035351
fleet_initial,A04,normal,R026,10.7445532814619,106.64893132574178
fleet_initial,A05,normal,R026,10.798596121384298,106.71864918261991
fleet_initial,A06,normal,R026,10.773951200621736,106.63889900407094
fleet_initial,A07,normal,R026,10.759048369048347,106.71150107679064
fleet_initial,A08,normal,R026,10.734939637882771,106.63812162830682
fleet_initial,A09,normal,R026,10.759387064172694,106.70607617109712
fleet_initial,A10,normal,R026,10.775236396971602,106.64997045198088
fleet_initial,A01,normal,R027,10.744845065320142,106.65591385256008
fleet_initial,A02,normal,R027,10.791250162095208,106.71070175608662
fleet_initial,A03,normal,R027,10.755346277927462,106.71825294911794
fleet_initial,A04,normal,R027,10.774777540340883,106.6582684875319
fleet_initial,A05,normal,R027,10.769966272393534,106.63157437110804
fleet_initial,A06,normal,R027,10.763639728828872,106.68916583618947
fleet_initial,A07,normal,R027,10.757676292089604,106.63695257201842
fleet_initial,A08,normal,R027,10.771534211718716,106.70234884050556
fleet_initial,A09,normal,R027,10.77124983725512,106.71851060146336
fleet_initial,A10,normal,R027,10.774729469509635,106.68796343864877
fleet_initial,A01,normal,R028,10.796540280103368,106.67287984513182
fleet_initial,A02,normal,R028,10.779996357155357,106.71671741725086
fleet_initial,A03,normal,R028,10.762552547498132,106.69608752131826
fleet_initial,A04,normal,R028,10.757124606153411,106.64843043626544
fleet_initial,A05,normal,R028,10.769381332440563,106.68331247924996
fleet_initial,A06,normal,R028,10.792244797719016,106.67799729192012
fleet_initial,A07,normal,R028,10.788096108254084,106.63451209165854
fleet_initial,A08,normal,R028,10.776507571109857,106.66068737778154
fleet_initial,A09,normal,R028,10.763835381182048,106.71039305775214
fleet_initial,A10,normal,R028,10.761549009994544,106.70723275207466
fleet_initial,A01,normal,R029,10.784343317640069,106.68361404074918
fleet_initial,A02,normal,R029,10.780562029806015,106.64684622095152
fleet_initial,A03,normal,R029,10.758550792105265,106.64772328700724
fleet_initial,A04,normal,R029,10.783900023165137,106.7142674448836
fleet_initial,A05,normal,R029,10.746823724763916,106.71420446635253
fleet_initial,A06,normal,R029,10.79758157118834,106.69261937463622
fleet_initial,A07,normal,R029,10.7437888238623,106.675658224249
fleet_initial,A08,normal,R029,10.75146984960566,106.65312371689872
fleet_initial,A09,normal,R029,10.786496374598906,106.70049508347256
fleet_initial,A10,normal,R029,10.732495954067906,106.66525472024738
fleet_initial,A01,normal,R030,10.735747951585596,106.66242085171052
fleet_initial,A02,normal,R030,10.772127527718265,106.70460631005898
fleet_initial,A03,normal,R030,10.788983548447124,106.6592733220278
fleet_initial,A04,normal,R030,10.739871585596545,106.70658035063012
fleet_initial,A05,normal,R030,10.746776366369986,106.63960588100844
fleet_initial,A06,normal,R030,10.740211798635702,106.71813475153604
fleet_initial,A07,normal,R030,10.759251760010288,106.7149852145035
fleet_initial,A08,normal,R030,10.751562768672814,106.64537385829917
fleet_initial,A09,normal,R030,10.78961225399866,106.63966682372596
fleet_initial,A10,normal,R030,10.791603817509406,106.6782445969364
fleet_initial,A01,peak,R001,10.770495647734442,106.71565495348436
fleet_initial,A02,peak,R001,10.776641397173693,106.67527917236556
fleet_initial,A03,peak,R001,10.7402155461578,106.68058742911438
fleet_initial,A04,peak,R001,10.767602715960352,106.6400975484539
fleet_initial,A05,peak,R001,10.787855218910252,106.65501455630805
fleet_initial,A06,peak,R001,10.780021967931736,106.69985600301906
fleet_initial,A07,peak,R001,10.742799684854829,106.71700178031972
fleet_initial,A08,peak,R001,10.787745757408816,106.70917058812492
fleet_initial,A09,peak,R001,10.744684109009595,106.71119156367988
fleet_initial,A10,peak,R001,10.75026913228862,106.66997314034803
fleet_initial,A01,peak,R002,10.73168267903858,106.68367528417603
fleet_initial,A02,peak,R002,10.77389845510966,106.66641539341587
fleet_initial,A03,peak,R002,10.73634088266392,106.68373295352568
fleet_initial,A04,peak,R002,10.779495438244794,106.64070909020862
fleet_initial,A05,peak,R002,10.764774726281807,106.694760609502
fleet_initial,A06,peak,R002,10.733146484566245,106.6939909681922
fleet_initial,A07,peak,R002,10.786301568899558,106.63945814937858
fleet_initial,A08,peak,R002,10.77499152782036,106.66377532920193
fleet_initial,A09,peak,R002,10.7892956219815,106.64764876378192
fleet_initial,A10,peak,R002,10.731673033964231,106.70197011089756
fleet_initial,A01,peak,R003,10.73743476133823,106.70355749122292
fleet_initial,A02,peak,R003,10.77337533848845,106.64227120991131
fleet_initial,A03,peak,R003,10.772203497329963,106.68476030874264
fleet_initial,A04,peak,R003,10.792390788583951,106.68901174981944
fleet_initial,A05,peak,R003,10.761018907303589,106.673304634882
fleet_initial,A06,peak,R003,10.733468809739865,106.6328288292058
fleet_initial,A07,peak,R003,10.789405210389871,106.65414212062906
fleet_initial,A08,peak,R003,10.756811807146676,106.64192281151206
fleet_initial,A09,peak,R003,10.77916819971491,106.6909556103271
fleet_initial,A10,peak,R003,10.752747569574996,106.6667360638852
fleet_initial,A01,peak,R004,10.73930349461888,106.64741997334048
fleet_initial,A02,peak,R004,10.73639668069992,106.70942135745985
fleet_initial,A03,peak,R004,10.787922493038272,106.66590328895516
fleet_initial,A04,peak,R004,10.735046711907565,106.65544030514798
fleet_initial,A05,peak,R004,10.761964147762344,106.68715433367288
fleet_initial,A06,peak,R004,10.743351344684635,106.71873674748888
fleet_initial,A07,peak,R004,10.743814408288255,106.63777239097746
fleet_initial,A08,peak,R004,10.786450517054677,106.661110318473
fleet_initial,A09,peak,R004,10.76531016812746,106.69780849666166
fleet_initial,A10,peak,R004,10.773316204618128,106.68769026212546
fleet_initial,A01,peak,R005,10.75022407865,106.69264795629957
fleet_initial,A02,peak,R005,10.78041845098795,106.64653328854592
fleet_initial,A03,peak,R005,10.73425214549004,106.67472240235766
fleet_initial,A04,peak,R005,10.772329585456344,106.6514996080235
fleet_initial,A05,peak,R005,10.743511369115527,106.66249994142892
fleet_initial,A06,peak,R005,10.739853744891375,106.64916369571304
fleet_initial,A07,peak,R005,10.748988431706426,106.63783338125788
fleet_initial,A08,peak,R005,10.735197330800789,106.6715134319941
fleet_initial,A09,peak,R005,10.770974291542773,106.69370134865004
fleet_initial,A10,peak,R005,10.744432520415057,106.69401644031456
fleet_initial,A01,peak,R006,10.797060907726484,106.67883450391636
fleet_initial,A02,peak,R006,10.768885929455216,106.70571278094408
fleet_initial,A03,peak,R006,10.756923782429002,106.68658446158344
fleet_initial,A04,peak,R006,10.763632184748444,106.680769531445
fleet_initial,A05,peak,R006,10.773590696526345,106.63645852956355
fleet_initial,A06,peak,R006,10.799816840352529,106.64197834544954
fleet_initial,A07,peak,R006,10.74165310982542,106.67837499642876
fleet_initial,A08,peak,R006,10.76685172500357,106.68964880690166
fleet_initial,A09,peak,R006,10.760521878251428,106.69999272787184
fleet_initial,A10,peak,R006,10.739711962424783,106.7030904627858
fleet_initial,A01,peak,R007,10.757322131287347,106.6314175521298
fleet_initial,A02,peak,R007,10.752485581869704,106.67950506160612
fleet_initial,A03,peak,R007,10.799509638550122,106.67559375178824
fleet_initial,A04,peak,R007,10.767705198181645,106.71177501342494
fleet_initial,A05,peak,R007,10.79124769872609,106.6955665750558
fleet_initial,A06,peak,R007,10.73964211013363,106.66556813312904
fleet_initial,A07,peak,R007,10.757750998460097,106.68227596012038
fleet_initial,A08,peak,R007,10.758246157121675,106.68223711536778
fleet_initial,A09,peak,R007,10.76086005535521,106.65460722116606
fleet_initial,A10,peak,R007,10.741717723947984,106.65664546503136
fleet_initial,A01,peak,R008,10.75804889985595,106.66743525492136
fleet_initial,A02,peak,R008,10.749911303193006,106.64363735225017
fleet_initial,A03,peak,R008,10.731359693962297,106.65726771503658
fleet_initial,A04,peak,R008,10.741195762161352,106.64546001239349
fleet_initial,A05,peak,R008,10.788575407198492,106.64301153228146
fleet_initial,A06,peak,R008,10.771743426510753,106.71374548571116
fleet_initial,A07,peak,R008,10.772521775117266,106.6632647886628
fleet_initial,A08,peak,R008,10.789178778599876,106.65481369394293
fleet_initial,A09,peak,R008,10.793184585651511,106.63591645748129
fleet_initial,A10,peak,R008,10.781239215215754,106.71018182636624
fleet_initial,A01,peak,R009,10.740159727636264,106.71740731679446
fleet_initial,A02,peak,R009,10.775022784682502,106.67068792284384
fleet_initial,A03,peak,R009,10.737695851440018,106.6952697828242
fleet_initial,A04,peak,R009,10.747482216749232,106.66715814500913
fleet_initial,A05,peak,R009,10.739786194355494,106.659721913603
fleet_initial,A06,peak,R009,10.79089995874622,106.68653510900494
fleet_initial,A07,peak,R009,10.774262443837191,106.70915231287746
fleet_initial,A08,peak,R009,10.797052772556112,106.6734870842152
fleet_initial,A09,peak,R009,10.760788217504428,106.63137235967034
fleet_initial,A10,peak,R009,10.761561331937264,106.66440050250225
fleet_initial,A01,peak,R010,10.755615475289025,106.70974274964033
fleet_initial,A02,peak,R010,10.797973563747956,106.64298469752455
fleet_initial,A03,peak,R010,10.769058787370165,106.7110089731783
fleet_initial,A04,peak,R010,10.760461765372654,106.64405579861096
fleet_initial,A05,peak,R010,10.798084944696214,106.65948974753104
fleet_initial,A06,peak,R010,10.78329230315012,106.70676863430045
fleet_initial,A07,peak,R010,10.76844298506077,106.64854604261848
fleet_initial,A08,peak,R010,10.764657268238674,106.67120756966726
fleet_initial,A09,peak,R010,10.761532260049549,106.71337189016228
fleet_initial,A10,peak,R010,10.737511033070852,106.65546962929616
fleet_initial,A01,peak,R011,10.78739308681239,106.68090671156608
fleet_initial,A02,peak,R011,10.73069479600201,106.69702875590492
fleet_initial,A03,peak,R011,10.780983560676088,106.6443296552146
fleet_initial,A04,peak,R011,10.791447722676326,106.66698904937276
fleet_initial,A05,peak,R011,10.742986027947891,106.71702276398398
fleet_initial,A06,peak,R011,10.778150171786406,106.70222444018692
fleet_initial,A07,peak,R011,10.762751467245884,106.6950692550718
fleet_initial,A08,peak,R011,10.771957733574736,106.71573632959792
fleet_initial,A09,peak,R011,10.766527290257804,106.65104561693592
fleet_initial,A10,peak,R011,10.779169110148922,106.68986003091486
fleet_initial,A01,peak,R012,10.794002391635953,106.70903361293055
fleet_initial,A02,peak,R012,10.786232769737278,106.71379922931574
fleet_initial,A03,peak,R012,10.791024113780706,106.66643977768356
fleet_initial,A04,peak,R012,10.73023164945988,106.70750260173186
fleet_initial,A05,peak,R012,10.77522872424407,106.63495429047484
fleet_initial,A06,peak,R012,10.767484127670189,106.71415320964518
fleet_initial,A07,peak,R012,10.74710642693567,106.66992035756876
fleet_initial,A08,peak,R012,10.742878674339057,106.65277881026178
fleet_initial,A09,peak,R012,10.734319863810002,106.66195028042073
fleet_initial,A10,peak,R012,10.78907778865383,106.63185339212048
fleet_initial,A01,peak,R013,10.777437791647108,106.6686109433684
fleet_initial,A02,peak,R013,10.73360022635129,106.672311531363
fleet_initial,A03,peak,R013,10.794975672807697,106.70266815819237
fleet_initial,A04,peak,R013,10.780710481521387,106.71935232924486
fleet_initial,A05,peak,R013,10.73067537592493,106.6398665737616
fleet_initial,A06,peak,R013,10.738738043496747,106.64855017234125
fleet_initial,A07,peak,R013,10.752323555214485,106.691879177728
fleet_initial,A08,peak,R013,10.79771604865932,106.6418721062783
fleet_initial,A09,peak,R013,10.79223920913534,106.68678580388772
fleet_initial,A10,peak,R013,10.759608690917563,106.70042466067903
fleet_initial,A01,peak,R014,10.758762928423405,106.68241892184705
fleet_initial,A02,peak,R014,10.792599103708824,106.68730768949224
fleet_initial,A03,peak,R014,10.797688890129562,106.66702337980696
fleet_initial,A04,peak,R014,10.741206142615416,106.64596110250916
fleet_initial,A05,peak,R014,10.73378372588418,106.632261487685
fleet_initial,A06,peak,R014,10.746227454687958,106.71860739223668
fleet_initial,A07,peak,R014,10.757953637295495,106.67247177937972
fleet_initial,A08,peak,R014,10.76155841466419,106.69820069511502
fleet_initial,A09,peak,R014,10.780368569425171,106.64874422894648
fleet_initial,A10,peak,R014,10.734631338349653,106.66968676425113
fleet_initial,A01,peak,R015,10.760688135418397,106.66012040687792
fleet_initial,A02,peak,R015,10.798437987616513,106.67313955360812
fleet_initial,A03,peak,R015,10.762730364650505,106.67637668617805
fleet_initial,A04,peak,R015,10.735052145421694,106.63500767400956
fleet_initial,A05,peak,R015,10.77843798772516,106.6764861531485
fleet_initial,A06,peak,R015,10.747257906870054,106.6797365904028
fleet_initial,A07,peak,R015,10.733622911641474,106.6792034824041
fleet_initial,A08,peak,R015,10.77995831342977,106.71602337300811
fleet_initial,A09,peak,R015,10.778957826627678,106.6787036638
fleet_initial,A10,peak,R015,10.7431184797877,106.68887329834013
fleet_initial,A01,peak,R016,10.773236886356152,106.6425651371458
fleet_initial,A02,peak,R016,10.775158079400228,106.70675470087843
fleet_initial,A03,peak,R016,10.752220768397004,106.66171402472906
fleet_initial,A04,peak,R016,10.794740915604947,106.69485582012642
fleet_initial,A05,peak,R016,10.747988899583092,106.65474353498642
fleet_initial,A06,peak,R016,10.797054299600052,106.69928329761858
fleet_initial,A07,peak,R016,10.742522568157831,106.68938888044872
fleet_initial,A08,peak,R016,10.767090633856172,106.67187737459616
fleet_initial,A09,peak,R016,10.767626838841888,106.71145212231966
fleet_initial,A10,peak,R016,10.79060412094298,106.6455850089114
fleet_initial,A01,peak,R017,10.790170221827536,106.7075899309978
fleet_initial,A02,peak,R017,10.760746760417389,106.70846275963233
fleet_initial,A03,peak,R017,10.734412056665075,106.71817005857328
fleet_initial,A04,peak,R017,10.737347030944305,106.69486694678984
fleet_initial,A05,peak,R017,10.755279724881408,106.6945773823968
fleet_initial,A06,peak,R017,10.771895554748044,106.71259744417866
fleet_initial,A07,peak,R017,10.785280528632525,106.70481949475858
fleet_initial,A08,peak,R017,10.781260818509972,106.71735652974785
fleet_initial,A09,peak,R017,10.733331895830228,106.70568230936723
fleet_initial,A10,peak,R017,10.774689430252376,106.70404606252158
fleet_initial,A01,peak,R018,10.7899192423483,106.6849638472622
fleet_initial,A02,peak,R018,10.75298939169733,106.69427301901298
fleet_initial,A03,peak,R018,10.76427751000902,106.64426338135496
fleet_initial,A04,peak,R018,10.763484193011587,106.6502972889797
fleet_initial,A05,peak,R018,10.740587987252052,106.68802314024693
fleet_initial,A06,peak,R018,10.78022824353212,106.68409117595156
fleet_initial,A07,peak,R018,10.782039144560503,106.68801801277344
fleet_initial,A08,peak,R018,10.765687335196048,106.65522154437896
fleet_initial,A09,peak,R018,10.756519325739305,106.66059794130038
fleet_initial,A10,peak,R018,10.775276616059662,106.66660226499378
fleet_initial,A01,peak,R019,10.789413284565722,106.66811126661752
fleet_initial,A02,peak,R019,10.744070630342229,106.69296676427489
fleet_initial,A03,peak,R019,10.763123321472026,106.65921861107024
fleet_initial,A04,peak,R019,10.738290745390724,106.6849749469241
fleet_initial,A05,peak,R019,10.736197061102043,106.6566626907857
fleet_initial,A06,peak,R019,10.740037357835744,106.6805502803052
fleet_initial,A07,peak,R019,10.780918026877314,106.71073185959412
fleet_initial,A08,peak,R019,10.777290738165306,106.64392646069764
fleet_initial,A09,peak,R019,10.775780089715594,106.6988137656562
fleet_initial,A10,peak,R019,10.775902386347878,106.70934073410145
fleet_initial,A01,peak,R020,10.742176123032936,106.65652346133776
fleet_initial,A02,peak,R020,10.7362192033979,106.67367124388048
fleet_initial,A03,peak,R020,10.78028406347851,106.71700174257118
fleet_initial,A04,peak,R020,10.74954206496397,106.69470840880382
fleet_initial,A05,peak,R020,10.757260507351251,106.71779563133614
fleet_initial,A06,peak,R020,10.770055385945865,106.67192545029648
fleet_initial,A07,peak,R020,10.741305554684814,106.68128053299908
fleet_initial,A08,peak,R020,10.75533212115536,106.6376746273315
fleet_initial,A09,peak,R020,10.765767681472616,106.66949693601732
fleet_initial,A10,peak,R020,10.787593133371304,106.64506219447244
fleet_initial,A01,peak,R021,10.744575807262915,106.6517591592304
fleet_initial,A02,peak,R021,10.76476555038629,106.71428634444553
fleet_initial,A03,peak,R021,10.746291878561872,106.64385122983091
fleet_initial,A04,peak,R021,10.777096966695066,106.69750785468506
fleet_initial,A05,peak,R021,10.799721249686977,106.63739416202765
fleet_initial,A06,peak,R021,10.793103642681594,106.64593881852008
fleet_initial,A07,peak,R021,10.771983568029547,106.67379875471202
fleet_initial,A08,peak,R021,10.731088262926198,106.67227207322432
fleet_initial,A09,peak,R021,10.789820650123314,106.68787857497266
fleet_initial,A10,peak,R021,10.746299471394163,106.66348780773708
fleet_initial,A01,peak,R022,10.767789222293914,106.66705081916363
fleet_initial,A02,peak,R022,10.79141381687512,106.67311434515696
fleet_initial,A03,peak,R022,10.758135851588554,106.7187964332338
fleet_initial,A04,peak,R022,10.743088130501365,106.66321446946574
fleet_initial,A05,peak,R022,10.740863911791152,106.63967957569162
fleet_initial,A06,peak,R022,10.730311636676214,106.71800721432308
fleet_initial,A07,peak,R022,10.769078305938615,106.68132508638551
fleet_initial,A08,peak,R022,10.780197736749336,106.69407947146846
fleet_initial,A09,peak,R022,10.746202158834366,106.6955771568072
fleet_initial,A10,peak,R022,10.76103378411427,106.65508112757044
fleet_initial,A01,peak,R023,10.789206992849309,106.65429256139625
fleet_initial,A02,peak,R023,10.761137070505097,106.636600365036
fleet_initial,A03,peak,R023,10.733772014157564,106.64460721932925
fleet_initial,A04,peak,R023,10.733064006350215,106.68258482564173
fleet_initial,A05,peak,R023,10.751696936998462,106.70068976498148
fleet_initial,A06,peak,R023,10.796546842794758,106.7026568800384
fleet_initial,A07,peak,R023,10.79852805577566,106.71677264083311
fleet_initial,A08,peak,R023,10.75022166544758,106.6879574406113
fleet_initial,A09,peak,R023,10.748636671428104,106.71756475962476
fleet_initial,A10,peak,R023,10.74764411873551,106.7063714911837
fleet_initial,A01,peak,R024,10.760300633645384,106.68918248431312
fleet_initial,A02,peak,R024,10.7574128117988,106.67003124645753
fleet_initial,A03,peak,R024,10.757959386530736,106.65671859374451
fleet_initial,A04,peak,R024,10.762622599402755,106.65776910093732
fleet_initial,A05,peak,R024,10.778176770139334,106.67376736482966
fleet_initial,A06,peak,R024,10.76022204548526,106.71594376097964
fleet_initial,A07,peak,R024,10.755091061537488,106.68938948384712
fleet_initial,A08,peak,R024,10.734719727271196,106.71051412809082
fleet_initial,A09,peak,R024,10.755605946293947,106.64484925186478
fleet_initial,A10,peak,R024,10.74030324658994,106.64069849388343
fleet_initial,A01,peak,R025,10.778151228309788,106.64521384064165
fleet_initial,A02,peak,R025,10.795600560353098,106.69427321216163
fleet_initial,A03,peak,R025,10.746807321226772,106.71060452570045
fleet_initial,A04,peak,R025,10.731334217959931,106.68730585513644
fleet_initial,A05,peak,R025,10.740971583149204,106.66805466711932
fleet_initial,A06,peak,R025,10.74619344199172,106.65670362588972
fleet_initial,A07,peak,R025,10.764922997526437,106.69896954713296
fleet_initial,A08,peak,R025,10.73149291185555,106.67715506977918
fleet_initial,A09,peak,R025,10.769658394934126,106.67721347555468
fleet_initial,A10,peak,R025,10.782856806309182,106.65731398901444
fleet_initial,A01,peak,R026,10.76076238676704,106.6947692036895
fleet_initial,A02,peak,R026,10.78325451305772,106.67903914398526
fleet_initial,A03,peak,R026,10.742407827176152,106.69093277043854
fleet_initial,A04,peak,R026,10.73932812584202,106.71630346436228
fleet_initial,A05,peak,R026,10.734396270125886,106.69964744693188
fleet_initial,A06,peak,R026,10.751020013383645,106.6605672561338
fleet_initial,A07,peak,R026,10.767853416482822,106.6747873781718
fleet_initial,A08,peak,R026,10.755607403810007,106.66475761548138
fleet_initial,A09,peak,R026,10.766497850392373,106.71836981633888
fleet_initial,A10,peak,R026,10.776664284442251,106.63392855619034
fleet_initial,A01,peak,R027,10.757489058815484,106.69087969132538
fleet_initial,A02,peak,R027,10.73354360185251,106.66790044504816
fleet_initial,A03,peak,R027,10.738101149045026,106.6418168053058
fleet_initial,A04,peak,R027,10.79196380209422,106.63837073791072
fleet_initial,A05,peak,R027,10.745517450751436,106.6771037007848
fleet_initial,A06,peak,R027,10.798729088191472,106.67816629005446
fleet_initial,A07,peak,R027,10.735056730993373,106.69190938625869
fleet_initial,A08,peak,R027,10.756860919597251,106.71833873871716
fleet_initial,A09,peak,R027,10.754703703176014,106.68812366543952
fleet_initial,A10,peak,R027,10.796879420922696,106.71270768459128
fleet_initial,A01,peak,R028,10.75831046866474,106.64139759126374
fleet_initial,A02,peak,R028,10.761036596928058,106.71845262771822
fleet_initial,A03,peak,R028,10.779756706173046,106.68469329805129
fleet_initial,A04,peak,R028,10.78373460944754,106.65964695831414
fleet_initial,A05,peak,R028,10.746363246088714,106.6616707644554
fleet_initial,A06,peak,R028,10.754405934219022,106.69184517790951
fleet_initial,A07,peak,R028,10.748674156832868,106.71297889807684
fleet_initial,A08,peak,R028,10.730412805295742,106.6871701091656
fleet_initial,A09,peak,R028,10.766563349035184,106.64377652911844
fleet_initial,A10,peak,R028,10.796556534142711,106.63768273670898
fleet_initial,A01,peak,R029,10.78127358255238,106.66421031513322
fleet_initial,A02,peak,R029,10.798748877347208,106.71167144285911
fleet_initial,A03,peak,R029,10.74439130978164,106.65300735829784
fleet_initial,A04,peak,R029,10.771687395124872,106.65683988371244
fleet_initial,A05,peak,R029,10.766300917038537,106.65963165988208
fleet_initial,A06,peak,R029,10.791376479976115,106.6677100410662
fleet_initial,A07,peak,R029,10.794417134366824,106.64022842180164
fleet_initial,A08,peak,R029,10.74266929968084,106.69791928743275
fleet_initial,A09,peak,R029,10.74662702448498,106.69818050566938
fleet_initial,A10,peak,R029,10.742675578050434,106.64719124981464
fleet_initial,A01,peak,R030,10.77567184582252,106.69331014837968
fleet_initial,A02,peak,R030,10.74208525413096,106.66705179764034
fleet_initial,A03,peak,R030,10.7876012013447,106.63241607795648
fleet_initial,A04,peak,R030,10.78772485499158,106.69214054975625
fleet_initial,A05,peak,R030,10.799455018765382,106.70901575363298
fleet_initial,A06,peak,R030,10.747779293618484,106.6999928802288
fleet_initial,A07,peak,R030,10.759009113145469,106.63309297391132
fleet_initial,A08,peak,R030,10.75515097502712,106.71948998073096
fleet_initial,A09,peak,R030,10.79088314752798,106.6360567566617
fleet_initial,A10,peak,R030,10.750619276860451,106.6319257292446
fleet_initial,A01,high_demand,R001,10.754621753242738,106.69154329618706
fleet_initial,A02,high_demand,R001,10.750070895778036,106.66627900998724
fleet_initial,A03,high_demand,R001,10.752513582629105,106.6408081473045
fleet_initial,A04,high_demand,R001,10.747543040473754,106.65993324094497
fleet_initial,A05,high_demand,R001,10.75133555577132,106.6672679201514
fleet_initial,A06,high_demand,R001,10.791887717635849,106.67598148538896
fleet_initial,A07,high_demand,R001,10.76922714742907,106.70206994151016
fleet_initial,A08,high_demand,R001,10.745179752967749,106.70337140623516
fleet_initial,A09,high_demand,R001,10.7387818289689,106.6617358294613
fleet_initial,A10,high_demand,R001,10.74144205604513,106.6513765446414
fleet_initial,A01,high_demand,R002,10.762756657703648,106.71559294400684
fleet_initial,A02,high_demand,R002,10.77221210651773,106.68234069874492
fleet_initial,A03,high_demand,R002,10.764794933355828,106.71444448630152
fleet_initial,A04,high_demand,R002,10.768218724577668,106.70714366003456
fleet_initial,A05,high_demand,R002,10.736365298581203,106.70933084975547
fleet_initial,A06,high_demand,R002,10.772752973607147,106.63684081148423
fleet_initial,A07,high_demand,R002,10.77231033760513,106.66178058412645
fleet_initial,A08,high_demand,R002,10.750333643258395,106.6834997097892
fleet_initial,A09,high_demand,R002,10.798700673890435,106.66352218700932
fleet_initial,A10,high_demand,R002,10.744549119608362,106.68049738313294
fleet_initial,A01,high_demand,R003,10.797192060508332,106.67932584071274
fleet_initial,A02,high_demand,R003,10.75874821468514,106.71558221160818
fleet_initial,A03,high_demand,R003,10.743886155579332,106.6738109355827
fleet_initial,A04,high_demand,R003,10.776881817850368,106.6683886283301
fleet_initial,A05,high_demand,R003,10.791286624562522,106.63796686655397
fleet_initial,A06,high_demand,R003,10.788221329102315,106.63298590748006
fleet_initial,A07,high_demand,R003,10.778708319083828,106.66673535177154
fleet_initial,A08,high_demand,R003,10.79410757658412,106.64450058938728
fleet_initial,A09,high_demand,R003,10.735353168162511,106.64874079810744
fleet_initial,A10,high_demand,R003,10.743543578721336,106.7160579817954
fleet_initial,A01,high_demand,R004,10.761673210850336,106.686798385763
fleet_initial,A02,high_demand,R004,10.778739237133504,106.65606839739657
fleet_initial,A03,high_demand,R004,10.757597499525376,106.7013018693976
fleet_initial,A04,high_demand,R004,10.76472530005464,106.65979947473032
fleet_initial,A05,high_demand,R004,10.781237058676767,106.66191974345728
fleet_initial,A06,high_demand,R004,10.759725604875484,106.63183702011275
fleet_initial,A07,high_demand,R004,10.7846775389593,106.70827134702904
fleet_initial,A08,high_demand,R004,10.73546637195035,106.67032686574368
fleet_initial,A09,high_demand,R004,10.787378927083113,106.63959207855478
fleet_initial,A10,high_demand,R004,10.777962934772903,106.71068559836452
fleet_initial,A01,high_demand,R005,10.7311989831474,106.67557647778312
fleet_initial,A02,high_demand,R005,10.77473235975159,106.6650470380258
fleet_initial,A03,high_demand,R005,10.74925514174538,106.70326940454471
fleet_initial,A04,high_demand,R005,10.789160931342748,106.65110626892807
fleet_initial,A05,high_demand,R005,10.730069754223488,106.68457353010174
fleet_initial,A06,high_demand,R005,10.763701940613034,106.6979201174638
fleet_initial,A07,high_demand,R005,10.768987017567175,106.63072856085668
fleet_initial,A08,high_demand,R005,10.7524468051753,106.680202351338
fleet_initial,A09,high_demand,R005,10.75615276266015,106.71892185469216
fleet_initial,A10,high_demand,R005,10.773781499040464,106.680712005836
fleet_initial,A01,high_demand,R006,10.78817795889202,106.68701190119228
fleet_initial,A02,high_demand,R006,10.749490722614071,106.67997622693576
fleet_initial,A03,high_demand,R006,10.797912508819378,106.67116468086137
fleet_initial,A04,high_demand,R006,10.780372265337837,106.70458879016454
fleet_initial,A05,high_demand,R006,10.798634128158213,106.66082428352532
fleet_initial,A06,high_demand,R006,10.771960193307658,106.65174559021668
fleet_initial,A07,high_demand,R006,10.77707434669448,106.67357179687365
fleet_initial,A08,high_demand,R006,10.74383130215934,106.71101787523808
fleet_initial,A09,high_demand,R006,10.74657579674106,106.696267263898
fleet_initial,A10,high_demand,R006,10.740781194777377,106.71068297513092
fleet_initial,A01,high_demand,R007,10.76842870233305,106.63542089749173
fleet_initial,A02,high_demand,R007,10.785684682095273,106.65927268205378
fleet_initial,A03,high_demand,R007,10.7324725576825,106.70066124500184
fleet_initial,A04,high_demand,R007,10.791269237334877,106.67771945620788
fleet_initial,A05,high_demand,R007,10.78391391635348,106.7193678981084
fleet_initial,A06,high_demand,R007,10.778430917948496,106.6669549202314
fleet_initial,A07,high_demand,R007,10.743452112993443,106.70429570751018
fleet_initial,A08,high_demand,R007,10.768860412788994,106.6309633364208
fleet_initial,A09,high_demand,R007,10.782469063103534,106.68718452182864
fleet_initial,A10,high_demand,R007,10.788283487719417,106.6975170575533
fleet_initial,A01,high_demand,R008,10.793019610306324,106.6510124149382
fleet_initial,A02,high_demand,R008,10.73353170226024,106.68409184071264
fleet_initial,A03,high_demand,R008,10.756604060872403,106.69432671166852
fleet_initial,A04,high_demand,R008,10.764227304466118,106.6320500199647
fleet_initial,A05,high_demand,R008,10.748055082851128,106.6948224797385
fleet_initial,A06,high_demand,R008,10.731963375090258,106.70960137022614
fleet_initial,A07,high_demand,R008,10.75730159080379,106.63198479222604
fleet_initial,A08,high_demand,R008,10.7735889437238,106.68541264183528
fleet_initial,A09,high_demand,R008,10.771513320519528,106.70986349408672
fleet_initial,A10,high_demand,R008,10.756525333675524,106.64344708669036
fleet_initial,A01,high_demand,R009,10.757389517800062,106.66504195517044
fleet_initial,A02,high_demand,R009,10.756980882472105,106.69008193313576
fleet_initial,A03,high_demand,R009,10.739052704781743,106.64587961104424
fleet_initial,A04,high_demand,R009,10.772201082573226,106.70942207995655
fleet_initial,A05,high_demand,R009,10.751465573771515,106.69615473455086
fleet_initial,A06,high_demand,R009,10.761891929178129,106.71967234558744
fleet_initial,A07,high_demand,R009,10.770597909023069,106.67893535785484
fleet_initial,A08,high_demand,R009,10.798701727732526,106.68490455983223
fleet_initial,A09,high_demand,R009,10.75226305004156,106.66195122504868
fleet_initial,A10,high_demand,R009,10.76593562930366,106.6364002329054
fleet_initial,A01,high_demand,R010,10.73404316901548,106.68311304680208
fleet_initial,A02,high_demand,R010,10.770051015159469,106.70892705025793
fleet_initial,A03,high_demand,R010,10.741177782365378,106.6410343864878
fleet_initial,A04,high_demand,R010,10.752689851886242,106.65655624390725
fleet_initial,A05,high_demand,R010,10.73331620605375,106.68142584587495
fleet_initial,A06,high_demand,R010,10.782532204528591,106.68054147831256
fleet_initial,A07,high_demand,R010,10.79275593333477,106.66972437566884
fleet_initial,A08,high_demand,R010,10.790002940980957,106.65249645261864
fleet_initial,A09,high_demand,R010,10.730826877359291,106.69927174550511
fleet_initial,A10,high_demand,R010,10.736518787759104,106.63907340564678
fleet_initial,A01,high_demand,R011,10.78114148170378,106.6521714088742
fleet_initial,A02,high_demand,R011,10.764551678663551,106.6879134259233
fleet_initial,A03,high_demand,R011,10.773219418367391,106.6882910695636
fleet_initial,A04,high_demand,R011,10.786999396483882,106.65700633840297
fleet_initial,A05,high_demand,R011,10.760198437121936,106.63708962335414
fleet_initial,A06,high_demand,R011,10.74004521325736,106.66929068150309
fleet_initial,A07,high_demand,R011,10.753232248928004,106.69633571093
fleet_initial,A08,high_demand,R011,10.798504466130016,106.7156059646187
fleet_initial,A09,high_demand,R011,10.73713834342251,106.707296304636
fleet_initial,A10,high_demand,R011,10.785310230932936,106.63688256527853
fleet_initial,A01,high_demand,R012,10.74980640762855,106.67090314669862
fleet_initial,A02,high_demand,R012,10.79523032364967,106.65680929549112
fleet_initial,A03,high_demand,R012,10.784808334427163,106.71717453910404
fleet_initial,A04,high_demand,R012,10.737933011544454,106.65327787600027
fleet_initial,A05,high_demand,R012,10.781993458817311,106.71809400470084
fleet_initial,A06,high_demand,R012,10.73884068258411,106.70113509887452
fleet_initial,A07,high_demand,R012,10.735858839178425,106.67855195884523
fleet_initial,A08,high_demand,R012,10.75521690838772,106.66038741403852
fleet_initial,A09,high_demand,R012,10.758832337083254,106.6410719573998
fleet_initial,A10,high_demand,R012,10.740529806072155,106.63759294636424
fleet_initial,A01,high_demand,R013,10.777465471986766,106.67815541773868
fleet_initial,A02,high_demand,R013,10.73248159682096,106.68462268093629
fleet_initial,A03,high_demand,R013,10.775572502013423,106.65948288847352
fleet_initial,A04,high_demand,R013,10.75349956001874,106.6465498618776
fleet_initial,A05,high_demand,R013,10.737898878446524,106.71487504366988
fleet_initial,A06,high_demand,R013,10.741617763918043,106.69630694102116
fleet_initial,A07,high_demand,R013,10.77389745650479,106.69927625706796
fleet_initial,A08,high_demand,R013,10.73900019907286,106.67520088709269
fleet_initial,A09,high_demand,R013,10.74326848027747,106.7054459605718
fleet_initial,A10,high_demand,R013,10.735406490193974,106.69743453796588
fleet_initial,A01,high_demand,R014,10.75771565208528,106.64277970545028
fleet_initial,A02,high_demand,R014,10.797467672433102,106.70419498021404
fleet_initial,A03,high_demand,R014,10.798043316631867,106.63987284523022
fleet_initial,A04,high_demand,R014,10.73497731977658,106.65199399368784
fleet_initial,A05,high_demand,R014,10.774517781393769,106.64600288847092
fleet_initial,A06,high_demand,R014,10.75642976936559,106.67261800925044
fleet_initial,A07,high_demand,R014,10.733410068694509,106.68652149910984
fleet_initial,A08,high_demand,R014,10.76198746748752,106.70449780289428
fleet_initial,A09,high_demand,R014,10.742306739481242,106.69964746478064
fleet_initial,A10,high_demand,R014,10.784373719682783,106.6480421604003
fleet_initial,A01,high_demand,R015,10.750414230793282,106.63340129239788
fleet_initial,A02,high_demand,R015,10.792396468157502,106.69662018446483
fleet_initial,A03,high_demand,R015,10.743082702796038,106.66741568917784
fleet_initial,A04,high_demand,R015,10.736973977674838,106.71434322669742
fleet_initial,A05,high_demand,R015,10.748906137515844,106.66624868029764
fleet_initial,A06,high_demand,R015,10.789824417041364,106.67840620875108
fleet_initial,A07,high_demand,R015,10.737727207507648,106.64460403511914
fleet_initial,A08,high_demand,R015,10.780388332628192,106.6652949702305
fleet_initial,A09,high_demand,R015,10.750104190643256,106.64874592404672
fleet_initial,A10,high_demand,R015,10.73470187634333,106.71997924619416
fleet_initial,A01,high_demand,R016,10.77905374527489,106.66408085362312
fleet_initial,A02,high_demand,R016,10.73139801192872,106.63447750739148
fleet_initial,A03,high_demand,R016,10.79932957488746,106.67329164232292
fleet_initial,A04,high_demand,R016,10.746251713240566,106.63118917118535
fleet_initial,A05,high_demand,R016,10.764376790181515,106.70340994213424
fleet_initial,A06,high_demand,R016,10.769733252887724,106.68886825843953
fleet_initial,A07,high_demand,R016,10.762649536445709,106.65322265784935
fleet_initial,A08,high_demand,R016,10.78021543069434,106.65740510881751
fleet_initial,A09,high_demand,R016,10.776008179525114,106.70343065281128
fleet_initial,A10,high_demand,R016,10.757504448206468,106.6615213017952
fleet_initial,A01,high_demand,R017,10.764693484648236,106.70602142407132
fleet_initial,A02,high_demand,R017,10.756977726338196,106.7144086176922
fleet_initial,A03,high_demand,R017,10.781424466232291,106.68398150299552
fleet_initial,A04,high_demand,R017,10.785521962400678,106.66484619749453
fleet_initial,A05,high_demand,R017,10.751205388616956,106.69955631913832
fleet_initial,A06,high_demand,R017,10.771622599487308,106.64601547534346
fleet_initial,A07,high_demand,R017,10.777882011050778,106.71029687823932
fleet_initial,A08,high_demand,R017,10.775236672873854,106.67513147136576
fleet_initial,A09,high_demand,R017,10.750404225569527,106.71755742713296
fleet_initial,A10,high_demand,R017,10.769757126902176,106.68852342462984
fleet_initial,A01,high_demand,R018,10.761605775994,106.6757137032178
fleet_initial,A02,high_demand,R018,10.738801138246002,106.67231784922085
fleet_initial,A03,high_demand,R018,10.769282558081487,106.7152022766566
fleet_initial,A04,high_demand,R018,10.744174906673402,106.71656699379568
fleet_initial,A05,high_demand,R018,10.740996711877552,106.63245732832002
fleet_initial,A06,high_demand,R018,10.791716712252352,106.69599083500589
fleet_initial,A07,high_demand,R018,10.772930301173435,106.65142170494344
fleet_initial,A08,high_demand,R018,10.799506390136916,106.67156208191132
fleet_initial,A09,high_demand,R018,10.738949120045582,106.71796739760292
fleet_initial,A10,high_demand,R018,10.76466110559693,106.70255255124113
fleet_initial,A01,high_demand,R019,10.782971863633463,106.70304803069229
fleet_initial,A02,high_demand,R019,10.77390470437729,106.68017265058111
fleet_initial,A03,high_demand,R019,10.77800077217003,106.663567058136
fleet_initial,A04,high_demand,R019,10.758123802791152,106.64399182074465
fleet_initial,A05,high_demand,R019,10.74098428866352,106.65749928773492
fleet_initial,A06,high_demand,R019,10.78827713230796,106.69471739654556
fleet_initial,A07,high_demand,R019,10.734186134044736,106.63200626362796
fleet_initial,A08,high_demand,R019,10.775933011874756,106.68101429574035
fleet_initial,A09,high_demand,R019,10.787727497622845,106.65827852101272
fleet_initial,A10,high_demand,R019,10.737491364080537,106.71706323497114
fleet_initial,A01,high_demand,R020,10.76024054827131,106.64561138380448
fleet_initial,A02,high_demand,R020,10.78342694495652,106.6651351270568
fleet_initial,A03,high_demand,R020,10.794436116451372,106.664128894447
fleet_initial,A04,high_demand,R020,10.739558771510245,106.67782804834552
fleet_initial,A05,high_demand,R020,10.78765413385466,106.6639079465708
fleet_initial,A06,high_demand,R020,10.751830429122505,106.7132939605216
fleet_initial,A07,high_demand,R020,10.79937223134153,106.68160823906732
fleet_initial,A08,high_demand,R020,10.799815965583512,106.69897939237092
fleet_initial,A09,high_demand,R020,10.741544928161208,106.7131133032494
fleet_initial,A10,high_demand,R020,10.77745982974245,106.66862575143692
fleet_initial,A01,high_demand,R021,10.731091087268954,106.71377273003554
fleet_initial,A02,high_demand,R021,10.772294273010306,106.70919067871549
fleet_initial,A03,high_demand,R021,10.785865651850612,106.69859700560062
fleet_initial,A04,high_demand,R021,10.764242330136264,106.63739354240305
fleet_initial,A05,high_demand,R021,10.77167776290268,106.69720877598311
fleet_initial,A06,high_demand,R021,10.754882927811096,106.71844501653402
fleet_initial,A07,high_demand,R021,10.795652006853492,106.666244006915
fleet_initial,A08,high_demand,R021,10.745126535983548,106.70650647574996
fleet_initial,A09,high_demand,R021,10.797551444749192,106.68173736306026
fleet_initial,A10,high_demand,R021,10.781853404558271,106.69332232493282
fleet_initial,A01,high_demand,R022,10.79256072220025,106.64236736389232
fleet_initial,A02,high_demand,R022,10.742155503595765,106.65179816299548
fleet_initial,A03,high_demand,R022,10.789655313936407,106.71722918561524
fleet_initial,A04,high_demand,R022,10.780972214285544,106.70434811780171
fleet_initial,A05,high_demand,R022,10.785371819786423,106.7070087464516
fleet_initial,A06,high_demand,R022,10.759946531032153,106.6808098712551
fleet_initial,A07,high_demand,R022,10.768443380137944,106.71075681007002
fleet_initial,A08,high_demand,R022,10.748807405128684,106.63106189752745
fleet_initial,A09,high_demand,R022,10.76316196313357,106.67657602246138
fleet_initial,A10,high_demand,R022,10.74564664040453,106.69183464600184
fleet_initial,A01,high_demand,R023,10.768064528289052,106.7164341225758
fleet_initial,A02,high_demand,R023,10.735402459672397,106.69932598043468
fleet_initial,A03,high_demand,R023,10.795730691673231,106.68023272231578
fleet_initial,A04,high_demand,R023,10.765051438370362,106.68355162112049
fleet_initial,A05,high_demand,R023,10.775020697814895,106.69284152264186
fleet_initial,A06,high_demand,R023,10.776867905329746,106.67994912711326
fleet_initial,A07,high_demand,R023,10.79053567010277,106.68635566421268
fleet_initial,A08,high_demand,R023,10.793834498953895,106.71411015941406
fleet_initial,A09,high_demand,R023,10.765628865201874,106.67927640531612
fleet_initial,A10,high_demand,R023,10.787916300330885,106.6371731731045
fleet_initial,A01,high_demand,R024,10.796779486163771,106.63099184465916
fleet_initial,A02,high_demand,R024,10.74552846770636,106.68195246242182
fleet_initial,A03,high_demand,R024,10.754816839146578,106.63946532836076
fleet_initial,A04,high_demand,R024,10.797057715198283,106.68447211957444
fleet_initial,A05,high_demand,R024,10.786276320133029,106.64784037009484
fleet_initial,A06,high_demand,R024,10.790752101372442,106.71894030084236
fleet_initial,A07,high_demand,R024,10.752351030048894,106.64188792144284
fleet_initial,A08,high_demand,R024,10.776477630326449,106.70384755349818
fleet_initial,A09,high_demand,R024,10.78049078535448,106.70503797496836
fleet_initial,A10,high_demand,R024,10.744091514847575,106.646008525028
fleet_initial,A01,high_demand,R025,10.79283818982612,106.68853547838016
fleet_initial,A02,high_demand,R025,10.783687557539386,106.71872428133322
fleet_initial,A03,high_demand,R025,10.7759898808993,106.71309585354298
fleet_initial,A04,high_demand,R025,10.78159648531533,106.6846348520142
fleet_initial,A05,high_demand,R025,10.744314983316304,106.69445914584858
fleet_initial,A06,high_demand,R025,10.784439536656624,106.655142612216
fleet_initial,A07,high_demand,R025,10.773835666943272,106.64329476196303
fleet_initial,A08,high_demand,R025,10.744661028605218,106.65548498195356
fleet_initial,A09,high_demand,R025,10.752944775947972,106.68544831243244
fleet_initial,A10,high_demand,R025,10.788948678804612,106.70360022212004
fleet_initial,A01,high_demand,R026,10.743288447073668,106.63880226198886
fleet_initial,A02,high_demand,R026,10.760202381032476,106.67196723986235
fleet_initial,A03,high_demand,R026,10.764877834308706,106.6611201161718
fleet_initial,A04,high_demand,R026,10.76824910548603,106.69897153993108
fleet_initial,A05,high_demand,R026,10.739845809390484,106.65367704623068
fleet_initial,A06,high_demand,R026,10.76358332985401,106.65225118446848
fleet_initial,A07,high_demand,R026,10.781407617180822,106.64503072026844
fleet_initial,A08,high_demand,R026,10.78456266776572,106.679075587777
fleet_initial,A09,high_demand,R026,10.779412977109551,106.68194280914923
fleet_initial,A10,high_demand,R026,10.74220622129756,106.6319897592202
fleet_initial,A01,high_demand,R027,10.793107910186,106.6926151870251
fleet_initial,A02,high_demand,R027,10.788032857515942,106.69244417498064
fleet_initial,A03,high_demand,R027,10.74463888367316,106.64553583217652
fleet_initial,A04,high_demand,R027,10.75732077008658,106.70914735058749
fleet_initial,A05,high_demand,R027,10.785452354051708,106.64626573897328
fleet_initial,A06,high_demand,R027,10.76656164952834,106.6803281082457
fleet_initial,A07,high_demand,R027,10.79748306441721,106.70008208517316
fleet_initial,A08,high_demand,R027,10.756290502367628,106.71979473928776
fleet_initial,A09,high_demand,R027,10.75374404020267,106.66765095208332
fleet_initial,A10,high_demand,R027,10.74094383793294,106.66968125435592
fleet_initial,A01,high_demand,R028,10.7909135660729,106.64656216394232
fleet_initial,A02,high_demand,R028,10.74851582520809,106.71023456892654
fleet_initial,A03,high_demand,R028,10.750285747869327,106.67111926320436
fleet_initial,A04,high_demand,R028,10.758485555240302,106.63441181491756
fleet_initial,A05,high_demand,R028,10.78921399526646,106.68496871790894
fleet_initial,A06,high_demand,R028,10.75755090395968,106.71331047181206
fleet_initial,A07,high_demand,R028,10.737413392240873,106.65329825703184
fleet_initial,A08,high_demand,R028,10.793734809696977,106.70073646273012
fleet_initial,A09,high_demand,R028,10.753113421285752,106.69244074879508
fleet_initial,A10,high_demand,R028,10.79200196046006,106.6656157833376
fleet_initial,A01,high_demand,R029,10.738551736722936,106.69185962332554
fleet_initial,A02,high_demand,R029,10.75204608837786,106.71219827431295
fleet_initial,A03,high_demand,R029,10.754039542329066,106.7188072310392
fleet_initial,A04,high_demand,R029,10.798253081047184,106.65018912081024
fleet_initial,A05,high_demand,R029,10.738551829811346,106.63527461122683
fleet_initial,A06,high_demand,R029,10.777176329214466,106.65068435998474
fleet_initial,A07,high_demand,R029,10.732340348782689,106.65712737263034
fleet_initial,A08,high_demand,R029,10.73694138443931,106.638391138894
fleet_initial,A09,high_demand,R029,10.783899215986636,106.65160217716424
fleet_initial,A10,high_demand,R029,10.759065042055123,106.69547322674302
fleet_initial,A01,high_demand,R030,10.760461742446417,106.63490742729265
fleet_initial,A02,high_demand,R030,10.782619068883749,106.66127934115784
fleet_initial,A03,high_demand,R030,10.736827212050375,106.63120555955668
fleet_initial,A04,high_demand,R030,10.738322341391433,106.6841994488382
fleet_initial,A05,high_demand,R030,10.768372535901342,106.67356989685469
fleet_initial,A06,high_demand,R030,10.778473232086972,106.65445148454027
fleet_initial,A07,high_demand,R030,10.768107746906429,106.70942554719632
fleet_initial,A08,high_demand,R030,10.743526401128983,106.64734827401648
fleet_initial,A09,high_demand,R030,10.76204575152637,106.71265020166616
fleet_initial,A10,high_demand,R030,10.771943342902556,106.64546909854454
hospital,H001,,,10.757879,106.659528
hospital,H002,,,10.775036,106.667585
hospital,H003,,,10.803963,106.694203
hospital,H004,,,10.770848,106.659957
hospital,H005,,,10.768647,106.686545
hospital,H006,,,10.768907,106.670338
charger,C001,,,10.769,106.667
charger,C002,,,10.782,106.681
charger,C003,,,10.755,106.65
charger,C004,,,10.797,106.705
